mtllib model.mtl
v 0.5820804 14.551224 0.7592547
vt 0.84373 0.057309985
vn 0.47438368 0.030970566 0.87977326
v 0.7954303 14.833534 0.62559485
vt 0.99201 0.6638
vn 0.8359185 -0.1477336 0.52859724
v 0.7702603 14.544583 0.6066648
vt 0.97636 0.031459987
vn 0.8518814 -0.08514254 0.51676774
v 0.61144036 14.838933 0.7816647
vt 0.86767 0.66854
vn 0.45535046 -0.11800961 0.88245666
v 0.80355024 14.932983 0.6375048
vt 0.99665 0.88744
vn 0.5989486 -0.6426709 0.47773916
v 0.62691027 14.941935 0.7872047
vt 0.87782 0.9119
vn 0.3408934 -0.6431263 0.6856969
v 0.26335037 14.839864 0.8718548
vt 0.66469 0.66612
vn 0.30948538 -0.28129154 0.9083468
v 0.36201036 14.948784 0.8906347
vt 0.72787 0.92279
vn 0.25555024 -0.7009685 0.66583574
v 0.15342039 14.861544 0.9493648
vt 0.5947 0.70823
vn 0.37527934 -0.2872873 0.881267
v 4.138526E-07 14.951474 0.9973147
vt 0.50041 0.93439
vn 2.6838464E-07 -0.60691583 0.7947661
v 4.2407873E-07 14.865104 0.9894546
vt 0.50031 0.70897
vn 1.9585126E-07 -0.1807011 0.98353803
v -0.15341958 14.861544 0.9493647
vt 0.40624 0.70823
vn -0.37527895 -0.2872874 0.88126713
v -0.36200958 14.948784 0.8906347
vt 0.2826 0.92279
vn -0.25554967 -0.70096856 0.66583586
v -0.2633496 14.839864 0.8718548
vt 0.33698 0.66612
vn -0.309485 -0.2812917 0.9083469
v -0.62690955 14.941935 0.78720474
vt 0.12983 0.90529
vn -0.34089288 -0.64312655 0.685697
v -0.6114395 14.838933 0.7816648
vt 0.13485003 0.66854
vn -0.45535025 -0.11800976 0.8824568
v -0.8035495 14.932983 0.6375048
vt 0.0063300133 0.88414
vn -0.59894836 -0.6426711 0.47773927
v -0.79542947 14.833534 0.62559485
vt 0.011020005 0.6638
vn -0.83591837 -0.14773388 0.5285974
v -0.58207947 14.551224 0.75925475
vt 0.15920997 0.057309985
vn -0.47438344 0.030970432 0.8797734
v -0.77025944 14.544583 0.60666484
vt 0.026549995 0.031459987
vn -0.8518813 -0.085142806 0.5167678
v -0.27847955 14.574874 0.8412248
vt 0.32777 0.101830006
vn -0.2419532 0.101289794 0.96498656
v -0.16146955 14.705645 0.8658448
vt 0.39905 0.37926
vn -0.4125042 -0.19374746 0.8901136
v -0.09194956 14.735484 0.92845476
vt 0.44296002 0.41973996
vn -0.5069784 -0.133571 0.8515467
v 4.376127E-07 14.737024 0.96729475
vt 0.50049 0.43684
vn 1.43059E-07 0.050127562 0.9987428
v 0.091950424 14.735484 0.9284547
vt 0.5582 0.41973996
vn 0.5069786 -0.13357083 0.8515466
v 0.16147041 14.705645 0.8658448
vt 0.60228 0.37926
vn 0.41250455 -0.1937473 0.8901135
v 0.27848038 14.574874 0.8412248
vt 0.67385 0.101830006
vn 0.24195343 0.10128986 0.9649865
v -0.13671955 14.594783 0.8759947
vt 0.41434002 0.13858998
vn -0.5668633 0.11666305 0.8155095
v -0.07111954 14.618953 0.9519448
vt 0.45591998 0.20225
vn -0.64053637 0.24694937 0.72713774
v 4.5607885E-07 14.624814 0.9904548
vt 0.50041 0.21766996
vn 2.2200412E-08 0.47781035 0.87846303
v 0.07112045 14.618953 0.95194477
vt 0.54504 0.20225
vn 0.64053637 0.24694952 0.7271377
v 0.13672042 14.594783 0.8759947
vt 0.58677 0.13858998
vn 0.5668635 0.11666321 0.8155094
o Mesh_0
g polygon_0
usemtl Joint_0_Object_0_Material_0
f 1/1/1 3/3/3 2/2/2
f 4/4/4 1/1/1 2/2/2
f 4/4/4 2/2/2 5/5/5
f 4/4/4 5/5/5 6/6/6
f 7/7/7 4/4/4 6/6/6
f 7/7/7 6/6/6 8/8/8
f 9/9/9 7/7/7 8/8/8
f 9/9/9 8/8/8 10/10/10
f 11/11/11 9/9/9 10/10/10
f 12/12/12 11/11/11 10/10/10
f 12/12/12 10/10/10 13/13/13
f 14/14/14 12/12/12 13/13/13
f 14/14/14 13/13/13 15/15/15
f 16/16/16 14/14/14 15/15/15
f 16/16/16 15/15/15 17/17/17
f 16/16/16 17/17/17 18/18/18
f 19/19/19 16/16/16 18/18/18
f 19/19/19 18/18/18 20/20/20
f 16/16/16 19/19/19 21/21/21
f 14/14/14 16/16/16 21/21/21
f 14/14/14 21/21/21 22/22/22
f 12/12/12 14/14/14 22/22/22
f 12/12/12 22/22/22 23/23/23
f 11/11/11 12/12/12 23/23/23
f 11/11/11 23/23/23 24/24/24
f 11/11/11 24/24/24 25/25/25
f 9/9/9 11/11/11 25/25/25
f 9/9/9 25/25/25 26/26/26
f 7/7/7 9/9/9 26/26/26
f 7/7/7 26/26/26 27/27/27
f 4/4/4 7/7/7 27/27/27
f 4/4/4 27/27/27 1/1/1
f 22/22/22 21/21/21 28/28/28
f 23/23/23 22/22/22 28/28/28
f 23/23/23 28/28/28 29/29/29
f 24/24/24 23/23/23 29/29/29
f 24/24/24 29/29/29 30/30/30
f 24/24/24 30/30/30 31/31/31
f 25/25/25 24/24/24 31/31/31
f 25/25/25 31/31/31 32/32/32
f 26/26/26 25/25/25 32/32/32
f 26/26/26 32/32/32 27/27/27
v 0.71717024 14.275515 -0.47831511
vt 0.064965725 0.2275685
vn -0.30773005 -0.9498153 -0.05615357
v 0.59582025 14.397334 -0.3920852
vt 0.061699867 0.23238295
vn 0.21149333 -0.96922916 -0.12595801
v 0.7554002 14.368573 -0.123085216
vt 0.06478524 0.23238295
vn -0.33276936 -0.63062656 -0.70112383
v 0.78219026 13.970593 -0.44436514
vt 0.06749022 0.21812099
vn 0.580822 -0.56012034 -0.590687
v -0.7553996 14.368573 -0.12308521
vn 0.34240824 -0.6284408 -0.69844025
v -0.59581965 14.397334 -0.3920852
vn -0.21149294 -0.9692293 -0.12595804
v -0.71716964 14.275515 -0.47831511
vn 0.3077305 -0.94981515 -0.056153573
v -0.78218955 13.970593 -0.44436514
vn -0.58082193 -0.5601205 -0.59068686
vt 0.3930713 0.9237656
v 0.63431025 14.187034 -0.06473519
vt 0.36552215 0.9071869
vn 0.57346743 -0.5863993 -0.57207596
vt 0.36832714 0.92273825
v 0.5303102 14.104883 -0.4000252
vt 0.39146852 0.9075296
vn 0.9354945 -0.2756608 -0.22104587
v 0.4587203 14.062953 -0.032425176
vt 0.35955155 0.895846
vn 0.78047097 -0.62089074 -0.07321032
v 0.41787034 13.741524 -0.14063129
vt 0.3681469 0.87161285
vn 0.9362672 -0.15529676 0.315098
v 0.30079043 13.647003 0.05846876
vt 0.3519981 0.8650255
vn 0.7858063 -0.1996057 0.58537686
v 0.31892037 13.919825 0.11074482
vt 0.34496546 0.88603574
vn 0.5934472 -0.7855814 0.17516379
v 0.14366046 13.579224 0.19403869
vt 0.3409984 0.86031204
vn 0.5324628 -0.19519934 0.8236387
v 0.15770042 13.844093 0.20538479
vt 0.3344065 0.8799524
vn 0.49857444 -0.7392206 0.45274335
v 4.84637E-07 13.546534 0.2538587
vt 0.3361498 0.8580356
vn 2.0802399E-07 -0.23992923 0.97079045
v 4.5574643E-07 13.797684 0.2821648
vt 0.3298384 0.877092
vn 2.7358118E-07 -0.9573941 0.2887847
v -0.15769956 13.844093 0.20538479
vn -0.49857402 -0.7392208 0.4527434
v -0.1436595 13.579224 0.19403869
vn -0.5324625 -0.19519953 0.8236388
v -0.31891954 13.919825 0.11074482
vn -0.59344685 -0.78558165 0.17516382
v -0.30078954 13.647003 0.05846876
vn -0.7858061 -0.19960597 0.585377
v -0.45871958 14.062953 -0.03242517
vn -0.7804708 -0.6208909 -0.07321032
v -0.4178695 13.741524 -0.14063129
vn -0.93626714 -0.15529704 0.31509802
v -0.5303096 14.104883 -0.40002513
vn -0.93549436 -0.27566102 -0.22104584
v -0.63430965 14.187034 -0.064735174
vn -0.5734674 -0.5863995 -0.57207596
v -0.38953972 14.429503 -0.7243951
vt 0.4130069 0.9248332
vn -0.18018629 -0.9829296 0.037179608
v -0.3594197 14.197484 -0.717535
vt 0.4085992 0.9103294
vn -0.579919 0.001683356 -0.81467247
v 2.1135997E-07 14.411923 -0.76777506
vt 0.4195987 0.924954
vn 1.4273229E-07 -0.89158577 -0.45285192
v 2.350771E-07 14.198514 -0.797185
vt 0.41458988 0.91040987
vn -1.9017946E-07 0.15402022 -0.9880677
v 0.35942024 14.197484 -0.7175351
vn 0.5799187 0.0016835297 -0.8146726
v 0.38954014 14.429503 -0.72439504
vn 0.18018673 -0.9829295 0.037179593
v 0.90076023 14.914754 0.28227466
vt 0.9618868 0.9969486
vn 0.7098007 -0.6461218 0.28055218
vt 0.76279134 0.9633082
vt 0.76212996 0.9969486
v 0.90071017 14.824414 0.1785247
vt 0.9618868 0.9633082
vn 0.91252875 -0.28686538 0.29154697
vt 0.7363281 0.9375
v 0.86350024 14.539644 0.17155474
vt 0.8847656 0.9160156
vn 0.9697958 -0.19855067 0.1416818
v 0.87477016 14.5422735 -0.015425213
vt 0.97265625 0.9199219
vn 0.9184603 -0.26519167 0.293435
v 0.80501026 14.348264 0.19741474
vt 0.90625 0.7011719
vn 0.9384611 -0.3267227 0.11199557
v 0.81329024 14.338984 -0.035185203
vt 0.984375 0.7207031
vn 0.8027585 -0.595676 -0.027365174
v 0.72016037 14.164993 0.25875473
vt 0.8691406 0.4921875
vn 0.8371341 -0.5419014 0.07449409
v 0.66015 14.178884 0.62400585
vt 0.6796875 0.48177087
vn 0.77844983 -0.42199135 0.46469256
v 0.7402704 14.400594 0.6246248
vt 0.7420943 0.71338147
vn 0.84568 -0.2266494 0.48317227
v 0.5742204 14.420234 0.7787347
vt 0.6074219 0.76953125
vn 0.5130458 -0.044613536 0.8572011
vt 0.58203125 0.96484375
v 0.2922204 14.461304 0.87640476
vt 0.37890625 0.7910156
vn 0.3097286 0.13098784 0.9417592
vt 0.36914062 0.9667969
v 0.14592001 14.470034 0.91974586
vt 0.18055212 0.8116238
vn 0.65325445 0.27307978 0.70617706
vt 0.16560543 0.97128516
vt 0.08207625 0.99622345
v 0.52676 14.236374 0.76345587
vt 0.5625 0.55859375
vn 0.49716392 -0.2830143 0.82020175
v 0.29309 14.302974 0.87518585
vt 0.37304688 0.66015625
vn 0.3808348 -0.092609525 0.9199937
v 0.16034001 14.324584 0.9216958
vt 0.21876013 0.69549376
vn 0.5939297 -0.07956972 0.8005724
v 0.29685 14.209274 0.8587458
vt 0.31503224 0.53260916
vn 0.47806263 -0.0233068 0.8780165
v 0.36969 14.188463 0.81686586
vt 0.41224545 0.5234437
vn 0.46021214 -0.15892617 0.8734685
v 0.29837 14.153093 0.85876584
vt 0.31378984 0.4749772
vn 0.42688257 -0.5599279 0.7101071
v 0.6124103 14.049125 0.34471467
vt 0.8066406 0.37304688
vn 0.71739495 -0.6951513 0.045925725
v 0.7194403 14.181554 -0.02524519
vt 0.95703125 0.5527344
vn 0.6775301 -0.6070746 -0.41522694
v 0.6154603 14.056073 0.01580482
vt 0.9296875 0.3671875
vn 0.45852378 -0.7713388 -0.44135287
vt 0.9863281 0.6738281
vt 0.9824219 0.5390625
vt 0.9453125 0.34179688
vt 0.765625 0.33007812
v -0.29753947 13.845464 0.6053448
vt 0.26796818 0.31114596
vn -0.4487906 -0.8887458 0.09337017
vt 0.21960169 0.2772436
v -0.16266948 13.7894335 0.6883447
vt 0.1022923 0.28818178
vn -0.32400903 -0.9339269 0.15099241
vt 0.0064613223 0.25772405
v 5.2742234E-07 13.774263 0.7239047
vt 0.0064613223 0.27982205
vn 1.406561E-07 -0.966459 0.2568211
v 0.1626705 13.7894335 0.6883447
vn 0.3240092 -0.9339268 0.15099244
v 0.2975405 13.845464 0.6053448
vn 0.44879082 -0.8887456 0.09337023
v -0.2932395 14.033633 0.7755248
vt 0.30723816 0.36118376
vn -0.4308405 -0.38400346 0.8166504
v -0.40538943 13.947253 0.6832948
vt 0.4061948 0.36752903
vn -0.5344951 -0.58742213 0.6076595
v -0.39382946 14.064494 0.7446548
vt 0.41581202 0.3851953
vn -0.38026574 -0.39230728 0.8375518
v -0.26959947 13.888514 0.7454947
vt 0.26796818 0.33143097
vn -0.5412148 -0.5339151 0.6496316
v -0.15469946 13.848284 0.8186148
vt 0.10469675 0.3088696
vn -0.39226466 -0.5385257 0.7457335
v 5.4124484E-07 13.832834 0.8629548
vt 0.0064613223 0.30198038
vn 9.885344E-08 -0.40973118 0.9122063
v 0.1547005 13.848284 0.8186148
vn 0.3922648 -0.5385256 0.7457336
v 0.26960048 13.888514 0.7454948
vn 0.54121494 -0.533915 0.64963156
v 0.40539044 13.947253 0.6832948
vn 0.5344953 -0.587422 0.6076596
v 0.29324046 14.033633 0.77552485
vn 0.4308406 -0.3840034 0.81665033
v 0.39383042 14.064494 0.7446548
vn 0.38026586 -0.3923072 0.8375518
v 0.19779047 14.014304 0.8134547
vt 0.21307003 0.34218794
vn 0.43212926 -0.3953371 0.81053865
v 0.0946405 14.002464 0.84769475
vt 0.10641974 0.3288324
vn 0.3061444 -0.41511738 0.8567107
v 5.213619E-07 13.994544 0.87292475
vt 0.0064613223 0.3225475
vn 1.13611485E-07 -0.5492542 0.8356554
v -0.09463947 14.002464 0.84769475
vn -0.3061443 -0.4151175 0.8567107
v -0.19778946 14.014304 0.81345475
vn -0.43212917 -0.39533722 0.81053865
v 0.40660015 14.284564 -0.8692249
vt 0.055709243 0.2275685
vn -0.13376738 -0.96638805 0.21954595
v 0.58845013 14.276814 -0.75249505
vt 0.06105882 0.2275685
vn -0.20684294 -0.93395114 0.29146412
v 0.54233027 13.915593 -0.925605
vt 0.06043762 0.21812099
vn 0.7821886 -0.53809536 -0.3140612
vt 0.05600971 0.23238295
v 0.6770302 13.958144 -0.690475
vt 0.0642845 0.21812099
vn 0.7539818 -0.38582382 -0.53164965
v -0.40659973 14.284564 -0.86922497
vn 0.13376789 -0.966388 0.21954595
v -0.13214979 14.287244 -0.938995
vt 0.048716784 0.2275685
vn -0.21625999 -0.9685119 0.12335479
v -0.29929972 13.978174 -0.99775493
vt 0.05350536 0.21812099
vn -0.3592 -0.2888026 -0.8874505
vt 0.0439682 0.23238295
v 2.1377559E-07 13.967323 -1.1317849
vt 0.0439682 0.21812099
vn 2.4563846E-07 -0.9989987 0.044739563
v 0.13215017 14.287244 -0.938995
vn 0.21626048 -0.96851176 0.123354785
v 0.2993002 13.978174 -0.997755
vn 0.35919988 -0.28880253 -0.88745064
v 0.97925013 14.854663 -0.3854652
vt 0.07033527 0.21096987
vn 0.76650053 -0.62472874 -0.14896661
v 0.95700014 14.828524 -0.06351523
vt 0.06979418 0.19991076
vn 0.9414407 -0.33373103 0.04809407
v 0.9835201 14.879294 -0.063635245
vt 0.07089633 0.21096987
vn 0.70234764 -0.71183413 -0.00029787028
v 0.8664901 14.427904 -0.4031952
vt 0.067309976 0.15704435
vn 0.9271876 -0.31450203 -0.20349836
vt 0.06478524 0.15704435
vt 0.06749022 0.13949883
vt 0.064965725 0.14834207
v 0.7368402 14.427254 -0.6665651
vt 0.06380373 0.15704435
vn 0.8366959 -0.2583024 -0.48292837
vt 0.0642845 0.13949883
vt 0.06105882 0.14834207
v 0.61094016 14.428363 -0.85338503
vt 0.059656322 0.15704435
vn 0.6283952 -0.2229315 -0.7452657
vt 0.06043762 0.13949883
vt 0.055709243 0.14834207
v 0.31395015 14.441533 -0.972105
vt 0.052102864 0.15704435
vn 0.28231403 -0.13524255 -0.9497412
vt 0.05350536 0.13949883
vt 0.048716784 0.14834207
v 1.6299623E-07 14.455825 -1.041855
vt 0.0439682 0.15704435
vn -1.2445277E-07 -0.12381725 -0.99230504
vt 0.0439682 0.13949883
v -0.3139498 14.441533 -0.97210497
vn -0.2823143 -0.13524261 -0.94974107
v -0.6109397 14.428363 -0.853385
vn -0.6283954 -0.22293162 -0.7452656
v -0.54232967 13.915593 -0.925605
vn -0.7821884 -0.53809553 -0.31406122
v -0.5884498 14.276814 -0.752495
vn 0.20684347 -0.933951 0.29146415
v -0.7368397 14.427254 -0.66656506
vn -0.8366959 -0.2583026 -0.4829283
v -0.6770297 13.958144 -0.690475
vn -0.7539818 -0.38582405 -0.53164953
v -0.86648965 14.427904 -0.4031952
vn -0.92718756 -0.31450227 -0.20349836
v -0.95699966 14.828524 -0.06351523
vn -0.9414406 -0.33373135 0.048094083
v -0.97924966 14.854663 -0.3854652
vn -0.7665003 -0.6247289 -0.1489666
v -0.9835196 14.879294 -0.06363522
vn -0.7023474 -0.71183425 -0.00029786155
v 0.68117005 14.799074 -0.880365
vt 0.061219096 0.21096987
vn 0.4949393 -0.6348 -0.5933499
v 1.2194096E-07 14.750224 -1.0549951
vt 0.0439682 0.21096987
vn -3.258882E-08 -0.4453178 -0.89537257
v -0.6811698 14.799074 -0.880365
vn -0.49493915 -0.63480014 -0.5933498
v 0.9972502 14.891803 0.076334745
vt 0.36804664 0.0683099
vn 0.6917791 -0.6893522 0.21502374
vt 0.25055695 0.15728605
vt 0.36804664 0.15728605
v 0.97118014 14.826564 0.04905475
vt 0.25055695 0.075823665
vn 0.9059444 -0.40780646 0.11383626
vt 0.016619325 0.08492875
vt 0.25055695 0.021878064
vt 0.36804664 0.021878064
v -0.8634995 14.539644 0.17155473
vn -0.96979576 -0.19855097 0.14168184
v -0.74026954 14.400594 0.62462485
vn -0.8456799 -0.22664969 0.48317233
v -0.80500954 14.348264 0.19741476
vn -0.938461 -0.32672307 0.11199561
v -0.57421947 14.420234 0.77873474
vn -0.5130456 -0.044613708 0.85720116
v -0.52676 14.236374 0.76345587
vn -0.49716374 -0.2830143 0.8202019
v -0.66015 14.178884 0.62400585
vn -0.7784497 -0.42199135 0.46469274
v -0.72015953 14.164993 0.25875476
vn -0.837134 -0.5419015 0.07449394
v -0.8132895 14.338984 -0.035185188
vn -0.80381244 -0.5939777 -0.03280399
v -0.87476957 14.5422735 -0.015425202
vn -0.92003834 -0.27026957 0.28369686
v -0.90070957 14.824414 0.17852473
vn -0.91252863 -0.28686568 0.29154703
v -0.9007595 14.914754 0.28227472
vn -0.70980054 -0.64612204 0.28055218
v -0.29221952 14.461304 0.87640476
vn -0.30972835 0.1309878 0.9417593
v -0.14591998 14.470034 0.91974586
vn -0.65325433 0.27307978 0.7061772
v -0.61545956 14.056073 0.015804827
vn -0.45852357 -0.77133894 -0.44135293
v -0.71943957 14.181554 -0.025245182
vn -0.67752993 -0.6070748 -0.41522694
v -0.6124096 14.049125 0.3447147
vn -0.7173947 -0.69515145 0.04592559
v -0.9972496 14.891803 0.07633475
vn -0.6917788 -0.68935245 0.21502379
v -0.97117966 14.826564 0.049054757
vn -0.9059442 -0.40780675 0.11383627
v 0.31277028 13.709419 -0.75410795
vt 0.41881716 0.8641998
vn 0.5303895 0.47370943 -0.703055
v 0.41035023 13.56001 -0.8380979
vt 0.42230362 0.8648846
vn 0.37845263 0.6283437 -0.6796748
v 0.63932025 13.482739 -0.656248
vn 0.59270483 0.7630966 -0.25765213
v 2.8990326E-07 13.7263 -0.8471379
vt 0.42593014 0.8655897
vn -1.810809E-06 0.5012514 -0.8653017
v -9.708575E-06 13.5946 -0.949778
vn -4.8339803E-06 0.61471015 -0.7887531
v -0.41034964 13.56001 -0.83809793
vt 0.4220029 0.8648241
vn -0.37845567 0.6283505 -0.6796669
v -0.31276968 13.709419 -0.7541079
vn -0.53038985 0.47370923 -0.7030549
v -0.63931966 13.482739 -0.65624803
vn -0.59270525 0.76309633 -0.25765207
v 0.4819703 13.62813 -0.48147795
vt 0.40469223 0.86065435
vn 0.83469856 0.5384457 -0.11556181
vt 0.40918016 0.8594859
v 0.8579403 13.41064 -0.24911815
vt 0.3757404 0.8482658
vn 0.32225114 0.8990455 0.29643098
v 0.31680024 13.948773 -0.712861
vt 0.41154432 0.88539124
vn 0.6028128 0.11954012 -0.78887695
v 2.6692487E-07 13.967134 -0.789561
vt 0.41777527 0.88666034
vn -1.9989695E-07 0.20007448 -0.97978073
v -0.3167997 13.948773 -0.71286094
vn -0.6028131 0.11953991 -0.7888768
v -0.4819696 13.62813 -0.48147795
vn -0.83469874 0.5384455 -0.11556177
v -0.8579395 13.41064 -0.24911816
vn -0.32225147 0.89904547 0.296431
v -0.4294395 13.47114 -0.20891826
vt 0.3748188 0.8475204
vn -0.67703176 0.48732197 0.5514937
v -0.7705094 13.307711 -0.030528227
vt 0.359792 0.83954334
vn -0.023726774 0.8501263 0.526044
v -0.2908895 13.25885 0.00074177317
vt 0.35718727 0.83954334
vn -0.50481576 0.49566424 0.70673764
v -0.6711994 13.21976 0.16980173
vt 0.34809113 0.83954334
vn 0.09257102 0.9016939 0.4223491
v -0.15169948 13.17977 0.12878178
vt 0.34680867 0.83954334
vn -0.2561225 0.59113985 0.7648235
v -0.37061942 13.026461 0.47656178
vt 0.32408834 0.83954334
vn 0.092524536 0.8883086 0.4498301
v 6.0455204E-07 12.96588 0.5306318
vt 0.31423068 0.83954334
vn -1.4753634E-07 0.8969275 0.44217768
v 5.2855466E-07 13.134531 0.18504171
vt 0.34224063 0.83954334
vn 8.9757286E-08 0.25290617 0.96749085
v 0.1517005 13.17977 0.12878178
vn 0.25612247 0.59114 0.76482344
v 0.37062055 13.026461 0.47656178
vn -0.09252482 0.8883086 0.4498301
v 0.67120045 13.21976 0.16980173
vn -0.09257132 0.9016939 0.4223491
v 0.29089046 13.25885 0.00074176956
vn 0.5048157 0.49566436 0.7067376
v 0.7705104 13.307711 -0.030528236
vn 0.02372653 0.8501264 0.5260439
v 0.42944035 13.47114 -0.20891824
vn 0.67703164 0.48732215 0.5514937
v 0.48149028 13.837064 -0.4166311
vt 0.3972988 0.8811611
vn 0.98642415 -0.041574784 -0.1588676
v -0.48148957 13.837064 -0.4166311
vn -0.9864242 -0.041575078 -0.15886757
v -0.39014986 15.056084 -1.017075
vt 0.08722544 0.20553094
vn -0.17257313 -0.9815847 -0.08191413
v -0.70811987 14.970143 -1.264205
vt 0.08818716 0.20379853
vn -0.43352968 -0.46702936 -0.7706722
v -0.7506398 15.097304 -0.94341505
vt 0.08974993 0.20553094
vn -0.12090416 -0.83183897 -0.54168826
v -0.45613995 15.410884 -1.1605949
vt 0.08582288 0.19288045
vn -0.48809174 -0.085289285 -0.86861515
v -0.7744798 15.438184 -1.0131052
vt 0.09019065 0.19320285
vn -0.60951823 -0.10319617 -0.7860268
v -0.96152985 15.229904 -1.0012552
vt 0.09237468 0.19926614
vn -0.71500397 -0.008085446 -0.6990737
v -0.98176974 14.993165 -1.060095
vt 0.09205407 0.20418131
vn -0.41688025 -0.87558496 -0.24405296
v -0.84079975 15.181594 -0.67595506
vt 0.09790456 0.20553094
vn -0.3705247 -0.8843759 -0.28388533
v -1.0329998 15.444133 -0.66073513
vt 0.10018855 0.19600284
vn -0.9020193 -0.18136045 -0.39175195
v -0.9496899 15.745813 -0.8118151
vt 0.09804469 0.18439984
vn -0.8336487 -0.09324452 -0.54436696
v -0.98821986 15.577555 -1.3092251
vt 0.082817554 0.18591064
vn -0.62708634 -0.2901768 -0.7228832
v -0.5287 15.804463 -1.1337951
vt 0.089369416 0.17966604
vn -0.4270898 0.02335453 -0.9039076
v -0.23007007 15.735899 -1.6457685
vt 0.073060215 0.17599976
vn -0.34139532 0.0294071 -0.9394597
v -3.769401E-09 15.398604 -1.3112751
vt 0.081495225 0.19201428
vn -9.887979E-08 -0.21993828 -0.9755138
v -6.680557E-08 16.071634 -1.1427659
vt 0.090771794 0.17039984
vn -2.3922243E-07 0.40808555 -0.9129437
v -0.5007601 16.151884 -1.5259378
vt 0.08023304 0.16429621
vn -0.21683604 0.5390786 -0.8138651
v -0.7465994 16.260643 -0.73152405
vt 0.10403544 0.16753936
vn -0.64494216 0.5879795 -0.4881903
v -0.30949557 16.294523 -0.9000064
vt 0.09938717 0.16490048
vn -0.28349474 0.6551518 -0.70029056
v -1.5151159E-07 16.675465 -1.1729314
vt 0.094157815 0.1494903
vn -2.7282297E-07 0.6458013 -0.7635056
v 0.30949545 16.294523 -0.9000064
vn 0.28349426 0.655152 -0.7002906
v -7.061135E-08 16.617662 -0.7011204
vt 0.10922462 0.15533209
vn -2.8170248E-07 0.91084194 -0.41275546
v -0.6715943 16.857473 -0.78074
vt 0.106820345 0.14671052
vn -0.43188798 0.7384623 -0.5178284
v -0.5071885 16.546505 -0.285285
vt 0.11980373 0.16274506
vn -0.436777 0.88430244 -0.16503075
v -6.7541805E-08 17.025246 -0.3333773
vt 0.12254846 0.13829029
vn -2.6371995E-07 0.9824053 -0.18676157
v 0.5071885 16.546505 -0.285285
vn 0.43677658 0.8843026 -0.16503075
v 4.599542E-08 16.679085 0.10249978
vt 0.13410914 0.15954226
vn -2.1591505E-07 0.99093676 0.13432942
v -0.7215805 16.954754 0.17018564
vt 0.1350708 0.15170616
vn -0.59475625 0.7998003 -0.08114546
v -0.7796498 16.437054 -0.029864155
vt 0.12561405 0.16764009
vn -0.6655649 0.74552923 -0.0347802
v -0.42059785 16.474533 0.57333416
vt 0.14336568 0.1716286
vn -0.42282525 0.761085 0.491903
v 1.3262729E-07 16.826538 0.7864678
vt 0.1521011 0.15944153
vn -1.05637945E-07 0.8168738 0.57681644
v 0.42059815 16.474533 0.5733342
vn 0.422825 0.76108503 0.49190298
v 2.3846792E-07 16.160784 0.8999164
vt 0.1506387 0.18520564
vn -1.6869539E-08 0.5934955 0.80483735
v -0.7678374 16.357103 1.1100668
vt 0.15811205 0.1803509
vn -0.44264278 0.43840054 0.7822227
v -0.7563209 16.083324 0.64988095
vt 0.1428448 0.18566895
vn -0.7229968 0.4136029 0.55336094
v -0.34923106 15.894504 1.0001705
vt 0.15166038 0.19517684
vn -0.36908764 -0.075127766 0.92635316
v 3.278426E-07 15.969153 1.3120677
vt 0.16418278 0.19624454
vn 9.580724E-08 0.23111656 0.9729261
v 3.4112236E-07 15.563804 1.0515546
vt 0.14937633 0.20553094
vn 2.549568E-07 -0.45112565 0.89246047
v -0.36588964 15.559593 0.9853846
vt 0.14747298 0.20553094
vn -0.35115752 -0.16573201 0.92153203
v -0.66580963 15.530324 0.7964047
vt 0.1419431 0.20553094
vn -0.50210047 -0.40873644 0.76212186
v -0.8912943 15.932924 1.0096862
vt 0.15222138 0.19394809
vn -0.64188147 0.17564332 0.74641657
v -1.0442796 15.765584 0.52606463
vt 0.1359523 0.19513667
vn -0.827107 -0.048865538 0.5599162
v -0.8489296 15.502673 0.6356048
vt 0.1371947 0.20553094
vn -0.43674448 -0.49135202 0.75354326
v -1.0156195 15.463614 0.53751475
vt 0.13571197 0.20383883
vn -0.25175756 -0.5785831 0.7757962
v -0.9697196 15.430504 0.29557467
vt 0.12709665 0.20553094
vn -0.3921033 -0.9032582 0.17429775
v -1.0878496 15.426475 0.33179462
vt 0.12964123 0.20335543
vn -0.24928282 -0.53995776 -0.80393016
v -1.1219596 15.574753 0.47782463
vt 0.13463002 0.20053524
vn -0.94696486 0.29101557 0.13626282
v -1.1764495 15.339594 0.38697463
vt 0.13382858 0.20190501
vn -0.78613025 -0.60279816 0.13650493
v 0.7563214 16.083324 0.64988095
vn 0.72299665 0.41360313 0.55336094
v 0.34923166 15.894504 1.0001705
vn 0.36908796 -0.075127654 0.92635304
v 0.76783776 16.357103 1.110067
vn 0.44264275 0.43840066 0.7822227
v 0.8912949 15.932924 1.0096864
vn 0.6418815 0.1756435 0.74641645
v 0.6658102 15.530324 0.7964047
vn 0.50210094 -0.40873623 0.7621217
v 0.3658903 15.559593 0.9853847
vn 0.3511579 -0.16573189 0.9215319
v 1.1787189 16.546553 0.41141623
vt 0.13917816 0.16776085
vn 0.77085733 0.6068442 0.19369863
v 1.0270473 16.146263 0.008852355
vt 0.1246922 0.17791355
vn 0.91335124 0.40582353 0.033118118
v 0.7796499 16.437054 -0.029864164
vn 0.66556454 0.7455295 -0.034780208
v 0.7215806 16.954754 0.17018563
vn 0.59475595 0.79980046 -0.08114548
v 1.1199579 16.546564 -0.43130803
vt 0.11475468 0.16038823
vn 0.77886075 0.607046 -0.15770555
v 0.86775887 16.031574 -0.4627391
vt 0.110206425 0.17771208
vn 0.89454186 0.36744735 -0.25451395
v 0.74659926 16.260643 -0.7315241
vn 0.6449418 0.5879798 -0.48819038
v 0.67159396 16.857473 -0.78074
vn 0.43188748 0.73846257 -0.5178284
v 0.5007597 16.151884 -1.5259378
vn 0.21683556 0.5390787 -0.8138652
v 0.5286999 15.804463 -1.1337951
vn 0.42708957 0.02335466 -0.9039077
v 1.1744541 16.150663 -1.0859045
vt 0.09299576 0.16818398
vn 0.8989702 0.3291514 -0.28898436
v 0.9496898 15.745813 -0.8118151
vn 0.8336487 -0.09324427 -0.5443671
v 0.98821986 15.577555 -1.3092251
vn 0.6270863 -0.29017666 -0.72288334
v 0.7744799 15.438184 -1.013105
vn 0.60951805 -0.103195965 -0.7860269
v 1.033 15.444133 -0.66073513
vn 0.9020193 -0.1813602 -0.391752
v 0.96152997 15.229904 -1.001255
vn 0.7150038 -0.008085232 -0.69907373
v 0.8408 15.181594 -0.6759551
vn 0.37052503 -0.8843757 -0.2838853
v 0.98177 14.993165 -1.060095
vn 0.4168806 -0.87558484 -0.24405296
v 0.7506399 15.097304 -0.9434151
vn 0.12090442 -0.83183885 -0.5416883
v 0.70812 14.970143 -1.264205
vn 0.4335297 -0.46702927 -0.7706722
v 0.39015004 15.056084 -1.017075
vn 0.17257358 -0.98158467 -0.08191413
v 0.45613995 15.410884 -1.160595
vn 0.48809156 -0.08528916 -0.8686152
v 0.23006986 15.735899 -1.6457688
vn 0.341395 0.029407207 -0.9394598
v 0.35731998 14.957524 -1.437675
vt 0.07434249 0.203718
vn 0.33450878 -0.6007217 -0.726111
v 7.794529E-08 15.026984 -1.102135
vt 0.08255708 0.20553094
vn 1.7916065E-07 -0.954572 -0.2979805
v -0.35731998 14.957524 -1.437675
vn -0.33450866 -0.60072184 -0.726111
v -1.1262298 15.259824 -0.71999514
vt 0.10084975 0.20101863
vn -0.68578506 0.44683167 -0.5744914
v -1.1860596 15.025344 -0.7982451
vt 0.10095 0.20357692
vn -0.6130665 -0.7407818 -0.27457577
v -1.0028998 15.240564 -0.4150452
vt 0.10567826 0.20553094
vn -0.87220496 -0.4701449 0.13499041
v -1.0687997 15.661284 -0.3479253
vt 0.110547125 0.19124883
vn -0.9674323 -0.11072418 -0.22762886
v -1.3353498 15.615854 -0.75045514
vt 0.098866224 0.1893754
vn -0.9435044 0.058126006 -0.32622218
v -0.86775875 16.031574 -0.46273905
vn -0.89454204 0.36744702 -0.25451386
v -1.3920944 16.022804 -0.23079063
vt 0.11687833 0.18002868
vn -0.98475295 0.14688754 -0.09319718
v -1.0695096 15.766934 0.067404695
vt 0.123009324 0.19116831
vn -0.99847555 -0.004098541 0.05504389
v -1.027047 16.146263 0.00885237
vn -0.91335136 0.4058233 0.03311812
v -1.1199579 16.546564 -0.43130803
vn -0.778861 0.60704577 -0.15770552
v -1.1787184 16.546553 0.41141623
vn -0.77085745 0.606844 0.19369861
v -1.2863057 16.037514 0.42254913
vt 0.13593233 0.18524593
vn -0.96115774 0.076246426 0.26525888
v -1.4133896 15.466194 0.10275471
vt 0.12190735 0.20174384
vn -0.9442351 -0.32182464 0.069634765
v -1.0249597 15.342183 -0.06645527
vt 0.11623716 0.20553094
vn -0.48583716 -0.85800815 0.16668631
v -1.3580197 15.262804 -0.35640526
vt 0.107501626 0.20553094
vn -0.9420358 -0.33040756 -0.05830548
v -1.1744541 16.150663 -1.0859044
vn -0.8989703 0.32915106 -0.2889843
v 1.0878501 15.426475 0.33179462
vn 0.24928285 -0.53995776 -0.80393016
v 1.1764503 15.339594 0.38697463
vn 0.7861305 -0.6027979 0.1365049
v 1.1219603 15.574753 0.47782457
vn 0.94696474 0.29101583 0.13626282
v 1.0156202 15.463614 0.53751475
vn 0.2517581 -0.5785831 0.77579606
v 1.0442803 15.765584 0.52606463
vn 0.8271072 -0.048865277 0.559916
v 0.9697202 15.430504 0.29557467
vn 0.39210373 -0.90325797 0.17429775
v 0.8489302 15.502673 0.63560474
vn 0.43674487 -0.49135178 0.7535432
v 1.2863061 16.037514 0.42254907
vn 0.96115774 0.0762467 0.26525885
v 1.0695101 15.766934 0.06740467
vn 0.99847555 -0.004098236 0.055043876
v 1.4133903 15.466194 0.10275468
vn 0.9442352 -0.32182434 0.069634736
v 1.0249602 15.342183 -0.066455275
vn 0.48583758 -0.8580079 0.16668625
v 1.35802 15.262804 -0.35640526
vn 0.9420359 -0.33040714 -0.058305476
v 1.0029 15.240564 -0.41504526
vn 0.8722051 -0.47014457 0.13499038
v 1.0688 15.661284 -0.34792536
vn 0.9674323 -0.1107239 -0.2276289
v 1.3920946 16.022804 -0.23079066
vn 0.9847529 0.14688787 -0.09319719
v 1.33535 15.615854 -0.7504552
vn 0.94350433 0.058126327 -0.32622224
v 1.12623 15.259824 -0.7199952
vn 0.68578476 0.446832 -0.5744915
v 1.1860601 15.025344 -0.7982451
vn 0.6130666 -0.74078166 -0.27457577
v 0.48140004 14.098233 0.72039586
vt 0.49599516 0.45596123
vn 0.46059015 -0.42826712 0.77746
v -0.48139998 14.098233 0.72039586
vn -0.46058998 -0.4282671 0.7774601
v 0.44466 13.913344 0.45459569
vt 0.4061948 0.34567273
vn 0.5406873 -0.8398905 0.047341436
v 0.179 14.132334 0.85722584
vt 0.1936354 0.4497167
vn 0.16372472 -0.88825184 0.4291888
v 0.28654 14.133853 0.80477583
vt 0.30016565 0.4508648
vn 0.25699958 -0.93736285 0.23516391
v 0.19645001 14.170543 0.91801584
vt 0.20661849 0.48055696
vn 0.37794974 -0.45355496 0.8071195
v 0.18932001 14.222504 0.9141458
vt 0.19984645 0.550779
vn 0.4192808 0.059210468 0.9059237
v 0.07710051 14.2245245 0.96562475
vt 0.11765981 0.5621202
vn 0.34327257 0.07526232 0.9362156
v 0.081690505 14.175624 0.9722348
vt 0.11946303 0.48428363
vn 0.3230461 -0.4421144 0.8367653
v 0.07401049 14.132884 0.89868474
vt 0.111528754 0.4498979
vn 0.16854104 -0.85887724 0.48365673
v 5.093766E-07 14.127774 0.9094648
vt 0.0064613223 0.4492129
vn 1.4032106E-07 -0.8930291 0.44999894
v 5.1731513E-07 14.164405 0.9918747
vt 0.0064613223 0.48410237
vn 8.323592E-08 -0.2737249 0.961808
v 5.0974086E-07 14.216463 0.98752475
vt 0.0064613223 0.5501748
vn 4.6402715E-08 0.018215604 0.9998341
v 0.07758049 14.267504 0.9652847
vt 0.118160605 0.5861116
vn 0.41696614 -0.46048307 0.7836419
v 0.07976001 14.335713 1.0869958
vt 0.11453426 0.7109039
vn 0.6143706 -0.45132843 0.6471873
v 0.07976 14.411054 1.1074759
vt 0.10866368 0.77735895
vn 0.7392262 0.23509313 0.631091
v 0.07243 14.502353 1.0377558
vt 0.09371704 0.8503608
vn 0.6161824 0.4873369 0.61872613
vt 0.0064613223 0.99622345
v 1.4210855E-14 14.509503 1.0766258
vt 0.0064613223 0.8583177
vn 8.2856495E-08 0.6274216 0.7786797
v 1.4210855E-14 14.418243 1.1551459
vt 0.0064613223 0.78209275
vn 1.0619033E-07 0.063698 0.99796927
v -1.4210855E-14 14.337074 1.1357058
vt 0.0064613223 0.70909095
vn 7.2095524E-08 -0.73547816 0.6775484
v 5.041579E-07 14.260332 0.9890147
vt 0.0064613223 0.57813466
vn 1.1241019E-07 -0.5375491 0.84323245
v -0.07757949 14.267504 0.9652847
vn -0.41696602 -0.4604832 0.7836419
v -0.07709948 14.2245245 0.96562475
vn -0.3432725 0.0752623 0.9362156
v -0.08168948 14.175624 0.9722348
vn -0.32304594 -0.44211456 0.8367652
v -0.07400949 14.132884 0.89868474
vn -0.16854078 -0.8588773 0.4836567
v -0.44466 13.913344 0.4545957
vn -0.5406873 -0.8398905 0.04734155
v -0.07975999 14.335713 1.0869958
vn -0.6143705 -0.45132846 0.6471875
v -0.07976 14.411054 1.1074759
vn -0.7392261 0.2350931 0.6310912
v -0.07243 14.502353 1.0377558
vn -0.61618227 0.4873369 0.61872625
v 0.34315 14.1451235 0.77293587
vt 0.3629375 0.451308
vn -0.17117584 0.21787174 0.960849
v 0.29808 14.113144 0.8091058
vt 0.3155129 0.4278804
vn 0.37757254 0.2959498 0.8774125
v 0.28856 14.132423 0.7989758
vt 0.3028103 0.4474001
vn 0.36257556 0.5368312 0.76180786
v 0.37525 14.128703 0.7824758
vt 0.42308503 0.43160707
vn 0.26510203 -0.24749082 0.93191695
v 0.30247 14.086563 0.80578583
vt 0.3149519 0.3870889
vn 0.47031313 -0.36248475 0.8046181
v 0.38475 14.165413 0.8022158
vt 0.42308503 0.47312397
vn 0.20146313 -0.55459154 0.8073666
v 0.34384 14.147844 0.7738159
vt 0.36059344 0.45128787
vn -0.1473909 -0.7320172 0.6651518
v 0.56194 14.055354 0.62861586
vt 0.6230469 0.4140625
vn 0.69145995 -0.62703913 0.35875496
v -0.56194 14.055354 0.62861586
vn -0.6914599 -0.6270392 0.3587551
v -0.34315 14.1451235 0.77293587
vn 0.17117602 0.21787168 0.960849
v -0.38475 14.165413 0.8022158
vn -0.20146297 -0.5545916 0.80736667
v -0.34384 14.147844 0.7738159
vn 0.14739104 -0.73201716 0.6651517
v -0.37525 14.128703 0.7824758
vn -0.26510188 -0.24749087 0.931917
v -0.30247 14.086563 0.8057859
vn -0.47031295 -0.36248475 0.80461824
v -0.20743 14.063974 0.86092585
vt 0.22032297 0.37002695
vn -0.44486764 -0.3876479 0.80735487
v -0.09858 14.052014 0.90278584
vt 0.10776222 0.36110312
vn -0.3055676 -0.43236387 0.84834546
v 2.842171E-14 14.042053 0.92271584
vt 0.0064613223 0.35578513
vn 1.0010232E-07 -0.33908856 0.9407545
v 0.09858 14.052014 0.90278584
vn 0.3055678 -0.4323639 0.8483454
v 0.20743 14.063974 0.86092585
vn 0.44486782 -0.38764787 0.8073548
v 0.20446 14.106874 0.86448586
vt 0.22186583 0.42363006
vn 0.41709793 0.23017812 0.87923115
v 0.19401 14.127494 0.85727584
vt 0.20916319 0.44768202
vn 0.3225156 0.50744164 0.7990536
v 0.0962505 14.095842 0.9085548
vt 0.108062565 0.42004448
vn 0.25634822 0.22503696 0.9400234
v 0.09070051 14.126582 0.8873948
vt 0.10233235 0.4475007
vn 0.13600443 0.6064842 0.7833772
v 5.175466E-07 14.088284 0.92837477
vt 0.0064613223 0.41919827
vn -8.795284E-09 0.40336794 0.9150379
v 5.093061E-07 14.119022 0.9015348
vt 0.0064613223 0.44744027
vn -5.0411654E-08 0.65771985 0.75326264
v -0.09069948 14.126582 0.8873948
vn -0.13600457 0.6064842 0.7833771
v -0.09624947 14.095842 0.9085548
vn -0.25634813 0.22503692 0.9400234
v -0.19401 14.127494 0.85727584
vn -0.32251543 0.50744164 0.7990537
v -0.20446 14.106874 0.86448586
vn -0.41709772 0.2301781 0.8792312
v -0.28856 14.132423 0.7989759
vn -0.3625754 0.5368312 0.761808
v -0.29808 14.113144 0.8091059
vn -0.37757236 0.2959498 0.8774126
v -0.36969 14.188463 0.81686586
vn -0.46021196 -0.15892617 0.87346864
v -0.29309 14.302974 0.8751859
vn -0.38083458 -0.09260952 0.91999376
v -0.29685 14.209274 0.8587459
vn -0.47806245 -0.0233068 0.8780166
v -0.28654 14.133853 0.8047759
vn -0.25699955 -0.9373629 0.23516399
v -0.29837 14.153093 0.8587659
vn -0.4268824 -0.5599279 0.7101072
v -0.179 14.132334 0.85722584
vn -0.16372462 -0.8882518 0.42918882
v -0.19644998 14.170543 0.91801584
vn -0.37794957 -0.4535549 0.8071196
v -0.18931998 14.222504 0.9141458
vn -0.4192806 0.059210464 0.9059238
v -0.16033998 14.324584 0.9216958
vn -0.5939296 -0.07956973 0.8005725
o Mesh_1
g polygon_0
usemtl Joint_0_Object_1_Material_1
f 33/33/33 35/35/35 34/34/34
f 35/35/35 33/33/33 36/36/36
f 37/35/37 39/33/39 38/34/38
f 39/33/39 37/35/37 40/36/40
f 34/37/34 35/39/35 41/38/41
f 42/40/42 34/37/34 41/38/41
f 42/40/42 41/38/41 43/41/43
f 44/42/44 42/40/42 43/41/43
f 45/43/45 44/42/44 43/41/43
f 45/43/45 43/41/43 46/44/46
f 47/45/47 45/43/45 46/44/46
f 47/45/47 46/44/46 48/46/48
f 49/47/49 47/45/47 48/46/48
f 49/47/49 48/46/48 50/48/50
f 49/47/49 50/48/50 51/46/51
f 52/45/52 49/47/49 51/46/51
f 52/45/52 51/46/51 53/44/53
f 54/43/54 52/45/52 53/44/53
f 54/43/54 53/44/53 55/41/55
f 56/42/56 54/43/54 55/41/55
f 57/40/57 56/42/56 55/41/55
f 57/40/57 55/41/55 58/38/58
f 38/37/38 57/40/57 58/38/58
f 38/37/38 58/38/58 37/39/37
f 57/40/57 38/37/38 59/49/59
f 60/50/60 57/40/57 59/49/59
f 60/50/60 59/49/59 61/51/61
f 62/52/62 60/50/60 61/51/61
f 63/50/63 62/52/62 61/51/61
f 63/50/63 61/51/61 64/49/64
f 42/40/42 63/50/63 64/49/64
f 42/40/42 64/49/64 34/37/34
f 65/53/65 5/55/5 2/54/2
f 66/56/66 65/53/65 2/54/2
f 66/56/66 2/54/2 3/57/3
f 66/56/66 3/57/3 67/58/67
f 68/59/68 66/56/66 67/58/67
f 68/59/68 67/58/67 69/60/69
f 70/61/70 68/59/68 69/60/69
f 71/62/71 70/61/70 69/60/69
f 72/63/72 71/62/71 69/60/69
f 73/64/73 72/63/72 69/60/69
f 73/64/73 69/60/69 67/58/67
f 73/64/73 67/58/67 3/57/3
f 74/65/74 73/64/73 3/57/3
f 74/65/74 3/57/3 1/66/1
f 75/67/75 74/65/74 1/66/1
f 75/67/75 1/66/1 27/68/27
f 76/69/76 75/67/75 27/68/27
f 76/69/76 27/68/27 32/70/32
f 31/71/31 76/69/76 32/70/32
f 77/72/77 72/63/72 73/64/73
f 77/72/77 73/64/73 74/65/74
f 78/73/78 77/72/77 74/65/74
f 78/73/78 74/65/74 75/67/75
f 79/74/79 78/73/78 75/67/75
f 79/74/79 75/67/75 76/69/76
f 80/75/80 82/77/82 81/76/81
f 78/73/78 80/75/80 81/76/81
f 78/73/78 81/76/81 77/72/77
f 83/78/83 85/80/85 84/79/84
f 71/62/71 83/78/83 84/79/84
f 70/61/70 71/62/71 84/79/84
f 35/81/35 70/61/70 84/79/84
f 41/82/41 35/81/35 84/79/84
f 41/82/41 84/79/84 85/80/85
f 43/83/43 41/82/41 85/80/85
f 43/83/43 85/80/85 46/84/46
f 86/85/86 53/84/53 51/86/51
f 87/87/87 86/85/86 51/86/51
f 87/87/87 51/86/51 50/88/50
f 88/89/88 87/87/87 50/88/50
f 89/87/89 88/89/88 50/88/50
f 89/87/89 50/88/50 48/86/48
f 90/85/90 89/87/89 48/86/48
f 90/85/90 48/86/48 46/84/46
f 91/90/91 93/92/93 92/91/92
f 94/93/94 91/90/91 92/91/92
f 94/93/94 92/91/92 86/85/86
f 94/93/94 86/85/86 87/87/87
f 95/94/95 94/93/94 87/87/87
f 95/94/95 87/87/87 88/89/88
f 96/95/96 95/94/95 88/89/88
f 97/94/97 96/95/96 88/89/88
f 97/94/97 88/89/88 89/87/89
f 98/93/98 97/94/97 89/87/89
f 98/93/98 89/87/89 90/85/90
f 98/93/98 90/85/90 99/91/99
f 100/90/100 98/93/98 99/91/99
f 100/90/100 99/91/99 101/92/101
f 98/93/98 100/90/100 102/96/102
f 97/94/97 98/93/98 102/96/102
f 97/94/97 102/96/102 103/97/103
f 96/95/96 97/94/97 103/97/103
f 96/95/96 103/97/103 104/98/104
f 96/95/96 104/98/104 105/97/105
f 95/94/95 96/95/96 105/97/105
f 95/94/95 105/97/105 106/96/106
f 94/93/94 95/94/95 106/96/106
f 94/93/94 106/96/106 91/90/91
f 107/99/107 109/101/109 108/100/108
f 64/102/64 107/99/107 108/100/108
f 34/34/34 64/102/64 108/100/108
f 33/33/33 34/34/34 108/100/108
f 33/33/33 108/100/108 110/103/110
f 111/99/111 113/105/113 112/104/112
f 59/102/59 111/99/111 112/104/112
f 61/106/61 59/102/59 112/104/112
f 61/106/61 112/104/112 114/107/114
f 61/106/61 114/107/114 115/104/115
f 64/102/64 61/106/61 115/104/115
f 107/99/107 64/102/64 115/104/115
f 107/99/107 115/104/115 116/105/116
f 117/108/117 119/110/119 118/109/118
f 120/111/120 117/108/117 118/109/118
f 120/111/120 118/109/118 35/112/35
f 120/111/120 35/112/35 36/113/36
f 120/111/120 36/113/36 33/114/33
f 121/115/121 120/111/120 33/114/33
f 121/115/121 33/114/33 110/116/110
f 121/115/121 110/116/110 108/117/108
f 122/118/122 121/115/121 108/117/108
f 122/118/122 108/117/108 109/119/109
f 122/118/122 109/119/109 107/120/107
f 123/121/123 122/118/122 107/120/107
f 123/121/123 107/120/107 116/122/116
f 123/121/123 116/122/116 115/123/115
f 124/124/124 123/121/123 115/123/115
f 124/124/124 115/123/115 114/125/114
f 124/124/124 114/125/114 112/123/112
f 125/121/125 124/124/124 112/123/112
f 125/121/125 112/123/112 113/122/113
f 125/121/125 113/122/113 111/120/111
f 126/118/126 125/121/125 111/120/111
f 126/118/126 111/120/111 127/119/127
f 126/118/126 127/119/127 128/117/128
f 129/115/129 126/118/126 128/117/128
f 129/115/129 128/117/128 130/116/130
f 129/115/129 130/116/130 39/114/39
f 131/111/131 129/115/129 39/114/39
f 131/111/131 39/114/39 40/113/40
f 131/111/131 40/113/40 37/112/37
f 131/111/131 37/112/37 132/109/132
f 133/108/133 131/111/131 132/109/132
f 133/108/133 132/109/132 134/110/134
f 117/108/117 120/111/120 121/115/121
f 135/126/135 117/108/117 121/115/121
f 135/126/135 121/115/121 122/118/122
f 135/126/135 122/118/122 123/121/123
f 136/127/136 135/126/135 123/121/123
f 136/127/136 123/121/123 124/124/124
f 136/127/136 124/124/124 125/121/125
f 137/126/137 136/127/136 125/121/125
f 137/126/137 125/121/125 126/118/126
f 137/126/137 126/118/126 129/115/129
f 133/108/133 137/126/137 129/115/129
f 133/108/133 129/115/129 131/111/131
f 138/128/138 65/130/65 66/129/66
f 139/131/139 138/128/138 66/129/66
f 139/131/139 66/129/66 68/132/68
f 139/131/139 68/132/68 118/133/118
f 139/131/139 118/133/118 119/134/119
f 138/128/138 139/131/139 119/134/119
f 140/58/140 142/60/142 141/64/141
f 20/57/20 140/58/140 141/64/141
f 143/65/143 20/57/20 141/64/141
f 144/72/144 143/65/143 141/64/141
f 145/63/145 144/72/144 141/64/141
f 145/63/145 141/64/141 142/60/142
f 146/62/146 145/63/145 142/60/142
f 147/61/147 146/62/146 142/60/142
f 148/59/148 147/61/147 142/60/142
f 148/59/148 142/60/142 140/58/140
f 149/56/149 148/59/148 140/58/140
f 149/56/149 140/58/140 20/57/20
f 149/56/149 20/57/20 18/54/18
f 150/53/150 149/56/149 18/54/18
f 150/53/150 18/54/18 17/55/17
f 19/66/19 20/57/20 143/65/143
f 19/66/19 143/65/143 151/67/151
f 21/68/21 19/66/19 151/67/151
f 21/68/21 151/67/151 152/69/152
f 28/70/28 21/68/21 152/69/152
f 28/70/28 152/69/152 29/71/29
f 55/83/55 53/84/53 153/80/153
f 58/82/58 55/83/55 153/80/153
f 58/82/58 153/80/153 154/79/154
f 37/81/37 58/82/58 154/79/154
f 147/61/147 37/81/37 154/79/154
f 146/62/146 147/61/147 154/79/154
f 155/78/155 146/62/146 154/79/154
f 155/78/155 154/79/154 153/80/153
f 39/33/39 130/103/130 128/100/128
f 38/34/38 39/33/39 128/100/128
f 59/102/59 38/34/38 128/100/128
f 111/99/111 59/102/59 128/100/128
f 111/99/111 128/100/128 127/101/127
f 149/129/149 150/130/150 156/128/156
f 149/129/149 156/128/156 157/131/157
f 148/132/148 149/129/149 157/131/157
f 132/133/132 148/132/148 157/131/157
f 134/134/134 132/133/132 157/131/157
f 134/134/134 157/131/157 156/128/156
f 158/135/158 160/135/160 159/136/159
f 161/137/161 158/135/158 159/136/159
f 161/137/161 159/136/159 162/137/162
f 161/137/161 162/137/162 163/138/163
f 164/135/164 161/137/161 163/138/163
f 164/135/164 163/138/163 165/135/165
f 166/139/166 167/141/167 160/140/160
f 166/139/166 160/140/160 158/135/158
f 168/142/168 166/139/166 158/135/158
f 169/143/169 168/142/168 158/135/158
f 169/143/169 158/135/158 161/137/161
f 169/143/169 161/137/161 164/135/164
f 170/142/170 169/143/169 164/135/164
f 171/139/171 170/142/170 164/135/164
f 171/139/171 164/135/164 165/140/165
f 171/139/171 165/140/165 172/141/172
f 173/144/173 171/139/171 172/141/172
f 173/144/173 172/141/172 174/145/174
f 175/146/175 173/144/173 174/145/174
f 175/146/175 174/145/174 176/147/176
f 177/148/177 175/146/175 176/147/176
f 177/148/177 176/147/176 178/149/178
f 177/148/177 178/149/178 179/150/179
f 180/151/180 177/148/177 179/150/179
f 181/148/181 180/151/180 179/150/179
f 181/148/181 179/150/179 182/149/182
f 181/148/181 182/149/182 183/147/183
f 184/146/184 181/148/181 183/147/183
f 184/146/184 183/147/183 185/145/185
f 186/144/186 184/146/184 185/145/185
f 186/144/186 185/145/185 167/141/167
f 186/144/186 167/141/167 166/139/166
f 187/152/187 186/144/186 166/139/166
f 187/152/187 166/139/166 168/142/168
f 63/50/63 187/152/187 168/142/168
f 62/52/62 63/50/63 168/142/168
f 62/52/62 168/142/168 169/143/169
f 62/52/62 169/143/169 170/142/170
f 60/50/60 62/52/62 170/142/170
f 60/50/60 170/142/170 188/152/188
f 57/40/57 60/50/60 188/152/188
f 56/42/56 57/40/57 188/152/188
f 173/144/173 56/42/56 188/152/188
f 171/139/171 173/144/173 188/152/188
f 171/139/171 188/152/188 170/142/170
f 56/42/56 173/144/173 175/146/175
f 54/43/54 56/42/56 175/146/175
f 54/43/54 175/146/175 177/148/177
f 52/45/52 54/43/54 177/148/177
f 52/45/52 177/148/177 180/151/180
f 49/47/49 52/45/52 180/151/180
f 47/45/47 49/47/49 180/151/180
f 47/45/47 180/151/180 181/148/181
f 45/43/45 47/45/47 181/148/181
f 45/43/45 181/148/181 184/146/184
f 44/42/44 45/43/45 184/146/184
f 44/42/44 184/146/184 186/144/186
f 44/42/44 186/144/186 187/152/187
f 42/40/42 44/42/44 187/152/187
f 42/40/42 187/152/187 63/50/63
f 189/153/189 191/155/191 190/154/190
f 192/156/192 189/153/189 190/154/190
f 193/157/193 192/156/192 190/154/190
f 193/157/193 190/154/190 191/155/191
f 194/158/194 193/157/193 191/155/191
f 195/159/195 194/158/194 191/155/191
f 195/159/195 191/155/191 196/160/196
f 194/158/194 195/159/195 196/160/196
f 194/158/194 196/160/196 197/161/197
f 193/157/193 194/158/194 197/161/197
f 193/157/193 197/161/197 198/162/198
f 199/163/199 193/157/193 198/162/198
f 199/163/199 198/162/198 200/164/200
f 193/157/193 199/163/199 200/164/200
f 192/156/192 193/157/193 200/164/200
f 192/156/192 200/164/200 201/165/201
f 202/166/202 192/156/192 201/165/201
f 203/167/203 202/166/202 201/165/201
f 203/167/203 201/165/201 200/164/200
f 204/168/204 203/167/203 200/164/200
f 204/168/204 200/164/200 205/169/205
f 204/168/204 205/169/205 206/170/206
f 203/167/203 204/168/204 206/170/206
f 203/167/203 206/170/206 207/171/207
f 208/170/208 203/167/203 207/171/207
f 209/172/209 208/170/208 207/171/207
f 209/172/209 207/171/207 206/170/206
f 210/173/210 209/172/209 206/170/206
f 210/173/210 206/170/206 205/169/205
f 210/173/210 205/169/205 211/174/211
f 209/172/209 210/173/210 211/174/211
f 209/172/209 211/174/211 212/175/212
f 213/174/213 209/172/209 212/175/212
f 214/176/214 213/174/213 212/175/212
f 214/176/214 212/175/212 211/174/211
f 215/177/215 214/176/214 211/174/211
f 215/177/215 211/174/211 216/178/216
f 215/177/215 216/178/216 217/179/217
f 214/176/214 215/177/215 217/179/217
f 214/176/214 217/179/217 218/180/218
f 219/179/219 214/176/214 218/180/218
f 220/181/220 219/179/219 218/180/218
f 220/181/220 218/180/218 217/179/217
f 221/182/221 220/181/220 217/179/217
f 221/182/221 217/179/217 222/183/222
f 221/182/221 222/183/222 223/184/223
f 220/181/220 221/182/221 223/184/223
f 224/185/224 220/181/220 223/184/223
f 225/186/225 224/185/224 223/184/223
f 226/187/226 225/186/225 223/184/223
f 227/188/227 226/187/226 223/184/223
f 228/189/228 227/188/227 223/184/223
f 228/189/228 223/184/223 222/183/222
f 228/189/228 222/183/222 229/190/229
f 227/188/227 228/189/228 229/190/229
f 230/191/230 227/188/227 229/190/229
f 230/191/230 229/190/229 231/192/231
f 232/193/232 230/191/230 231/192/231
f 232/193/232 231/192/231 233/194/233
f 229/190/229 232/193/232 233/194/233
f 229/190/229 233/194/233 234/195/234
f 231/192/231 229/190/229 234/195/234
f 231/192/231 234/195/234 235/196/235
f 233/194/233 231/192/231 235/196/235
f 233/194/233 235/196/235 234/195/234
f 236/183/236 238/182/238 237/184/237
f 239/189/239 236/183/236 237/184/237
f 240/188/240 239/189/239 237/184/237
f 241/187/241 240/188/240 237/184/237
f 225/186/225 241/187/241 237/184/237
f 224/185/224 225/186/225 237/184/237
f 220/181/220 224/185/224 237/184/237
f 220/181/220 237/184/237 238/182/238
f 219/179/219 220/181/220 238/182/238
f 219/179/219 238/182/238 236/183/236
f 242/197/242 219/179/219 236/183/236
f 242/197/242 236/183/236 243/198/243
f 242/197/242 243/198/243 244/178/244
f 219/179/219 242/197/242 244/178/244
f 219/179/219 244/178/244 245/177/245
f 214/176/214 219/179/219 245/177/245
f 213/174/213 214/176/214 245/177/245
f 213/174/213 245/177/245 244/178/244
f 246/199/246 213/174/213 244/178/244
f 246/199/246 244/178/244 243/198/243
f 246/199/246 243/198/243 247/200/247
f 246/199/246 247/200/247 248/169/248
f 213/174/213 246/199/246 248/169/248
f 213/174/213 248/169/248 249/173/249
f 209/172/209 213/174/213 249/173/249
f 208/170/208 209/172/209 249/173/249
f 208/170/208 249/173/249 248/169/248
f 208/170/208 248/169/248 250/168/250
f 203/167/203 208/170/208 250/168/250
f 251/164/251 203/167/203 250/168/250
f 251/164/251 250/168/250 248/169/248
f 252/201/252 251/164/251 248/169/248
f 252/201/252 248/169/248 247/200/247
f 252/201/252 247/200/247 253/162/253
f 251/164/251 252/201/252 253/162/253
f 251/164/251 253/162/253 254/163/254
f 255/157/255 251/164/251 254/163/254
f 255/157/255 254/163/254 253/162/253
f 255/157/255 253/162/253 256/161/256
f 257/158/257 255/157/255 256/161/256
f 257/158/257 256/161/256 258/160/258
f 259/159/259 257/158/257 258/160/258
f 259/159/259 258/160/258 260/155/260
f 257/158/257 259/159/259 260/155/260
f 255/157/255 257/158/257 260/155/260
f 261/154/261 255/157/255 260/155/260
f 261/154/261 260/155/260 262/153/262
f 261/154/261 262/153/262 263/156/263
f 255/157/255 261/154/261 263/156/263
f 251/164/251 255/157/255 263/156/263
f 251/164/251 263/156/263 264/165/264
f 203/167/203 251/164/251 264/165/264
f 202/166/202 203/167/203 264/165/264
f 202/166/202 264/165/264 263/156/263
f 265/202/265 202/166/202 263/156/263
f 265/202/265 263/156/263 262/153/262
f 265/202/265 262/153/262 266/203/266
f 202/166/202 265/202/265 266/203/266
f 202/166/202 266/203/266 267/202/267
f 192/156/192 202/166/202 267/202/267
f 189/153/189 192/156/192 267/202/267
f 189/153/189 267/202/267 266/203/266
f 268/204/268 197/161/197 196/160/196
f 269/205/269 268/204/268 196/160/196
f 269/205/269 196/160/196 270/206/270
f 268/204/268 269/205/269 270/206/270
f 197/161/197 268/204/268 270/206/270
f 197/161/197 270/206/270 271/207/271
f 197/161/197 271/207/271 272/208/272
f 198/162/198 197/161/197 272/208/272
f 273/200/273 198/162/198 272/208/272
f 273/200/273 272/208/272 271/207/271
f 274/209/274 273/200/273 271/207/271
f 274/209/274 271/207/271 275/210/275
f 274/209/274 275/210/275 276/198/276
f 273/200/273 274/209/274 276/198/276
f 273/200/273 276/198/276 277/199/277
f 205/169/205 273/200/273 277/199/277
f 211/174/211 205/169/205 277/199/277
f 216/178/216 211/174/211 277/199/277
f 216/178/216 277/199/277 276/198/276
f 216/178/216 276/198/276 278/197/278
f 217/179/217 216/178/216 278/197/278
f 222/183/222 217/179/217 278/197/278
f 222/183/222 278/197/278 276/198/276
f 279/211/279 222/183/222 276/198/276
f 279/211/279 276/198/276 275/210/275
f 279/211/279 275/210/275 229/190/229
f 222/183/222 279/211/279 229/190/229
f 229/190/229 275/210/275 280/212/280
f 232/193/232 229/190/229 280/212/280
f 281/213/281 232/193/232 280/212/280
f 281/213/281 280/212/280 275/210/275
f 282/214/282 281/213/281 275/210/275
f 282/214/282 275/210/275 271/207/271
f 282/214/282 271/207/271 270/206/270
f 281/213/281 282/214/282 270/206/270
f 273/200/273 205/169/205 283/201/283
f 198/162/198 273/200/273 283/201/283
f 200/164/200 198/162/198 283/201/283
f 200/164/200 283/201/283 205/169/205
f 284/194/284 286/195/286 285/196/285
f 287/192/287 284/194/284 285/196/285
f 287/192/287 285/196/285 286/195/286
f 288/190/288 287/192/287 286/195/286
f 289/193/289 288/190/288 286/195/286
f 289/193/289 286/195/286 284/194/284
f 290/191/290 289/193/289 284/194/284
f 290/191/290 284/194/284 287/192/287
f 290/191/290 287/192/287 288/190/288
f 240/188/240 290/191/290 288/190/288
f 239/189/239 240/188/240 288/190/288
f 236/183/236 239/189/239 288/190/288
f 236/183/236 288/190/288 291/211/291
f 243/198/243 236/183/236 291/211/291
f 292/210/292 243/198/243 291/211/291
f 292/210/292 291/211/291 288/190/288
f 293/212/293 292/210/292 288/190/288
f 293/212/293 288/190/288 289/193/289
f 293/212/293 289/193/289 294/213/294
f 292/210/292 293/212/293 294/213/294
f 295/214/295 292/210/292 294/213/294
f 295/214/295 294/213/294 296/206/296
f 295/214/295 296/206/296 297/207/297
f 292/210/292 295/214/295 297/207/297
f 292/210/292 297/207/297 298/209/298
f 243/198/243 292/210/292 298/209/298
f 247/200/247 243/198/243 298/209/298
f 247/200/247 298/209/298 297/207/297
f 247/200/247 297/207/297 299/208/299
f 253/162/253 247/200/247 299/208/299
f 256/161/256 253/162/253 299/208/299
f 256/161/256 299/208/299 297/207/297
f 256/161/256 297/207/297 296/206/296
f 300/204/300 256/161/256 296/206/296
f 301/205/301 300/204/300 296/206/296
f 301/205/301 296/206/296 258/160/258
f 300/204/300 301/205/301 258/160/258
f 300/204/300 258/160/258 256/161/256
f 302/215/302 101/92/101 99/91/99
f 93/92/93 303/215/303 92/91/92
f 85/80/85 83/78/83 304/216/304
f 46/84/46 85/80/85 304/216/304
f 90/85/90 46/84/46 304/216/304
f 90/85/90 304/216/304 99/91/99
f 305/217/305 306/218/306 82/77/82
f 307/219/307 305/217/305 82/77/82
f 307/219/307 82/77/82 80/75/80
f 308/220/308 307/219/307 80/75/80
f 308/220/308 80/75/80 78/73/78
f 308/220/308 78/73/78 79/74/79
f 308/220/308 79/74/79 309/221/309
f 308/220/308 309/221/309 310/222/310
f 307/219/307 308/220/308 310/222/310
f 307/219/307 310/222/310 311/223/311
f 305/217/305 307/219/307 311/223/311
f 312/224/312 311/223/311 310/222/310
f 313/225/313 312/224/312 310/222/310
f 313/225/313 310/222/310 309/221/309
f 314/226/314 313/225/313 309/221/309
f 315/227/315 314/226/314 309/221/309
f 315/227/315 309/221/309 79/74/79
f 316/228/316 315/227/315 79/74/79
f 317/229/317 316/228/316 79/74/79
f 317/229/317 79/74/79 76/69/76
f 318/230/318 317/229/317 76/69/76
f 318/230/318 76/69/76 31/71/31
f 318/230/318 31/71/31 30/231/30
f 318/230/318 30/231/30 319/232/319
f 317/229/317 318/230/318 319/232/319
f 317/229/317 319/232/319 320/233/320
f 316/228/316 317/229/317 320/233/320
f 316/228/316 320/233/320 321/234/321
f 315/227/315 316/228/316 321/234/321
f 315/227/315 321/234/321 322/235/322
f 314/226/314 315/227/315 322/235/322
f 314/226/314 322/235/322 323/227/323
f 314/226/314 323/227/323 324/221/324
f 313/225/313 314/226/314 324/221/324
f 313/225/313 324/221/324 325/222/325
f 312/224/312 313/225/313 325/222/325
f 312/224/312 325/222/325 326/223/326
f 86/85/86 92/91/92 327/216/327
f 53/84/53 86/85/86 327/216/327
f 153/80/153 53/84/53 327/216/327
f 153/80/153 327/216/327 155/78/155
f 323/227/323 322/235/322 321/234/321
f 328/228/328 323/227/323 321/234/321
f 328/228/328 321/234/321 320/233/320
f 329/229/329 328/228/328 320/233/320
f 329/229/329 320/233/320 319/232/319
f 330/230/330 329/229/329 319/232/319
f 330/230/330 319/232/319 30/231/30
f 330/230/330 30/231/30 29/71/29
f 330/230/330 29/71/29 152/69/152
f 329/229/329 330/230/330 152/69/152
f 331/236/331 333/238/333 332/237/332
f 334/239/334 331/236/331 332/237/332
f 334/239/334 332/237/332 335/240/335
f 100/90/100 334/239/334 335/240/335
f 100/90/100 335/240/335 102/96/102
f 334/239/334 100/90/100 101/92/101
f 334/239/334 101/92/101 302/215/302
f 334/239/334 302/215/302 336/241/336
f 331/236/331 334/239/334 336/241/336
f 337/242/337 331/236/331 336/241/336
f 306/218/306 337/242/337 336/241/336
f 82/77/82 306/218/306 336/241/336
f 81/76/81 82/77/82 336/241/336
f 77/72/77 81/76/81 336/241/336
f 77/72/77 336/241/336 302/215/302
f 72/63/72 77/72/77 302/215/302
f 72/63/72 302/215/302 338/243/338
f 71/62/71 72/63/72 338/243/338
f 83/78/83 71/62/71 338/243/338
f 304/216/304 83/78/83 338/243/338
f 99/91/99 304/216/304 338/243/338
f 99/91/99 338/243/338 302/215/302
f 303/215/303 144/72/144 145/63/145
f 303/215/303 145/63/145 339/243/339
f 92/91/92 303/215/303 339/243/339
f 327/216/327 92/91/92 339/243/339
f 155/78/155 327/216/327 339/243/339
f 146/62/146 155/78/155 339/243/339
f 146/62/146 339/243/339 145/63/145
f 340/236/340 342/242/342 341/241/341
f 343/239/343 340/236/340 341/241/341
f 343/239/343 341/241/341 303/215/303
f 343/239/343 303/215/303 93/92/93
f 343/239/343 93/92/93 91/90/91
f 344/240/344 343/239/343 91/90/91
f 344/240/344 91/90/91 106/96/106
f 345/244/345 344/240/344 106/96/106
f 345/244/345 106/96/106 105/97/105
f 346/245/346 345/244/345 105/97/105
f 346/245/346 105/97/105 104/98/104
f 347/246/347 346/245/346 104/98/104
f 348/245/348 347/246/347 104/98/104
f 348/245/348 104/98/104 103/97/103
f 349/244/349 348/245/348 103/97/103
f 349/244/349 103/97/103 102/96/102
f 349/244/349 102/96/102 335/240/335
f 349/244/349 335/240/335 332/237/332
f 350/247/350 349/244/349 332/237/332
f 350/247/350 332/237/332 333/238/333
f 350/247/350 333/238/333 351/248/351
f 352/249/352 350/247/350 351/248/351
f 352/249/352 351/248/351 353/250/353
f 354/251/354 352/249/352 353/250/353
f 354/251/354 353/250/353 355/252/355
f 354/251/354 355/252/355 356/250/356
f 357/249/357 354/251/354 356/250/356
f 357/249/357 356/250/356 358/248/358
f 359/247/359 357/249/357 358/248/358
f 359/247/359 358/248/358 360/238/360
f 361/237/361 359/247/359 360/238/360
f 361/237/361 360/238/360 340/236/340
f 361/237/361 340/236/340 343/239/343
f 361/237/361 343/239/343 344/240/344
f 361/237/361 344/240/344 345/244/345
f 359/247/359 361/237/361 345/244/345
f 359/247/359 345/244/345 346/245/346
f 357/249/357 359/247/359 346/245/346
f 357/249/357 346/245/346 347/246/347
f 354/251/354 357/249/357 347/246/347
f 352/249/352 354/251/354 347/246/347
f 352/249/352 347/246/347 348/245/348
f 350/247/350 352/249/352 348/245/348
f 350/247/350 348/245/348 349/244/349
f 362/76/362 364/75/364 363/73/363
f 341/241/341 342/242/342 365/218/365
f 366/77/366 341/241/341 365/218/365
f 366/77/366 365/218/365 367/217/367
f 368/219/368 366/77/366 367/217/367
f 368/219/368 367/217/367 326/223/326
f 368/219/368 326/223/326 325/222/325
f 369/220/369 368/219/368 325/222/325
f 369/220/369 325/222/325 324/221/324
f 370/74/370 369/220/369 324/221/324
f 370/74/370 324/221/324 323/227/323
f 370/74/370 323/227/323 328/228/328
f 370/74/370 328/228/328 329/229/329
f 370/74/370 329/229/329 152/69/152
f 370/74/370 152/69/152 151/67/151
f 363/73/363 370/74/370 151/67/151
f 363/73/363 151/67/151 143/65/143
f 363/73/363 143/65/143 144/72/144
f 362/76/362 363/73/363 144/72/144
f 362/76/362 144/72/144 341/241/341
f 362/76/362 341/241/341 366/77/366
f 364/75/364 362/76/362 366/77/366
f 364/75/364 366/77/366 368/219/368
f 364/75/364 368/219/368 369/220/369
f 363/73/363 364/75/364 369/220/369
f 363/73/363 369/220/369 370/74/370
f 303/215/303 341/241/341 144/72/144
vt 0.49721003 0.71391
vt 0.515 0.74236
v 1.0974702 14.921953 -0.23594525
vt 0.55262 0.74725
vn 0.23105428 0.96147346 0.14893886
vt 0.50843 0.58486
v 1.0584401 14.563814 -0.39268523
vt 0.6307 0.59947
vn 0.43706 -0.42852077 -0.7907898
vt 0.62705 0.56561
v 0.9671002 14.413553 -0.31946522
vt 0.60619 0.5411
vn 0.46710065 -0.74654824 -0.473796
v -0.72978956 15.495793 0.81739473
vt 0.50027 0.99743
vn -0.57176584 0.34538803 0.74417126
v -0.3810495 14.985293 0.9980147
vt 0.61438 0.75616
vn -0.2986231 -0.5886679 0.75119525
v -0.7032995 14.973213 0.8279847
vt 0.50027 0.75616
vn -0.4823029 -0.56964856 0.6654957
v -0.39306962 15.516054 1.0161546
vt 0.61228 0.99743
vn -0.31025448 0.2929596 0.90438753
v 4.2233546E-07 14.985293 1.0808347
vt 0.75001 0.75616
vn 2.347883E-07 -0.38232714 0.924027
v 3.5100948E-07 15.526484 1.0833846
vt 0.75001 0.99743
vn 6.4647786E-08 0.34033382 0.9403047
v 0.39307028 15.516054 1.0161546
vt 0.88652 0.99743
vn 0.31025463 0.29295963 0.9043875
v 0.38105035 14.985293 0.9980147
vt 0.88443 0.75616
vn 0.29862353 -0.58866775 0.75119525
v 0.7297903 15.495793 0.8173947
vt 0.9981 0.99743
vn 0.57176584 0.34538817 0.74417126
v 0.70330036 14.973213 0.8279847
vt 0.9981 0.75616
vn 0.4823033 -0.5696482 0.66549563
v 1.1284602 14.777313 -0.38655525
vt 0.62371 0.70699
vn 0.5766238 0.18597092 -0.79556257
vt 0.61802 0.65039
vt 0.59614 0.73806
vt 0.50726 0.51809
v 0.9080202 14.325264 -0.19535524
vt 0.55858 0.50663
vn 0.4324422 -0.9007122 0.041369464
vt 0.53491 0.51983
vt 0.5905 0.51717
v -1.1284597 14.777313 -0.3865552
vn -0.57662404 0.18597066 -0.79556245
v -1.0584396 14.563814 -0.39268523
vn -0.38767254 -0.40777814 -0.8266965
v -0.94871956 14.413553 -0.31946522
vn -0.46314728 -0.7456353 -0.4790852
v -1.0974697 14.921953 -0.23594522
vn -0.23105465 0.96147335 0.14893882
v -0.9043396 14.328943 -0.19535522
vn -0.45202962 -0.89183146 0.01749169
vt 0.05209124 0.9402825
vt 0.048891246 0.9392325
vt 0.037711263 0.9392325
vt 0.06364125 0.9402825
vt 0.059001267 0.9392325
v 0.86205024 14.957213 0.6627248
vt 0.067931235 0.9402825
vn 0.68498635 -0.5879632 0.43022433
vt 0.06456125 0.9392325
v 0.9771802 14.9334135 0.30339468
vt 0.07115126 0.9402825
vn 0.74788547 -0.6259605 0.22099952
vt 0.06748128 0.9392325
vt 0.06858122 0.9392325
v 1.0361202 14.900723 -0.061735243
vt 0.07271123 0.9402825
vn 0.85587627 -0.51267594 0.0681121
vt 0.06916124 0.9392325
v 1.0209101 14.876984 -0.40017527
vt 0.07102126 0.9402825
vn 0.7946795 -0.5845908 -0.16351789
vt 0.06851125 0.9392325
v 0.7640601 14.816054 -0.93757504
vt 0.05993128 0.9402825
vn 0.45613903 -0.7049573 -0.54311365
vt 0.05786127 0.9392325
v 1.0931831E-07 14.760373 -1.1276451
vt 0.037711263 0.9402825
vn 1.3158404E-07 -0.8704864 -0.49219263
v -0.7640597 14.816054 -0.937575
vn -0.45613882 -0.7049574 -0.5431136
v -1.0209097 14.876984 -0.4001752
vn -0.79467934 -0.58459103 -0.16351792
v -1.0361197 14.900723 -0.061735228
vn -0.85587615 -0.5126762 0.06811212
v -0.9771796 14.9334135 0.30339468
vn -0.7478851 -0.6259608 0.22099958
v -0.8620495 14.957213 0.66272485
vn -0.68498605 -0.5879635 0.43022442
v -0.8897496 15.463254 0.6510348
vt 0.06890124 0.9659525
vn -0.8046832 0.3372061 0.4886481
vt 0.06709123 0.9672225
vn -0.5729847 0.7919107 0.21110652
vt 0.06275123 0.9672225
vn -0.41976538 0.8016864 0.42555374
v -1.0063396 15.397334 0.30610466
vt 0.072451234 0.9659525
vn -0.9358889 0.30081275 0.1833676
vt 0.07034123 0.9672225
vn -0.65249634 0.7577919 -0.00022952555
v -1.0696596 15.309793 -0.06402526
vt 0.07408124 0.9659525
vn -0.95331985 0.30183965 -0.008610673
vt 0.07178128 0.9672225
vn -0.6071099 0.77555525 -0.17300779
v -1.0461997 15.206324 -0.42124522
vt 0.07193124 0.9659525
vn -0.9141816 0.3029113 -0.26928937
vt 0.06986123 0.9672225
vn -0.51722765 0.7839867 -0.34327894
v -0.79879975 15.066645 -0.95968497
vt 0.06059122 0.9659525
vn -0.6517502 0.304391 -0.694671
vt 0.05849123 0.9672225
vn -0.2654104 0.8142825 -0.5162377
v 7.171411E-08 14.9888935 -1.174795
vt 0.037711263 0.9659525
vn -1.9833163E-07 0.19254372 -0.98128843
vt 0.037711263 0.9672225
vn -2.8451385E-07 0.8078721 -0.58935785
v 0.7988 15.066645 -0.959685
vn 0.65174997 0.3043912 -0.6946712
vn 0.2654099 0.8142826 -0.5162378
v 1.0462002 15.206324 -0.42124522
vn 0.9141815 0.30291164 -0.26928946
vn 0.51722735 0.78398687 -0.343279
v 1.0696601 15.309793 -0.064025275
vn 0.9533197 0.30183998 -0.008610685
vn 0.60710955 0.7755555 -0.17300779
v 1.0063403 15.397334 0.30610466
vn 0.9358888 0.300813 0.18336761
vn 0.65249604 0.7577921 -0.0002295337
v 0.8897502 15.463254 0.65103483
vn 0.8046832 0.33720633 0.48864806
vn 0.57298446 0.7919109 0.21110652
vt 0.06419122 0.9659525
vn 0.41976508 0.8016865 0.4255537
vt 0.052321255 0.9659525
vt 0.05143124 0.9672225
vn 0.26316544 0.71676296 0.64575136
vn -3.4603637E-08 0.64261067 0.7661929
vn -0.26316553 0.7167629 0.6457514
v 0.38295007 14.460434 -1.355215
vt 0.463 0.93734
vn 0.89945763 -0.05468121 0.4335736
v 0.17464006 14.477083 -1.538215
vt 0.45823002 0.93465
vn 0.04610226 0.2521654 -0.96658534
v 0.4705701 14.049184 -1.525045
vt 0.46503 0.90935
vn 0.34144378 -0.7941289 0.5027678
v 0.34550005 14.769434 -1.1903151
vt 0.46272004 0.95
vn 0.7721482 0.15320222 0.6166979
v 0.18495008 14.405814 -1.4238651
vt 0.45817 0.93481
vn -0.0068845926 -0.3919426 0.91996396
v 0.0069501232 14.298404 -1.427705
vt 0.45168 0.92871
vn -0.65880835 -0.7253888 0.1994556
v -0.1345799 14.598114 -1.280755
vt 0.44497 0.94123
vn -0.8233425 -0.38122913 0.42044207
v 0.07126009 14.690345 -1.2834551
vt 0.45361996 0.94763
vn 0.059234973 -0.53572726 0.84231085
v 0.0033200937 14.872214 -1.1272651
vt 0.45006 0.96135
vn -0.33813477 0.27780798 0.89915943
v 0.059930056 14.7497635 -1.4393051
vt 0.45402002 0.94884
vn -0.20199563 0.66798383 -0.716237
v -0.03398006 15.382534 -1.7177749
vt 0.44797003 0.98217
vn 0.7948783 0.2041294 -0.5714015
v -0.25828004 15.415044 -1.620015
vt 0.44078004 0.98315
vn -0.41912672 0.79590946 0.43687636
v -0.41531006 15.389724 -2.101075
vt 0.43848002 0.98743
vn 0.33280015 -0.22669737 -0.9153428
v 0.16302998 15.192965 -1.4216851
vt 0.45417 0.97785
vn 0.9775447 0.025204547 -0.20921524
v -0.24921003 15.294744 -1.6916249
vt 0.44230998 0.98049
vn 0.44682476 -0.71777153 -0.53399587
v -0.39954996 15.145034 -1.7096549
vt 0.43635 0.97396
vn -0.6174263 -0.71067303 -0.3372369
v -0.28884995 14.941234 -1.409665
vt 0.43746 0.96496
vn -0.53077126 -0.834556 -0.14764236
v -0.10779996 15.117034 -1.379445
vt 0.4446 0.9741
vn 0.36618808 -0.65551156 -0.66046256
v 0.011270093 14.8730135 -1.1263751
vt 0.45036 0.96434
vn 0.49264482 -0.85331905 0.17072698
v -0.14639996 15.223564 -1.324325
vt 0.44333 0.97778
vn -0.30260524 0.564579 0.7679066
o Mesh_2
g polygon_0
usemtl Joint_0_Object_2_Material_2
f 118/253/118 371/255/371 35/254/35
f 371/255/371 118/253/118 68/256/68
f 372/257/372 373/259/373 35/258/35
f 373/259/373 372/257/372 68/256/68
f 374/260/374 376/262/376 375/261/375
f 377/263/377 374/260/374 375/261/375
f 377/263/377 375/261/375 378/264/378
f 379/265/379 377/263/377 378/264/378
f 380/266/380 379/265/379 378/264/378
f 380/266/380 378/264/378 381/267/381
f 382/268/382 380/266/380 381/267/381
f 382/268/382 381/267/381 383/269/383
f 372/257/372 35/271/35 384/270/384
f 68/256/68 372/257/372 384/270/384
f 371/255/371 68/256/68 384/270/384
f 371/255/371 384/270/384 35/272/35
f 70/273/70 35/275/35 385/274/385
f 68/256/68 70/273/70 385/274/385
f 373/259/373 68/256/68 385/274/385
f 373/259/373 385/274/385 35/276/35
f 386/270/386 37/271/37 387/257/387
f 148/256/148 386/270/386 387/257/387
f 388/259/388 148/256/148 387/257/387
f 388/259/388 387/257/387 37/258/37
f 132/253/132 37/254/37 389/255/389
f 148/256/148 132/253/132 389/255/389
f 386/270/386 148/256/148 389/255/389
f 386/270/386 389/255/389 37/272/37
f 388/259/388 37/276/37 390/274/390
f 148/256/148 388/259/388 390/274/390
f 147/273/147 148/256/148 390/274/390
f 147/273/147 390/274/390 37/275/37
f 381/277/381 10/279/10 8/278/8
f 383/280/383 381/277/381 8/278/8
f 383/280/383 8/278/8 6/281/6
f 391/282/391 383/280/383 6/281/6
f 391/282/391 6/281/6 5/283/5
f 392/284/392 391/282/391 5/283/5
f 392/284/392 5/283/5 65/285/65
f 392/284/392 65/285/65 138/286/138
f 393/287/393 392/284/392 138/286/138
f 393/287/393 138/286/138 119/288/119
f 394/289/394 393/287/393 119/288/119
f 394/289/394 119/288/119 117/290/117
f 395/291/395 394/289/394 117/290/117
f 395/291/395 117/290/117 135/292/135
f 396/293/396 395/291/395 135/292/135
f 396/293/396 135/292/135 136/279/136
f 396/293/396 136/279/136 137/292/137
f 397/291/397 396/293/396 137/292/137
f 397/291/397 137/292/137 133/290/133
f 398/289/398 397/291/397 133/290/133
f 398/289/398 133/290/133 134/288/134
f 399/287/399 398/289/398 134/288/134
f 399/287/399 134/288/134 156/286/156
f 400/284/400 399/287/399 156/286/156
f 400/284/400 156/286/156 150/285/150
f 400/284/400 150/285/150 17/283/17
f 401/282/401 400/284/400 17/283/17
f 401/282/401 17/283/17 15/281/15
f 376/280/376 401/282/401 15/281/15
f 376/280/376 15/281/15 13/278/13
f 375/277/375 376/280/376 13/278/13
f 375/277/375 13/278/13 10/279/10
f 378/293/378 375/277/375 10/279/10
f 378/293/378 10/279/10 381/277/381
f 402/294/402 227/296/404 230/295/403
f 403/297/405 402/294/402 230/295/403
f 403/297/405 230/295/403 232/298/406
f 404/299/407 403/297/405 232/298/406
f 404/299/407 232/298/406 281/300/408
f 405/301/409 404/299/407 281/300/408
f 405/301/409 281/300/408 270/302/410
f 406/303/411 405/301/409 270/302/410
f 406/303/411 270/302/410 191/304/412
f 407/305/413 406/303/411 191/304/412
f 407/305/413 191/304/412 266/306/414
f 408/303/415 407/305/413 266/306/414
f 408/303/415 266/306/414 260/304/416
f 409/301/417 408/303/415 260/304/416
f 409/301/417 260/304/416 296/302/418
f 410/299/419 409/301/417 296/302/418
f 410/299/419 296/302/418 294/300/420
f 411/297/421 410/299/419 294/300/420
f 411/297/421 294/300/420 289/298/422
f 412/294/423 411/297/421 289/298/422
f 412/294/423 289/298/422 290/295/424
f 382/307/382 412/294/423 290/295/424
f 382/307/382 290/295/424 240/296/425
f 380/308/380 382/307/382 240/296/425
f 380/308/380 240/296/425 241/309/426
f 379/305/379 380/308/380 241/309/426
f 379/305/379 241/309/426 225/306/427
f 377/308/377 379/305/379 225/306/427
f 377/308/377 225/306/427 226/309/428
f 374/307/374 377/308/377 226/309/428
f 374/307/374 226/309/428 227/296/404
f 374/307/374 227/296/404 402/294/402
f 376/280/376 374/307/374 402/294/402
f 401/282/401 376/280/376 402/294/402
f 401/282/401 402/294/402 403/297/405
f 400/284/400 401/282/401 403/297/405
f 400/284/400 403/297/405 404/299/407
f 399/287/399 400/284/400 404/299/407
f 399/287/399 404/299/407 405/301/409
f 398/289/398 399/287/399 405/301/409
f 398/289/398 405/301/409 406/303/411
f 397/291/397 398/289/398 406/303/411
f 397/291/397 406/303/411 407/305/413
f 396/293/396 397/291/397 407/305/413
f 395/291/395 396/293/396 407/305/413
f 395/291/395 407/305/413 408/303/415
f 394/289/394 395/291/395 408/303/415
f 394/289/394 408/303/415 409/301/417
f 393/287/393 394/289/394 409/301/417
f 393/287/393 409/301/417 410/299/419
f 392/284/392 393/287/393 410/299/419
f 392/284/392 410/299/419 411/297/421
f 391/282/391 392/284/392 411/297/421
f 391/282/391 411/297/421 412/294/423
f 383/280/383 391/282/391 412/294/423
f 383/280/383 412/294/423 382/307/382
f 413/310/429 415/312/431 414/311/430
f 413/310/429 414/311/430 416/313/432
f 413/310/429 416/313/432 417/314/433
f 415/312/431 413/310/429 417/314/433
f 415/312/431 417/314/433 418/315/434
f 414/311/430 415/312/431 418/315/434
f 419/316/435 414/311/430 418/315/434
f 419/316/435 418/315/434 417/314/433
f 420/317/436 419/316/435 417/314/433
f 420/317/436 417/314/433 416/313/432
f 420/317/436 416/313/432 421/318/437
f 419/316/435 420/317/436 421/318/437
f 419/316/435 421/318/437 422/319/438
f 414/311/430 419/316/435 422/319/438
f 416/313/432 414/311/430 422/319/438
f 416/313/432 422/319/438 421/318/437
f 423/320/439 425/322/441 424/321/440
f 423/320/439 424/321/440 426/323/442
f 423/320/439 426/323/442 427/324/443
f 425/322/441 423/320/439 427/324/443
f 425/322/441 427/324/443 428/325/444
f 424/321/440 425/322/441 428/325/444
f 429/326/445 424/321/440 428/325/444
f 429/326/445 428/325/444 427/324/443
f 430/327/446 429/326/445 427/324/443
f 430/327/446 427/324/443 426/323/442
f 430/327/446 426/323/442 431/328/447
f 429/326/445 430/327/446 431/328/447
f 429/326/445 431/328/447 432/329/448
f 424/321/440 429/326/445 432/329/448
f 426/323/442 424/321/440 432/329/448
f 426/323/442 432/329/448 431/328/447
v 3.7334514 12.727309 -0.92636055
vt 0.70561 0.87487
vn -0.100080825 0.010492836 -0.994924
v 4.132778 12.52632 -0.92178
vt 0.74251 0.90267
vn -0.12933668 -0.4307017 -0.89317864
v 4.116643 12.886623 -0.92232
vt 0.74101 0.85063
vn -0.10243144 0.34964538 -0.9312658
v 1.0409906 12.13239 0.85028905
vt 0.38620996 0.81026
vn 0.3760982 0.17900164 0.9091252
v 1.3639501 12.73805 0.5126811
vt 0.42071998 0.85028
vn 0.20027243 0.29982242 0.9327366
v 1.4934789 12.275001 0.6083499
vt 0.42071998 0.81026
vn 0.46289495 -0.047247633 0.88515306
v 0.9955605 12.68033 0.6818091
vt 0.38620996 0.85028
vn 0.22030438 0.41110215 0.8845683
v 1.2773746 13.12026 0.20680258
vt 0.42071998 0.86262
vn -0.026221003 0.77671385 0.62930757
v 0.9297196 13.181225 0.36891404
vt 0.38620996 0.8742
vn 0.5618501 0.09519065 0.821744
v 1.2384909 13.340218 -0.29623
vt 0.42825997 0.88303
vn 0.7002636 0.7010352 -0.13483523
v 1.0049002 13.472369 -0.8635908
vt 0.40600002 0.88489
vn 0.7013945 -0.08040165 -0.70822406
v 1.3283048 13.113347 -0.8174902
vt 0.42071998 0.90199
vn 0.2245928 0.64415145 -0.731182
v 0.56625026 13.463389 -1.156181
vt 0.38906002 0.88548
vn 0.33909398 -0.08063289 -0.9372906
v 0.7818701 13.015861 -1.2927607
vt 0.38906002 0.90511
vn 0.21002549 0.24783778 -0.945762
v 1.44406 12.599441 -1.17198
vt 0.42119002 0.94425
vn 0.25399414 0.00031438164 -0.9672057
v 0.85597026 12.30395 -1.3304607
vt 0.38953 0.94425
vn 0.23713775 -0.06756465 -0.96912366
v 0.48607063 12.618609 0.92642903
vt 0.34415996 0.85028
vn 0.28955227 0.36348718 0.8854584
v 0.47693053 13.06391 0.73686904
vt 0.34415996 0.8742
vn 0.40736917 -0.08303536 0.9094809
v 0.48462075 12.052381 1.108459
vt 0.34415996 0.81026
vn 0.2760611 0.18802112 0.9425701
v -0.78186965 13.015861 -1.2927607
vn -0.2100259 0.24783775 -0.9457619
v 2.6218913E-07 13.45342 -1.2586409
vt 0.35065 0.88548
vn -1.6085814E-07 -0.038866773 -0.9992444
v -0.56624967 13.463389 -1.156181
vn -0.3390942 -0.08063298 -0.9372905
v 3.1310992E-07 12.98273 -1.3324507
vt 0.35065 0.90511
vn -1.7694146E-07 0.09372286 -0.9955983
vt 0.25126004 0.94068
vt 0.17203999 0.88248
vt 0.18147004 0.94498
v 4.0588293E-07 12.22189 -1.3843607
vt 0.25126004 0.87265
vn -1.3228765E-07 -0.093197815 -0.9956476
v 0.89712715 11.54882 -1.2086306
vt 0.16935998 0.81197
vn 0.20844856 -0.106221795 -0.97224796
v 5.1501047E-07 11.512461 -1.2870332
vt 0.25126004 0.80561
vn -1.3458926E-07 -0.08409146 -0.99645805
v -0.8971262 11.54882 -1.2086307
vt 0.32674003 0.81197
vn -0.20844883 -0.10622186 -0.9722479
v -0.85596955 12.30395 -1.3304608
vt 0.32427 0.88248
vn -0.23713802 -0.06756473 -0.9691236
vt 0.31558 0.94498
vt 0.43934 0.79368
v 1.6590103 11.883728 -0.9279501
vt 0.38769996 0.77816
vn 0.48477948 -0.5040992 -0.7147537
vt 0.42071998 0.81097
v 1.3926331 11.44569 -0.97415
vt 0.37804997 0.72735
vn 0.7165415 -0.16944313 -0.6766515
v 1.77955 11.6705885 -0.37819088
vt 0.33086002 0.76179
vn 0.7436197 -0.6662891 0.05557653
v 1.6858016 11.363601 -0.3979837
vt 0.33086002 0.71442
vn 0.98888993 -0.12052229 -0.0870124
v 1.5683966 11.44237 0.34466
vt 0.23215997 0.71666
vn 0.9115448 -0.044989977 0.40873227
v 1.6579474 11.931968 0.31937
vt 0.23215997 0.7687
vn 0.70307577 -0.42670923 0.5688618
vt 0.18334997 0.8007
v 1.0938243 11.37659 0.92595994
vt 0.12605 0.71168
vn 0.5439194 0.07408454 0.8358607
vt 0.12605 0.78899
v 0.50274277 11.28742 1.1730701
vt 0.05157 0.70256
vn 0.2601348 0.102863744 0.9600776
vt 0.050939977 0.7808
v 0 11.26764 1.2448
vt 0.005469978 0.70054
vn 1.0598839E-07 0.08855391 0.9960714
v 8.301877E-07 12.04001 1.193729
vt 0.005469978 0.7808
vn 9.72776E-08 0.22577688 0.974179
vt 0.049679995 0.83872
v 7.313124E-07 12.58472 1.0218091
vt 0.005469978 0.83525
vn 5.9753674E-08 0.35683087 0.934169
vt 0.049679995 0.88427
v 6.458504E-07 13.022631 0.845129
vt 0.005469978 0.88004
vn 2.468112E-07 -0.45415273 0.8909239
v 0.52538055 13.15185 0.8189489
vt 0.049679995 0.89326
vn 0.45578268 -0.5549336 0.69592446
v 6.506216E-07 13.10605 0.94707906
vt 0.005469978 0.88858
vn -0.013719697 -0.36825392 0.929624
v 0.5157804 13.70652 0.89832896
vt 0.049679995 0.93683
vn 0.445773 0.2091531 0.87036854
v 5.9004014E-07 13.664371 1.0334691
vt 0.005469978 0.93252
vn -0.031195754 0.54746705 0.83624566
v 0.4741805 13.8062 0.795649
vt 0.049679995 0.96548
vn -0.06431083 0.99761915 0.024904137
v 5.5233704E-07 13.76895 0.8798689
vt 0.005469978 0.96168
vn 0.011246603 0.97732496 -0.21144627
vt 0.005469978 0.99767
vn 0.017656853 0.4915547 -0.8706677
vt 0.049679995 0.99767
vn -0.5896742 0.4650236 -0.66033137
v -1.3926331 11.44569 -0.97415006
vn -0.7165417 -0.16944315 -0.6766514
vt 0.43934 0.7293
v -0.9165327 10.456551 -1.1360972
vt 0.43934 0.63573
vn -0.42330235 0.057736035 -0.9041469
vt 0.49438 0.72558
v 0 10.456551 -1.2211518
vt 0.49438 0.63573
vn -1.0575243E-07 0.110701144 -0.99385375
v 0.9165327 10.456551 -1.1360972
vn 0.42330217 0.057736035 -0.904147
vt 0.05440998 0.95965
vt 0.13457 0.95331
vt 0.05440998 0.95331
v 1.0553027 13.297041 0.42854398
vt 0.13457 0.95965
vn 0.8158299 -0.26810288 0.51238906
vt 0.24414998 0.95331
v 1.3098707 13.521519 -0.34448084
vt 0.24414998 0.95965
vn 0.9984588 -0.052253753 -0.018698817
v 1.0588902 13.56489 -0.8512139
vt 0.34310997 0.95965
vn 0.73272204 -0.23298824 -0.639402
vt 0.34310997 0.95331
v 0.5989301 13.560221 -1.231501
vt 0.42043 0.95965
vn 0.3603264 -0.30337366 -0.88211644
vt 0.42043 0.95331
v 2.3605844E-07 13.5553 -1.3400009
vt 0.49774003 0.95965
vn -3.7987512E-08 -0.42814094 -0.90371203
vt 0.49774003 0.95331
v -0.59892976 13.560221 -1.231501
vn -0.36032647 -0.30337372 -0.8821163
v -1.0048995 13.472369 -0.8635907
vn -0.7013946 -0.080401845 -0.70822394
v -1.0588895 13.56489 -0.85121375
vn -0.7327221 -0.23298842 -0.63940185
v -0.5558798 14.234151 -1.196721
vt 0.42043996 0.98721
vn -0.36631015 0.5707956 -0.73485327
v -0.9746596 14.19563 -0.8501108
vt 0.34310997 0.98721
vn -0.6750467 0.57790846 -0.45862162
v -1.3098702 13.521519 -0.34448084
vn -0.99845874 -0.05225405 -0.018698804
v -1.232222 14.08019 -0.26206088
vt 0.24414998 0.98721
vn -0.7139609 0.68294424 0.1544247
v -0.9760544 13.843302 0.50467396
vt 0.13455999 0.98721
vn -0.65267336 0.44092977 0.61611557
v -1.0553015 13.297041 0.428544
vn -0.8094872 -0.25762188 0.5275997
v -0.4793894 13.70652 0.86745906
vt 0.054400027 0.98721
vn -0.43936774 0.23328447 0.8674874
v -0.52537936 13.15185 0.81894904
vn -0.4590221 -0.5345936 0.7095832
v -0.9297187 13.181225 0.3689141
vn -0.56184983 0.09519048 0.82174426
v -0.47692934 13.06391 0.7368691
vn -0.4073689 -0.08303547 0.909481
v 0.9760553 13.843302 0.50467396
vn 0.67385733 0.4413253 0.5925777
v 1.2322227 14.08019 -0.2620609
vn 0.7139607 0.6829444 0.1544247
v 0.9746601 14.19563 -0.8501108
vn 0.6750464 0.57790875 -0.45862177
v 0.5558801 14.234151 -1.196721
vn 0.36630967 0.5707959 -0.73485327
v 1.5334808E-07 14.23103 -1.2959208
vt 0.49775004 0.98721
vn -2.3354013E-07 0.3752108 -0.92693955
v 1.6008289E-07 14.27836 -1.2121308
vt 0.49775004 0.97216
vn -2.331588E-07 0.9999147 0.013061931
v 0.51002014 14.283381 -1.1053909
vt 0.42043996 0.97216
vn -0.19465311 0.8206474 0.5372597
v 0.8793101 14.2644 -0.7827509
vt 0.34310997 0.97216
vn -0.27039847 0.90664613 0.32384807
v 1.1395422 14.145923 -0.2305109
vt 0.24414998 0.97216
vn -0.54166627 0.8284885 0.14214228
v 0.89948106 13.930511 0.43165398
vt 0.13455999 0.97216
vn -0.46241143 0.8863856 -0.022275228
vt 0.054400027 0.97216
vt 0.054400027 0.99809
vt 0.13455999 0.99809
vn -0.8318468 0.40463218 -0.37987348
vt 0.19001997 0.99809
vn -0.8939878 0.37665358 -0.24273026
vt 0.24414998 0.99809
vn -0.9078789 0.31764793 0.27359787
vt 0.34310997 0.99809
vn -0.682875 0.24531808 0.688114
vt 0.42043996 0.99809
vn -0.39900067 0.24647109 0.8832047
v 2.9142484E-07 13.5946 -0.9497781
vt 0.49775004 0.99809
vn 9.6030014E-08 0.23030877 0.97311765
v -0.5100198 14.283381 -1.1053909
vn 0.19465289 0.8206475 0.5372597
v -0.8793097 14.2644 -0.7827508
vn 0.2703981 0.9066462 0.323848
v -1.1395415 14.145923 -0.23051088
vn 0.541666 0.82848877 0.14214228
v -0.8994802 13.930511 0.431654
vn 0.46389633 0.8853281 -0.03153495
v -0.43778944 13.8062 0.7647789
vn 0.06968025 0.99743164 0.01657767
v 2.2021942 11.778449 -0.31289
vt 0.56184 0.99569
vn 0.24676044 -0.9546455 -0.16661714
vt 0.51166 0.9332
vt 0.52101 0.99456
v 2.047443 12.034759 -0.88732004
vt 0.55421 0.94082
vn 0.19083036 -0.5008378 -0.8442424
vt 0.50313 0.87047
v 1.7952833 12.819379 -1.0266873
vt 0.53854 0.87022
vn 0.08972101 0.21296628 -0.9729314
v 2.3373759 12.694526 -1.1105106
vt 0.58071 0.879
vn 0.09868296 0.15391268 -0.9831442
v 2.6447861 13.038922 -0.82977074
vt 0.6242 0.82619
vn 0.25481635 0.6929557 -0.6744488
v 2.4411347 13.065267 -0.85894
vt 0.6002 0.82174
vn 0.05847371 0.74879426 -0.6602182
v 2.0589201 13.011015 -0.83240837
vt 0.56973 0.82499
vn 0.015648209 0.7465176 -0.66518164
v 2.0820212 13.2233515 -0.29849002
vt 0.57992 0.76726
vn -0.09187835 0.9957383 -0.007971729
v 2.4865193 13.319636 -0.29818004
vt 0.60957 0.76869
vn 0.23052774 0.96736085 -0.10521413
v 2.7182229 13.265135 -0.2921808
vt 0.63579 0.76844
vn 0.30621213 0.95192564 0.008468721
v 2.6557631 13.041663 0.24837916
vt 0.62543 0.70995
vn 0.25238466 0.6429027 0.7231723
v 3.8946161 13.014663 0.24032931
vt 0.72088 0.70518
vn 0.025019636 0.6971453 0.7164931
v 3.845085 12.7273 0.39737934
vt 0.71001 0.65263
vn 0.025571099 0.0458166 0.99862254
v 2.3092556 12.715386 0.5152593
vt 0.58397 0.64942
vn 0.11585118 0.14228213 0.98302305
v 2.0616808 12.0276785 0.26047
vt 0.55481 0.56366
vn 0.27347118 -0.7039446 0.65549636
v 3.894616 12.185312 0.2455694
vt 0.72088 0.57865
vn 0.044455133 -0.6690303 0.74190444
vt 0.56184 0.50524
vt 0.52101 0.50524
vt 0.52128 0.55852
v 1.9086926 12.44958 0.56691
vt 0.53923 0.61161
vn 0.24974205 -0.26753724 0.9306196
vt 0.50073 0.63723
v 1.8352704 12.729626 0.50287914
vt 0.53852 0.65456
vn 0.081595026 0.28197116 0.9559469
v 2.043044 13.016003 0.25900987
vt 0.57062 0.70578
vn -0.035171565 0.6660942 0.7450379
v 2.4302883 13.074742 0.29094997
vt 0.5999 0.71113
vn 0.09950297 0.67678493 0.7294253
vt 0.49095 0.85294
vt 0.47112 0.86824
vt 0.49778998 0.85541
v 1.6919959 13.128294 -0.8504788
vt 0.47538996 0.85833
vn 0.041696083 0.81210965 -0.5820133
vt 0.45948 0.8629
v 1.6358964 13.302348 -0.29631084
vt 0.46404004 0.8539
vn -0.012340899 0.9996208 -0.024618713
vt 0.44804 0.85752
v 1.7167758 13.140356 0.25823385
vt 0.45117998 0.84764
vn 0.08694559 0.73069274 0.6771474
vt 0.42959 0.8544
vt 0.44649 0.83137
vt 0.4379 0.81819
vt 0.47954 0.84551
vt 0.46973002 0.8414
vt 0.45630002 0.83645
v -0.48606926 12.618609 0.9264291
vn -0.28955215 0.3634871 0.88545847
v -0.9955592 12.68033 0.6818092
vn -0.22030431 0.4111021 0.88456833
v -0.48461914 12.052381 1.108459
vn -0.2760609 0.18802103 0.94257015
v -1.0409892 12.13239 0.85028917
vn -0.37609804 0.17900154 0.9091253
vn 0.5713496 0.44407135 -0.6901886
v -0.50274277 11.28742 1.17307
vn -0.26013464 0.10286375 0.96007764
v -1.0938243 11.37659 0.92596
vn -0.54391927 0.07408454 0.83586085
v -0.54983586 10.456551 1.2309306
vt 0.05157 0.63573
vn -0.24774715 0.24700202 0.9368091
v -1.1722763 10.456551 0.98633456
vt 0.12605 0.63573
vn -0.60092336 0.23509039 0.7639527
v -1.5683966 11.44237 0.34466
vn -0.9115447 -0.044989977 0.40873244
v -1.6791447 10.460741 0.39158198
vt 0.23215997 0.63573
vn -0.92988974 0.1878597 0.31624964
v -1.6858016 11.363601 -0.3979837
vn -0.98888993 -0.12052229 -0.087012194
v -1.7216709 10.456551 -0.357319
vt 0.33086002 0.63573
vn -0.9483378 0.1072814 -0.29857352
v -1.777745 9.862317 -0.54627484
vt 0.33086002 0.57757
vn -0.9056487 -0.042397995 -0.4219038
v -1.0243813 9.866897 -1.1961331
vt 0.43934 0.57757
vn -0.39121127 -0.17296489 -0.9039009
v 0 9.852237 -1.2948277
vt 0.49438 0.57757
vn -1.0292673E-07 -0.25364164 -0.96729827
v 1.0243813 9.866897 -1.1961331
vn 0.3912111 -0.17296486 -0.90390104
v 1.7777452 9.862317 -0.5462748
vn 0.90564865 -0.042398002 -0.421904
v 1.7216709 10.456551 -0.357319
vn 0.94833773 0.10728141 -0.29857373
v 1.6791447 10.460741 0.39158198
vn 0.92988986 0.18785968 0.31624946
v 1.1722763 10.456551 0.9863346
vn 0.6009235 0.23509039 0.76395255
v 0.54983586 10.456551 1.2309307
vn 0.24774736 0.24700202 0.9368091
v 1.4210855E-14 10.456551 1.3067268
vt 0.005469978 0.63573
vn 1.041243E-07 0.20599571 0.97855294
v 1.4210855E-14 9.852237 1.4868495
vt 0.005469978 0.57757
vn 1.0597714E-07 0.08973438 0.9959658
v 0.55072945 9.852237 1.4367285
vt 0.05157 0.57757
vn 0.26903203 -0.08743226 0.95915455
v 1.3708808 9.862317 1.1006284
vt 0.12605 0.57757
vn 0.636733 -0.04382102 0.76983815
v 1.8425413 9.862317 0.46453997
vt 0.23215997 0.57757
vn 0.96705717 0.014735592 0.25413257
v 1.7720351 9.412893 0.22810999
vt 0.23215997 0.52784
vn 0.9667755 -0.18124855 0.18026139
v 1.6354727 9.411584 -0.33875477
vt 0.33086002 0.52784
vn 0.8404841 -0.2630204 -0.47371596
v 0.88726985 9.412893 -0.99240005
vt 0.43934 0.52784
vn 0.40536317 -0.26814798 -0.87394357
v 0 9.412893 -1.10188
vt 0.49438 0.52784
vn -1.051177E-07 -0.15516292 -0.98788893
v -0.88726985 9.412893 -0.9924
vn -0.40536338 -0.268148 -0.8739435
v -1.6354727 9.411584 -0.33875477
vn -0.8404842 -0.2630204 -0.47371578
v -1.7720351 9.412893 0.22810999
vn -0.9667755 -0.18124855 0.1802616
v -1.8425413 9.862317 0.46453997
vn -0.96705717 0.014735603 0.25413275
v -1.3708808 9.862317 1.1006284
vn -0.6367329 -0.043821026 0.7698383
v -0.55072945 9.852237 1.4367284
vn -0.26903188 -0.08743227 0.9591546
v 2.842171E-14 9.412893 1.27308
vt 0.005469978 0.52784
vn 8.404535E-08 -0.3643027 0.9312806
v 0.52215827 9.412893 1.1990402
vt 0.05157 0.52784
vn 0.24687953 -0.2553825 0.93478894
v 1.3429035 9.415033 0.91622
vt 0.12605 0.52784
vn 0.62005293 -0.21529277 0.7544424
v 1.340993 9.037513 0.90669006
vt 0.12605 0.49993002
vn 0.73100954 -0.02601052 0.68187135
v 1.7573566 9.037513 0.22810999
vt 0.23215997 0.49993002
vn 0.99894094 -0.039405454 0.02375279
v 1.6194568 9.037513 -0.33204478
vt 0.33086002 0.49993002
vn 0.8069649 -0.032838844 -0.58968586
v 0.8808489 9.037513 -0.99240005
vt 0.43934 0.49993002
vn 0.32637838 -0.004527222 -0.9452284
v 0 9.037513 -1.10188
vt 0.49438 0.49993002
vn -1.0640641E-07 3.19012E-14 -1
v -0.8808489 9.037513 -0.9924
vn -0.32637855 -0.004527222 -0.9452283
v -1.6194568 9.037513 -0.33204478
vn -0.80696493 -0.03283884 -0.5896857
v -1.7573566 9.037513 0.22810999
vn -0.99894094 -0.039405454 0.023752997
v -1.340993 9.037513 0.90669
vn -0.7310094 -0.02601052 0.6818715
v -1.3429035 9.415033 0.91621995
vn -0.6200528 -0.21529278 0.7544425
v -0.52215827 9.412893 1.19904
vn -0.24687932 -0.25538254 0.93478894
v 0 9.037513 1.27451
vt 0.005469978 0.49993002
vn 1.0640622E-07 0.001905181 0.9999982
v 0.52215827 9.037513 1.1990402
vt 0.05157 0.49993002
vn 0.2844514 -0.008468954 0.9586531
v -0.52215827 9.037513 1.19904
vn -0.2844512 -0.008468953 0.95865315
vn 0.39900076 0.24647118 0.88320464
vn 0.682875 0.24531822 0.68811387
vn 0.9078788 0.31764817 0.27359787
vn 0.8939876 0.3766539 -0.24273033
vn 0.83184654 0.40463245 -0.37987345
v -0.08303933 13.020441 0.943709
vt 0.44984996 0.81088
vn -0.41628826 0.70642143 0.57242715
v -9.333585E-06 13.032969 0.98641896
vt 0.46182 0.81088
vn -3.8423786E-05 0.7762027 0.63048345
v -9.2320415E-06 12.52211 1.204419
vt 0.46182 0.75117
vn -6.69132E-05 0.1175596 0.99306583
v 0.08306065 13.020431 0.943709
vt 0.47378004 0.81088
vn 0.4162276 0.7064239 0.5724682
v 0.114510745 12.500251 1.142379
vt 0.47378004 0.75117
vn 0.36100334 -0.44093567 0.8217374
v -0.114499226 12.500251 1.1423792
vt 0.44984996 0.75117
vn -0.36107522 -0.4409465 0.82170004
v 5.7659807 12.132687 -0.2565078
vt 0.96348 0.50524
vn 0.95625955 0.2765524 -0.095322885
v 5.5010004 12.580414 0.027971521
vt 0.99693 0.6067
vn 0.9466383 -0.21195889 0.24279512
v 5.501001 12.438847 -0.23363851
vt 0.99693 0.50524
vn 0.9555375 -0.28463602 -0.07700938
v 5.7733502 12.328969 0.20682393
vt 0.96348 0.59658
vn 0.9745077 0.011729573 -0.22404738
v 5.5010004 12.903567 0.027952895
vt 0.99571 0.68981
vn 0.90249616 0.092460506 0.4206562
v 5.7788806 12.747919 0.3794362
vt 0.96348 0.65314
vn 0.99992883 -0.011261031 -0.0039404705
v 5.7695403 13.042623 0.23166071
vt 0.96348 0.71044
vn 0.99939007 -0.0022967577 -0.034845557
v 5.753611 13.198571 -0.2758712
vt 0.96348 0.77054
vn 0.9812844 -0.18009324 -0.06817198
v 5.501001 13.033353 -0.23363861
vt 0.99693 0.77786
vn 0.88413954 0.3753537 0.278221
v 5.759081 13.042232 -0.66516936
vt 0.96348 0.8249
vn 0.9694774 -0.19888744 0.14337847
v 5.501001 12.903567 -0.51338714
vt 0.99815 0.8471
vn 0.886534 0.4537841 -0.09020824
v 5.767231 12.747919 -0.7947111
vt 0.96348 0.87396
vn 0.9486843 0.018484436 0.3156842
v 5.501001 12.580424 -0.5113989
vt 0.99693 0.92845
vn 0.92707735 0.034004033 -0.3733247
v 5.769571 12.307789 -0.6213293
vt 0.96348 0.9227
vn 0.94722664 0.27183953 0.1698966
vt 0.99693 0.99569
vt 0.96348 0.99569
v 5.710781 12.062846 -0.26519597
vt 0.95417 0.99569
vn 0.50725496 -0.861711 -0.012109624
v 5.714171 12.256039 -0.6790388
vt 0.95417 0.92508
vn 0.532497 -0.6321338 -0.5628978
v 5.711421 12.747919 -0.8740045
vt 0.95417 0.87517
vn 0.5481663 -0.04633163 -0.83508515
v 5.705751 13.097682 -0.72908306
vt 0.95417 0.82537
vn 0.55108666 0.5656721 -0.61344814
v 5.701971 13.271569 -0.27587122
vt 0.95417 0.76982
vn 0.5254984 0.85046965 -0.023514045
v 5.7115107 13.086644 0.2904904
vt 0.95417 0.70846
vn 0.5123534 0.61761606 0.5966946
v 5.7179203 12.747919 0.45522314
vt 0.95417 0.65153
vn 0.5151113 -0.031834394 0.8565319
v 5.7162704 12.276249 0.26001412
vt 0.95417 0.59357
vn 0.5113542 -0.65514505 0.5561492
vt 0.95417 0.50524
v -1.2773745 13.120261 0.20680258
vn 0.026221136 0.7767139 0.6293075
v -1.2384906 13.340218 -0.29623
vn -0.7002636 0.7010352 -0.13483508
v -1.36395 12.738051 0.51268107
vn -0.2002722 0.29982245 0.93273664
v -1.4934789 12.275001 0.60835
vn -0.46289477 -0.047247633 0.8851532
v -1.3283046 13.113347 -0.8174903
vn -0.22459297 0.6441514 -0.7311819
v -1.44406 12.599441 -1.1719801
vn -0.25399432 0.00031438164 -0.9672057
v -1.6579474 11.931968 0.31937
vn -0.70307565 -0.4267093 0.56886196
v -1.77955 11.6705885 -0.37819088
vn -0.7436196 -0.66628915 0.05557667
v -1.6590103 11.883728 -0.92795
vn -0.4847796 -0.50409925 -0.71475357
v -1.8352679 12.729628 0.5028791
vn -0.08159479 0.28197107 0.955947
v -1.7030374 13.131241 0.2582338
vn -0.08694552 0.7306926 0.6771475
v -1.6358908 13.302345 -0.2963108
vn 0.012340678 0.9996208 -0.024618631
v -1.6788293 13.119585 -0.8504789
vn -0.041696437 0.8121096 -0.58201325
v -1.7952812 12.81938 -1.0266871
vn -0.08972134 0.21296631 -0.9729314
v 4.27295 11.955073 -0.25698
vt 0.75276 0.50524
vn -0.07348101 -0.995169 0.065109685
v 4.4932017 12.210782 0.25079942
vt 0.77844 0.58117
vn -0.19969139 -0.6168251 0.76134765
v 4.724193 12.096891 0.36596948
vt 0.80725 0.58014
vn 0.07473699 -0.69393194 0.7161514
v 4.472163 11.89389 -0.2517504
vt 0.78205 0.50524
vn 0.086802356 -0.9745492 -0.20668659
v 4.9015203 12.187983 0.25079948
vt 0.8279 0.57893
vn 0.29904947 -0.66250354 0.6867741
v 4.6747227 12.010819 -0.2686004
vt 0.80778 0.50524
vn 0.2682194 -0.9380551 -0.21934225
v 5.127868 12.243882 0.21376674
vt 0.86722 0.59109
vn -0.4244423 -0.7701772 0.47610497
v 5.1383276 12.09447 -0.2599316
vt 0.86722 0.50524
vn -0.42925712 -0.8925777 -0.13799767
v 5.1766615 12.197552 0.30668724
vt 0.88213 0.5932
vn -0.57673943 -0.6189641 0.53315586
v 5.156854 11.963619 -0.26522538
vt 0.88213 0.50524
vn -0.56177115 -0.8272193 -0.011024254
v 5.1727657 12.743679 0.5386157
vt 0.88213 0.65404
vn -0.5983248 -0.03553748 0.8004652
v 5.169519 13.163531 0.3415531
vt 0.88213 0.70648
vn -0.61430645 0.5590231 0.55688494
v 5.166706 13.369295 -0.28261667
vt 0.88213 0.7694
vn -0.61096066 0.7914193 -0.019560399
v 5.1697335 13.168773 -0.8125799
vt 0.88213 0.82757
vn -0.6104918 0.535839 -0.5832464
v 5.1727657 12.743679 -0.9823626
vt 0.88213 0.8764
vn -0.583825 -0.056039043 -0.8099432
v 5.1766734 12.181462 -0.74094605
vt 0.88213 0.93093
vn -0.5748005 -0.6040832 -0.5519855
vt 0.88213 0.99569
v 5.135682 12.241571 -0.6693125
vt 0.86722 0.92734
vn -0.49923033 -0.5563842 -0.6642332
vt 0.86722 0.99569
v 4.6092677 12.276152 -0.7201804
vt 0.79522 0.93179
vn 0.11601215 -0.75038016 -0.6507464
vt 0.80778 0.99569
v 4.264364 12.244113 -0.70539004
vt 0.75466 0.93644
vn 0.0110316165 -0.7820643 -0.6231001
vt 0.78205 0.99569
vt 0.75276 0.99569
v 4.39097 12.52632 -0.91097003
vt 0.76636 0.90291
vn 0.103374235 -0.3299982 -0.9383043
v 4.3829017 12.893284 -0.9139001
vt 0.76561 0.84968
vn 0.095648676 0.40090203 -0.9111141
v 4.251833 13.069315 -0.7141101
vt 0.7535 0.82027
vn -0.12412336 0.78366137 -0.60866106
v 4.2738376 13.267214 -0.26202
vt 0.75085 0.77
vn -0.2004408 0.9695184 0.14091694
v 4.4932017 13.011342 0.25603932
vt 0.78175 0.7035
vn -0.25243834 0.5882392 0.76827705
v 4.562841 12.7273 0.42064935
vt 0.78991 0.65275
vn -0.21871977 0.039082672 0.97500473
v 4.7947335 12.7273 0.5179893
vt 0.81808 0.64927
vn 0.063833736 0.035127725 0.9973421
v 4.9578547 12.727309 0.4297194
vt 0.83662 0.65193
vn 0.2612552 0.039335772 0.96446794
v 5.137851 12.743679 0.37258887
vt 0.86722 0.65413
vn -0.44826335 0.01634282 0.89375216
v 4.6097617 12.7273 -0.89771056
vt 0.79545 0.87418
vn 0.16178022 0.007256485 -0.98680013
v 4.6162786 13.067212 -0.7219006
vt 0.79588 0.82104
vn 0.14617936 0.7477011 -0.6477459
v 4.467725 13.385847 -0.2488707
vt 0.78188 0.7675
vn 0.114324875 0.9862735 -0.11914045
v 4.7235427 13.144502 0.3580593
vt 0.81049 0.70524
vn -0.08624352 0.68607676 0.7223993
v 5.1304526 13.071502 -0.6481189
vt 0.86722 0.81408
vn -0.5075867 0.54958326 -0.66356164
v 5.1285625 13.236725 -0.25848722
vt 0.86722 0.7691
vn -0.48501292 0.86750644 -0.110430695
v 5.1309395 12.743679 -0.82585156
vt 0.86722 0.871
vn -0.6101385 0.005187965 -0.7922778
v 4.907196 13.0594225 0.24065928
vt 0.83176 0.70867
vn 0.24332 0.7253237 0.6439728
v 5.124682 13.021222 0.22304006
vt 0.86722 0.70569
vn -0.5353625 0.6693773 0.51509327
v 4.669415 13.274463 -0.25698066
vt 0.80892 0.7694
vn 0.25334734 0.96736526 -0.0044283965
vt 0.5124 0.76252
v 6.268001 12.874498 -0.0027974397
vt 0.54264 0.77342
vn 0.19127047 0.543946 0.8170302
vt 0.5124 0.77207
v 6.268001 13.003782 -0.23431568
vt 0.54264 0.76583
vn 0.13582233 0.9907253 0.0039749215
v 6.268001 12.874488 -0.46419835
vn 0.17163782 0.53547287 -0.82692766
vt 0.5124 0.78897
v 6.268001 12.645084 -0.46419832
vt 0.54264 0.78672
vn 0.21317127 -0.53514725 -0.81742
vt 0.5124 0.79555
v 6.268001 12.51115 -0.2343156
vt 0.54264 0.79276
vn 0.15883346 -0.987305 0.00092553825
v 6.268001 12.645097 -0.00279741
vn 0.16690549 -0.5322846 0.82994926
v 6.419981 12.665864 -0.046398073
vt 0.55089 0.78672
vn 0.6322358 -0.3194071 0.7058733
v 6.419981 12.852332 -0.04639809
vt 0.55089 0.77342
vn 0.61192423 0.54253894 0.5755001
v 6.419981 12.957422 -0.23431566
vt 0.55089 0.76583
vn 0.54950744 0.8303452 -0.09256557
v 6.419981 12.852341 -0.42059764
vn 0.63565314 0.3182558 -0.70331955
v 6.419981 12.665864 -0.4205976
vn 0.6062572 -0.53961474 -0.5841816
v 6.419981 12.557009 -0.2343156
vt 0.55089 0.79276
vn 0.5451422 -0.83320814 0.092651255
v 6.517981 12.753552 -0.23431563
vt 0.55641 0.77957
vn 0.99998957 -0.004405133 -0.0012206297
v -4.4677224 13.385848 -0.2488706
vn -0.114325106 0.98627347 -0.11914038
v -4.251833 13.069315 -0.71411
vn 0.12412322 0.78366137 -0.60866106
v -4.2738376 13.267214 -0.26202
vn 0.20044082 0.9695184 0.14091691
v -2.058919 13.011006 -0.8324083
vn -0.015648352 0.7465176 -0.66518176
v -2.0820205 13.223344 -0.29849017
vn 0.09187835 0.9957383 -0.007971748
v -2.0430417 13.015997 0.25900975
vn 0.03517172 0.6660942 0.7450379
v -5.5009985 12.580416 0.02797155
vn -0.9466382 -0.21195902 0.24279515
v -5.765978 12.1326885 -0.25650784
vn -0.95625955 0.2765524 -0.09532286
v -5.500998 12.4388485 -0.23363848
vn -0.95553756 -0.28463593 -0.077009425
v -5.7733483 12.328971 0.20682399
vn -0.9745077 0.011729557 -0.22404736
v -5.5009985 12.903569 0.027952924
vn -0.90249616 0.09246048 0.42065638
v -5.7788787 12.747921 0.3794362
vn -0.99992883 -0.011261066 -0.0039404593
v -5.7695384 13.0426235 0.2316608
vn -0.99939007 -0.0022967805 -0.034845557
v -5.7536087 13.198572 -0.2758711
vn -0.9812844 -0.18009327 -0.068171985
v -5.500998 13.033354 -0.23363853
vn -0.8841395 0.37535375 0.27822113
v -5.7590785 13.0422325 -0.6651693
vn -0.9694774 -0.1988875 0.14337851
v -5.500998 12.903569 -0.5133871
vn -0.88653404 0.45378408 -0.0902082
v -5.7672286 12.747921 -0.7947111
vn -0.9486843 0.018484375 0.31568432
v -5.500998 12.580426 -0.51139885
vn -0.92707735 0.034004103 -0.37332463
v -5.7695684 12.307791 -0.6213293
vn -0.9472267 0.27183965 0.1698967
v -5.710778 12.062848 -0.26519594
vn -0.5072548 -0.8617111 -0.012109699
v -5.7141685 12.256041 -0.67903876
vn -0.532497 -0.63213366 -0.5628979
v -5.7114186 12.747921 -0.8740045
vn -0.5481664 -0.046331562 -0.83508503
v -5.7057486 13.097683 -0.729083
vn -0.55108684 0.565672 -0.613448
v -5.7019687 13.27157 -0.2758711
vn -0.52549857 0.8504695 -0.023513965
v -5.7115088 13.086645 0.29049045
vn -0.51235336 0.6176159 0.59669477
v -5.7179184 12.747921 0.45522314
vn -0.515111 -0.031834498 0.8565321
v -5.7162685 12.276251 0.26001418
vn -0.5113539 -0.6551452 0.55614924
v -2.0616808 12.0276785 0.26047
vn -0.2734711 -0.7039446 0.65549636
v -2.309253 12.715387 0.51525927
vn -0.11585088 0.14228201 0.9830231
v -1.9086924 12.44958 0.56690997
vn -0.24974184 -0.26753724 0.9306196
v -3.8450828 12.727302 0.39737934
vn -0.025570797 0.045816492 0.99862254
v -2.6557598 13.04166 0.24837917
vn -0.2523845 0.6429025 0.7231724
v -2.430287 13.0747385 0.29094997
vn -0.09950283 0.676785 0.7294254
v -2.4865205 13.3196335 -0.29818007
vn -0.23052777 0.96736085 -0.10521408
v -2.7182217 13.265132 -0.29218078
vn -0.3062123 0.95192564 0.008468811
v -2.6447835 13.038919 -0.82977074
vn -0.25481668 0.6929557 -0.67444867
v -2.4411318 13.065261 -0.85894006
vn -0.05847385 0.74879426 -0.6602182
v -2.337375 12.694527 -1.1105105
vn -0.098683275 0.15391271 -0.9831442
v -3.73345 12.727311 -0.92636055
vn 0.10008049 0.010492915 -0.994924
v -2.047443 12.034759 -0.88732
vn -0.19083054 -0.5008378 -0.8442424
v -4.264364 12.244113 -0.70539
vn -0.011031749 -0.7820643 -0.6231001
v -2.2021942 11.778449 -0.31289
vn -0.24676047 -0.9546455 -0.16661708
v -4.27295 11.955073 -0.25698
vn 0.073481016 -0.995169 0.06510966
v -4.472161 11.893892 -0.25175047
vn -0.0868022 -0.9745491 -0.20668669
v -4.6747203 12.010821 -0.26860046
vn -0.26821926 -0.9380551 -0.21934241
v -4.6092653 12.276154 -0.72018045
vn -0.11601219 -0.75038 -0.6507466
v -5.138325 12.094472 -0.25993156
vn 0.42925718 -0.8925777 -0.13799779
v -5.1356797 12.241573 -0.66931254
vn 0.49923015 -0.5563841 -0.6642334
v -5.156852 11.963621 -0.26522538
vn 0.56177115 -0.82721925 -0.011024336
v -5.176671 12.181464 -0.7409461
vn 0.5748004 -0.604083 -0.5519857
v -5.172764 12.743681 -0.9823626
vn 0.58382463 -0.05603895 -0.80994344
v -5.169731 13.168774 -0.8125798
vn 0.6104915 0.5358391 -0.5832466
v -5.1667037 13.369296 -0.28261656
vn 0.61096054 0.7914194 -0.019560339
v -5.1695175 13.163532 0.3415532
vn 0.61430645 0.55902296 0.55688506
v -5.172764 12.743681 0.5386157
vn 0.59832495 -0.035537522 0.8004651
v -5.1766596 12.197554 0.30668724
vn 0.5767396 -0.61896396 0.53315574
v -5.1278663 12.243884 0.21376671
vn 0.42444253 -0.770177 0.4761049
v -4.901519 12.187984 0.25079942
vn -0.2990491 -0.6625036 0.6867741
v -4.724191 12.096893 0.36596942
vn -0.0747366 -0.6939319 0.71615154
v -4.4932003 12.210784 0.25079942
vn 0.19969171 -0.61682516 0.76134753
v -3.8946142 12.185314 0.24556941
vn -0.04445475 -0.6690303 0.74190444
v -5.1378493 12.743681 0.372589
vn 0.4482635 0.016342755 0.8937521
v -4.9578533 12.727311 0.4297194
vn -0.26125482 0.03933566 0.96446806
v -4.7947316 12.727302 0.5179894
vn -0.06383343 0.035127632 0.99734217
v -4.5628395 12.727302 0.4206494
vn 0.21872003 0.03908258 0.9750047
v -5.1246805 13.021224 0.22304015
vn 0.5353624 0.6693773 0.5150933
v -5.12856 13.236727 -0.2584871
vn 0.48501277 0.8675066 -0.11043067
v -5.1304502 13.071504 -0.64811885
vn 0.5075864 0.5495834 -0.66356176
v -5.130937 12.743681 -0.8258515
vn 0.6101382 0.005188058 -0.79227805
v -4.6097593 12.727302 -0.8977105
vn -0.1617805 0.007256571 -0.98680013
v -4.3909707 12.52632 -0.91097
vn -0.10337443 -0.3299982 -0.9383043
v -4.132778 12.52632 -0.92178005
vn 0.1293365 -0.43070173 -0.89317864
v -4.116643 12.886623 -0.92232007
vn 0.102431245 0.34964538 -0.9312658
v -4.3829017 12.893284 -0.9139
vn -0.09564887 0.40090203 -0.9111141
v -4.6162763 13.067214 -0.7219005
vn -0.14617968 0.74770105 -0.6477458
v -4.6694126 13.274464 -0.25698057
vn -0.2533475 0.96736526 -0.004428307
v -4.9071946 13.059423 0.2406594
vn -0.24331994 0.72532356 0.64397293
v -4.7235413 13.144504 0.35805935
vn 0.0862436 0.6860767 0.7223994
v -4.4932003 13.011344 0.25603938
vn 0.2524384 0.58823895 0.76827717
v -3.8946142 13.014665 0.24032938
vn -0.025019562 0.69714516 0.7164933
v -6.2679977 12.8745 -0.0027973652
vn -0.1912703 0.54394597 0.81703025
v -6.2679977 13.003783 -0.2343156
vn -0.13582253 0.9907252 0.0039750123
v -6.2679977 12.874491 -0.4641983
vn -0.17163816 0.53547287 -0.82692754
v -6.267998 12.645087 -0.46419826
vn -0.21317136 -0.53514695 -0.8174201
v -6.2679977 12.511153 -0.23431556
vn -0.15883325 -0.98730505 0.0009254522
v -6.2679977 12.645099 -0.0027973503
vn -0.16690508 -0.53228456 0.8299493
v -6.4199777 12.665867 -0.046397984
vn -0.63223547 -0.31940722 0.7058735
v -6.4199777 12.852335 -0.046398
vn -0.6119241 0.5425389 0.57550025
v -6.4199777 12.957424 -0.23431559
vn -0.54950756 0.8303452 -0.092565484
v -6.419978 12.852344 -0.42059755
vn -0.6356533 0.31825572 -0.7033195
v -6.4199777 12.665867 -0.42059755
vn -0.60625714 -0.5396146 -0.5841817
v -6.4199777 12.557012 -0.23431554
vn -0.54514194 -0.83320826 0.09265119
v -6.5179777 12.753555 -0.23431556
vn -0.99998957 -0.004405164 -0.0012206178
o Mesh_3
g polygon_0
usemtl Joint_0_Object_3_Material_3
f 433/330/449 435/332/451 434/331/450
f 436/333/452 438/335/454 437/334/453
f 439/336/455 436/333/452 437/334/453
f 439/336/455 437/334/453 440/337/456
f 441/338/457 439/336/455 440/337/456
f 441/338/457 440/337/456 442/339/458
f 443/340/459 442/339/458 444/341/460
f 445/342/461 443/340/459 444/341/460
f 446/343/462 445/342/461 444/341/460
f 446/343/462 444/341/460 447/344/463
f 448/345/464 446/343/462 447/344/463
f 441/338/457 450/347/466 449/346/465
f 439/336/455 441/338/457 449/346/465
f 439/336/455 449/346/465 451/348/467
f 436/333/452 439/336/455 451/348/467
f 452/343/468 454/342/470 453/349/469
f 455/350/471 452/343/468 453/349/469
f 446/343/462 455/350/471 453/349/469
f 446/343/462 453/349/469 445/342/461
f 455/351/471 446/353/462 448/352/464
f 456/354/472 455/351/471 448/352/464
f 456/354/472 448/352/464 457/355/473
f 456/354/472 457/355/473 458/356/474
f 456/354/472 458/356/474 459/357/475
f 456/354/472 459/357/475 460/358/476
f 455/351/471 456/354/472 460/358/476
f 455/351/471 460/358/476 452/359/468
f 448/360/464 447/362/463 461/361/477
f 462/363/478 448/360/464 461/361/477
f 462/363/478 461/361/477 463/364/479
f 464/365/480 462/363/478 463/364/479
f 465/366/481 464/365/480 463/364/479
f 465/366/481 463/364/479 466/367/482
f 465/366/481 466/367/482 438/368/454
f 467/369/483 465/366/481 438/368/454
f 467/369/483 438/368/454 436/370/452
f 468/371/484 467/369/483 436/370/452
f 468/371/484 436/370/452 451/372/467
f 469/373/485 468/371/484 451/372/467
f 470/374/486 469/373/485 451/372/467
f 470/374/486 451/372/467 449/375/465
f 471/376/487 470/374/486 449/375/465
f 471/376/487 449/375/465 450/377/466
f 472/378/488 471/376/487 450/377/466
f 472/378/488 450/377/466 473/379/489
f 474/380/490 472/378/488 473/379/489
f 474/380/490 473/379/489 475/381/491
f 476/382/492 474/380/490 475/381/491
f 476/382/492 475/381/491 477/383/493
f 478/384/494 476/382/492 477/383/493
f 179/385/495 478/384/494 477/383/493
f 179/385/495 477/383/493 182/386/496
f 479/363/497 460/360/476 459/387/475
f 480/388/498 479/363/497 459/387/475
f 480/388/498 459/387/475 458/389/474
f 481/390/499 480/388/498 458/389/474
f 482/388/500 481/390/499 458/389/474
f 482/388/500 458/389/474 457/387/473
f 462/363/478 482/388/500 457/387/473
f 462/363/478 457/387/473 448/360/464
f 473/391/489 450/393/466 441/392/457
f 483/394/501 473/391/489 441/392/457
f 483/394/501 441/392/457 442/395/458
f 484/396/502 483/394/501 442/395/458
f 485/397/503 484/396/502 442/395/458
f 485/397/503 442/395/458 443/398/459
f 486/399/504 485/397/503 443/398/459
f 486/399/504 443/398/459 445/400/461
f 487/401/505 486/399/504 445/400/461
f 487/401/505 445/400/461 453/402/469
f 487/401/505 453/402/469 454/400/470
f 488/399/506 487/401/505 454/400/470
f 488/399/506 454/400/470 489/398/507
f 488/399/506 489/398/507 490/397/508
f 491/403/509 488/399/506 490/397/508
f 492/404/510 491/403/509 490/397/508
f 492/404/510 490/397/508 493/396/511
f 494/405/512 492/404/510 493/396/511
f 495/406/513 494/405/512 493/396/511
f 495/406/513 493/396/511 496/394/514
f 497/407/515 495/406/513 496/394/514
f 498/391/516 497/407/515 496/394/514
f 498/391/516 496/394/514 499/392/517
f 500/393/518 498/391/516 499/392/517
f 475/407/491 473/391/489 483/394/501
f 501/406/519 475/407/491 483/394/501
f 501/406/519 483/394/501 484/396/502
f 502/405/520 501/406/519 484/396/502
f 503/404/521 502/405/520 484/396/502
f 503/404/521 484/396/502 485/397/503
f 504/403/522 503/404/521 485/397/503
f 504/403/522 485/397/503 486/399/504
f 505/408/523 504/403/522 486/399/504
f 505/408/523 486/399/504 487/401/505
f 505/408/523 487/401/505 488/399/506
f 505/408/523 488/399/506 491/403/509
f 505/408/523 491/403/509 506/409/524
f 504/403/522 505/408/523 506/409/524
f 504/403/522 506/409/524 507/410/525
f 503/404/521 504/403/522 507/410/525
f 503/404/521 507/410/525 508/411/526
f 502/405/520 503/404/521 508/411/526
f 502/405/520 508/411/526 509/412/527
f 502/405/520 509/412/527 510/413/528
f 501/406/519 502/405/520 510/413/528
f 501/406/519 510/413/528 477/414/493
f 475/407/491 501/406/519 477/414/493
f 182/415/496 477/414/493 510/413/528
f 183/416/529 182/415/496 510/413/528
f 185/417/530 183/416/529 510/413/528
f 185/417/530 510/413/528 509/412/527
f 167/418/531 185/417/530 509/412/527
f 167/418/531 509/412/527 508/411/526
f 160/419/532 167/418/531 508/411/526
f 160/419/532 508/411/526 507/410/525
f 159/420/533 160/419/532 507/410/525
f 511/421/534 159/420/533 507/410/525
f 511/421/534 507/410/525 506/409/524
f 512/410/535 511/421/534 506/409/524
f 512/410/535 506/409/524 491/403/509
f 512/410/535 491/403/509 492/404/510
f 513/411/536 512/410/535 492/404/510
f 513/411/536 492/404/510 494/405/512
f 514/412/537 513/411/536 494/405/512
f 515/413/538 514/412/537 494/405/512
f 515/413/538 494/405/512 495/406/513
f 516/414/539 515/413/538 495/406/513
f 516/414/539 495/406/513 497/407/515
f 517/422/540 463/424/479 461/423/477
f 518/425/541 517/422/540 461/423/477
f 518/425/541 461/423/477 447/426/463
f 518/425/541 447/426/463 519/427/542
f 518/425/541 519/427/542 520/428/543
f 433/330/449 518/425/541 520/428/543
f 521/429/544 433/330/449 520/428/543
f 522/430/545 521/429/544 520/428/543
f 523/431/546 522/430/545 520/428/543
f 523/431/546 520/428/543 519/427/542
f 522/430/545 523/431/546 524/432/547
f 522/430/545 524/432/547 525/433/548
f 521/429/544 522/430/545 525/433/548
f 526/434/549 521/429/544 525/433/548
f 526/434/549 525/433/548 527/435/550
f 528/436/551 526/434/549 527/435/550
f 529/437/552 528/436/551 527/435/550
f 529/437/552 527/435/550 530/438/553
f 529/437/552 530/438/553 531/439/554
f 532/440/555 529/437/552 531/439/554
f 517/441/540 532/440/555 531/439/554
f 463/442/479 517/441/540 531/439/554
f 466/443/482 463/442/479 531/439/554
f 466/443/482 531/439/554 533/444/556
f 438/445/454 466/443/482 533/444/556
f 534/446/557 438/445/454 533/444/556
f 530/438/553 534/446/557 533/444/556
f 530/438/553 533/444/556 531/439/554
f 535/447/558 534/446/557 530/438/553
f 535/447/558 530/438/553 536/448/559
f 524/432/547 535/447/558 536/448/559
f 525/433/548 524/432/547 536/448/559
f 527/435/550 525/433/548 536/448/559
f 527/435/550 536/448/559 530/438/553
f 519/449/542 447/451/463 444/450/460
f 537/452/560 519/449/542 444/450/460
f 537/452/560 444/450/460 442/453/458
f 538/454/561 537/452/560 442/453/458
f 538/454/561 442/453/458 440/455/456
f 539/456/562 538/454/561 440/455/456
f 539/456/562 440/455/456 437/457/453
f 534/458/557 539/456/562 437/457/453
f 534/458/557 437/457/453 438/459/454
f 523/460/546 519/449/542 537/452/560
f 523/460/546 537/452/560 538/454/561
f 524/461/547 523/460/546 538/454/561
f 524/461/547 538/454/561 539/456/562
f 535/462/558 524/461/547 539/456/562
f 535/462/558 539/456/562 534/458/557
f 540/346/563 500/347/518 499/338/517
f 540/346/563 499/338/517 541/336/564
f 542/348/565 540/346/563 541/336/564
f 542/348/565 541/336/564 543/333/566
f 179/385/495 178/386/567 516/383/539
f 478/384/494 179/385/495 516/383/539
f 476/382/492 478/384/494 516/383/539
f 476/382/492 516/383/539 497/381/515
f 474/380/490 476/382/492 497/381/515
f 474/380/490 497/381/515 498/379/516
f 472/378/488 474/380/490 498/379/516
f 472/378/488 498/379/516 500/377/518
f 471/376/487 472/378/488 500/377/518
f 471/376/487 500/377/518 540/375/563
f 470/374/486 471/376/487 540/375/563
f 470/374/486 540/375/563 542/372/565
f 469/373/485 470/374/486 542/372/565
f 544/371/568 469/373/485 542/372/565
f 544/371/568 542/372/565 543/370/566
f 544/371/568 543/370/566 545/369/569
f 546/463/570 544/371/568 545/369/569
f 547/464/571 546/463/570 545/369/569
f 547/464/571 545/369/569 548/366/572
f 549/465/573 547/464/571 548/366/572
f 549/465/573 548/366/572 550/365/574
f 551/466/575 549/465/573 550/365/574
f 551/466/575 550/365/574 479/363/497
f 551/466/575 479/363/497 480/388/498
f 552/467/576 551/466/575 480/388/498
f 553/468/577 552/467/576 480/388/498
f 553/468/577 480/388/498 481/390/499
f 554/469/578 553/468/577 481/390/499
f 555/468/579 554/469/578 481/390/499
f 555/468/579 481/390/499 482/388/500
f 556/467/580 555/468/579 482/388/500
f 557/466/581 556/467/580 482/388/500
f 557/466/581 482/388/500 462/363/478
f 557/466/581 462/363/478 464/365/480
f 558/465/582 557/466/581 464/365/480
f 558/465/582 464/365/480 465/366/481
f 559/464/583 558/465/582 465/366/481
f 559/464/583 465/366/481 467/369/483
f 560/463/584 559/464/583 467/369/483
f 560/463/584 467/369/483 468/371/484
f 561/470/585 560/463/584 468/371/484
f 561/470/585 468/371/484 469/373/485
f 561/470/585 469/373/485 544/371/568
f 561/470/585 544/371/568 546/463/570
f 561/470/585 546/463/570 562/471/586
f 560/463/584 561/470/585 562/471/586
f 560/463/584 562/471/586 563/472/587
f 559/464/583 560/463/584 563/472/587
f 559/464/583 563/472/587 564/473/588
f 558/465/582 559/464/583 564/473/588
f 558/465/582 564/473/588 565/474/589
f 557/466/581 558/465/582 565/474/589
f 556/467/580 557/466/581 565/474/589
f 556/467/580 565/474/589 566/475/590
f 556/467/580 566/475/590 567/476/591
f 555/468/579 556/467/580 567/476/591
f 555/468/579 567/476/591 568/477/592
f 554/469/578 555/468/579 568/477/592
f 554/469/578 568/477/592 569/478/593
f 554/469/578 569/478/593 570/477/594
f 553/468/577 554/469/578 570/477/594
f 553/468/577 570/477/594 571/476/595
f 552/467/576 553/468/577 571/476/595
f 552/467/576 571/476/595 572/475/596
f 552/467/576 572/475/596 573/474/597
f 551/466/575 552/467/576 573/474/597
f 549/465/573 551/466/575 573/474/597
f 549/465/573 573/474/597 574/473/598
f 547/464/571 549/465/573 574/473/598
f 547/464/571 574/473/598 575/472/599
f 546/463/570 547/464/571 575/472/599
f 562/471/586 546/463/570 575/472/599
f 562/471/586 575/472/599 576/479/600
f 563/472/587 562/471/586 576/479/600
f 563/472/587 576/479/600 577/480/601
f 564/473/588 563/472/587 577/480/601
f 564/473/588 577/480/601 578/481/602
f 565/474/589 564/473/588 578/481/602
f 566/475/590 565/474/589 578/481/602
f 566/475/590 578/481/602 579/482/603
f 566/475/590 579/482/603 580/483/604
f 567/476/591 566/475/590 580/483/604
f 567/476/591 580/483/604 581/484/605
f 568/477/592 567/476/591 581/484/605
f 568/477/592 581/484/605 582/485/606
f 569/478/593 568/477/592 582/485/606
f 569/478/593 582/485/606 583/486/607
f 569/478/593 583/486/607 584/485/608
f 570/477/594 569/478/593 584/485/608
f 570/477/594 584/485/608 585/484/609
f 571/476/595 570/477/594 585/484/609
f 571/476/595 585/484/609 586/483/610
f 572/475/596 571/476/595 586/483/610
f 572/475/596 586/483/610 587/482/611
f 572/475/596 587/482/611 588/481/612
f 573/474/597 572/475/596 588/481/612
f 574/473/598 573/474/597 588/481/612
f 574/473/598 588/481/612 589/480/613
f 575/472/599 574/473/598 589/480/613
f 576/479/600 575/472/599 589/480/613
f 576/479/600 589/480/613 590/487/614
f 577/480/601 576/479/600 590/487/614
f 577/480/601 590/487/614 591/488/615
f 578/481/602 577/480/601 591/488/615
f 578/481/602 591/488/615 579/482/603
f 588/481/612 587/482/611 592/488/616
f 589/480/613 588/481/612 592/488/616
f 589/480/613 592/488/616 590/487/614
f 163/420/617 511/421/534 512/410/535
f 165/419/618 163/420/617 512/410/535
f 165/419/618 512/410/535 513/411/536
f 172/418/619 165/419/618 513/411/536
f 172/418/619 513/411/536 514/412/537
f 174/417/620 172/418/619 514/412/537
f 174/417/620 514/412/537 515/413/538
f 176/416/621 174/417/620 515/413/538
f 178/415/567 176/416/621 515/413/538
f 178/415/567 515/413/538 516/414/539
f 593/489/622 595/491/624 594/490/623
f 596/492/625 593/489/622 594/490/623
f 596/492/625 594/490/623 595/491/624
f 597/493/626 596/492/625 595/491/624
f 598/494/627 597/493/626 595/491/624
f 598/494/627 595/491/624 593/489/622
f 599/495/628 601/497/630 600/496/629
f 602/498/631 599/495/628 600/496/629
f 602/498/631 600/496/629 603/499/632
f 604/500/633 602/498/631 603/499/632
f 605/501/634 604/500/633 603/499/632
f 606/502/635 605/501/634 603/499/632
f 606/502/635 603/499/632 607/503/636
f 608/504/637 606/502/635 607/503/636
f 608/504/637 607/503/636 609/505/638
f 610/506/639 608/504/637 609/505/638
f 610/506/639 609/505/638 611/507/640
f 612/508/641 610/506/639 611/507/640
f 612/508/641 611/507/640 601/509/630
f 612/508/641 601/509/630 599/510/628
f 612/508/641 599/510/628 613/511/642
f 612/508/641 613/511/642 614/512/643
f 610/506/639 612/508/641 614/512/643
f 610/506/639 614/512/643 615/513/644
f 608/504/637 610/506/639 615/513/644
f 608/504/637 615/513/644 616/514/645
f 606/502/635 608/504/637 616/514/645
f 606/502/635 616/514/645 617/515/646
f 606/502/635 617/515/646 618/516/647
f 605/501/634 606/502/635 618/516/647
f 605/501/634 618/516/647 619/517/648
f 604/500/633 605/501/634 619/517/648
f 604/500/633 619/517/648 620/518/649
f 602/498/631 604/500/633 620/518/649
f 602/498/631 620/518/649 613/519/642
f 599/495/628 602/498/631 613/519/642
f 499/338/517 622/339/651 621/337/650
f 541/336/564 499/338/517 621/337/650
f 541/336/564 621/337/650 623/334/652
f 543/333/566 541/336/564 623/334/652
f 543/333/566 623/334/652 624/335/653
f 625/341/654 622/339/651 489/340/507
f 625/341/654 489/340/507 454/342/470
f 625/341/654 454/342/470 452/343/468
f 626/344/655 625/341/654 452/343/468
f 626/344/655 452/343/468 460/345/476
f 545/369/569 543/370/566 624/368/653
f 548/366/572 545/369/569 624/368/653
f 548/366/572 624/368/653 627/367/656
f 548/366/572 627/367/656 628/364/657
f 550/365/574 548/366/572 628/364/657
f 479/363/497 550/365/574 628/364/657
f 479/363/497 628/364/657 629/361/658
f 460/360/476 479/363/497 629/361/658
f 460/360/476 629/361/658 626/362/655
f 490/397/508 489/398/507 622/395/651
f 493/396/511 490/397/508 622/395/651
f 496/394/514 493/396/511 622/395/651
f 496/394/514 622/395/651 499/392/517
f 630/458/659 624/459/653 623/457/652
f 631/456/660 630/458/659 623/457/652
f 631/456/660 623/457/652 621/455/650
f 632/454/661 631/456/660 621/455/650
f 632/454/661 621/455/650 622/453/651
f 633/452/662 632/454/661 622/453/651
f 633/452/662 622/453/651 625/450/654
f 634/449/663 633/452/662 625/450/654
f 634/449/663 625/450/654 626/451/655
f 532/440/555 517/441/540 635/520/664
f 636/521/665 532/440/555 635/520/664
f 637/522/666 636/521/665 635/520/664
f 637/522/666 635/520/664 638/523/667
f 639/524/668 637/522/666 638/523/667
f 639/524/668 638/523/667 640/525/669
f 641/526/670 639/524/668 640/525/669
f 641/526/670 640/525/669 642/527/671
f 643/528/672 641/526/670 642/527/671
f 643/528/672 642/527/671 644/529/673
f 643/528/672 644/529/673 613/519/642
f 643/528/672 613/519/642 620/518/649
f 645/530/674 643/528/672 620/518/649
f 645/530/674 620/518/649 619/517/648
f 646/531/675 645/530/674 619/517/648
f 646/531/675 619/517/648 618/516/647
f 647/532/676 646/531/675 618/516/647
f 647/532/676 618/516/647 617/515/646
f 647/532/676 617/515/646 616/514/645
f 648/533/677 647/532/676 616/514/645
f 648/533/677 616/514/645 615/513/644
f 649/534/678 648/533/677 615/513/644
f 649/534/678 615/513/644 614/512/643
f 650/535/679 649/534/678 614/512/643
f 650/535/679 614/512/643 613/511/642
f 650/535/679 613/511/642 644/536/673
f 651/537/680 650/535/679 644/536/673
f 651/537/680 644/536/673 642/538/671
f 652/539/681 651/537/680 642/538/671
f 652/539/681 642/538/671 640/540/669
f 653/541/682 652/539/681 640/540/669
f 653/541/682 640/540/669 638/542/667
f 653/541/682 638/542/667 635/543/664
f 653/541/682 635/543/664 517/422/540
f 653/541/682 517/422/540 518/425/541
f 653/541/682 518/425/541 433/330/449
f 653/541/682 433/330/449 434/331/450
f 654/544/683 653/541/682 434/331/450
f 654/544/683 434/331/450 435/332/451
f 655/545/684 654/544/683 435/332/451
f 656/546/685 655/545/684 435/332/451
f 656/546/685 435/332/451 433/330/449
f 656/546/685 433/330/449 521/429/544
f 657/547/686 656/546/685 521/429/544
f 657/547/686 521/429/544 526/434/549
f 657/547/686 526/434/549 528/436/551
f 658/548/687 657/547/686 528/436/551
f 659/549/688 658/548/687 528/436/551
f 659/549/688 528/436/551 529/437/552
f 659/549/688 529/437/552 532/440/555
f 659/549/688 532/440/555 636/521/665
f 660/550/689 659/549/688 636/521/665
f 660/550/689 636/521/665 637/522/666
f 660/550/689 637/522/666 639/524/668
f 661/551/690 660/550/689 639/524/668
f 662/552/691 661/551/690 639/524/668
f 662/552/691 639/524/668 641/526/670
f 645/530/674 662/552/691 641/526/670
f 645/530/674 641/526/670 643/528/672
f 652/539/681 653/541/682 654/544/683
f 663/553/692 652/539/681 654/544/683
f 663/553/692 654/544/683 655/545/684
f 664/554/693 663/553/692 655/545/684
f 664/554/693 655/545/684 656/546/685
f 665/555/694 664/554/693 656/546/685
f 665/555/694 656/546/685 657/547/686
f 666/556/695 665/555/694 657/547/686
f 666/556/695 657/547/686 658/548/687
f 660/550/689 666/556/695 658/548/687
f 660/550/689 658/548/687 659/549/688
f 648/533/677 649/534/678 667/557/696
f 668/558/697 648/533/677 667/557/696
f 664/554/693 668/558/697 667/557/696
f 663/553/692 664/554/693 667/557/696
f 669/559/698 663/553/692 667/557/696
f 669/559/698 667/557/696 649/534/678
f 669/559/698 649/534/678 650/535/679
f 669/559/698 650/535/679 651/537/680
f 663/553/692 669/559/698 651/537/680
f 663/553/692 651/537/680 652/539/681
f 666/556/695 660/550/689 661/551/690
f 670/560/699 666/556/695 661/551/690
f 670/560/699 661/551/690 662/552/691
f 671/561/700 670/560/699 662/552/691
f 646/531/675 671/561/700 662/552/691
f 646/531/675 662/552/691 645/530/674
f 665/555/694 666/556/695 670/560/699
f 665/555/694 670/560/699 672/562/701
f 664/554/693 665/555/694 672/562/701
f 668/558/697 664/554/693 672/562/701
f 671/561/700 668/558/697 672/562/701
f 671/561/700 672/562/701 670/560/699
f 671/561/700 646/531/675 647/532/676
f 668/558/697 671/561/700 647/532/676
f 668/558/697 647/532/676 648/533/677
f 607/563/636 603/565/632 673/564/702
f 607/563/636 673/564/702 674/566/703
f 609/565/638 607/563/636 674/566/703
f 609/565/638 674/566/703 675/564/704
f 611/567/640 609/565/638 675/564/704
f 611/567/640 675/564/704 676/568/705
f 601/569/630 611/567/640 676/568/705
f 601/569/630 676/568/705 677/570/706
f 600/567/629 601/569/630 677/570/706
f 600/567/629 677/570/706 678/568/707
f 603/565/632 600/567/629 678/568/707
f 673/564/702 603/565/632 678/568/707
f 673/564/702 678/568/707 679/571/708
f 673/564/702 679/571/708 680/572/709
f 674/566/703 673/564/702 680/572/709
f 674/566/703 680/572/709 681/573/710
f 675/564/704 674/566/703 681/573/710
f 675/564/704 681/573/710 682/572/711
f 676/568/705 675/564/704 682/572/711
f 676/568/705 682/572/711 683/571/712
f 677/570/706 676/568/705 683/571/712
f 677/570/706 683/571/712 684/574/713
f 678/568/707 677/570/706 684/574/713
f 679/571/708 678/568/707 684/574/713
f 679/571/708 684/574/713 685/575/714
f 680/572/709 679/571/708 685/575/714
f 681/573/710 680/572/709 685/575/714
f 682/572/711 681/573/710 685/575/714
f 683/571/712 682/572/711 685/575/714
f 683/571/712 685/575/714 684/574/713
f 686/555/715 688/547/717 687/546/716
f 633/452/662 634/449/663 689/460/718
f 632/454/661 633/452/662 689/460/718
f 632/454/661 689/460/718 690/461/719
f 631/456/660 632/454/661 690/461/719
f 631/456/660 690/461/719 691/462/720
f 630/458/659 631/456/660 691/462/720
f 692/496/721 694/497/723 693/495/722
f 692/496/721 693/495/722 695/498/724
f 696/499/725 692/496/721 695/498/724
f 696/499/725 695/498/724 697/500/726
f 696/499/725 697/500/726 698/501/727
f 696/499/725 698/501/727 699/502/728
f 700/503/729 696/499/725 699/502/728
f 700/503/729 699/502/728 701/504/730
f 702/505/731 700/503/729 701/504/730
f 702/505/731 701/504/730 703/506/732
f 704/507/733 702/505/731 703/506/732
f 704/507/733 703/506/732 705/508/734
f 694/509/723 704/507/733 705/508/734
f 693/510/722 694/509/723 705/508/734
f 706/511/735 693/510/722 705/508/734
f 707/512/736 706/511/735 705/508/734
f 707/512/736 705/508/734 703/506/732
f 708/513/737 707/512/736 703/506/732
f 708/513/737 703/506/732 701/504/730
f 709/514/738 708/513/737 701/504/730
f 709/514/738 701/504/730 699/502/728
f 710/515/739 709/514/738 699/502/728
f 711/516/740 710/515/739 699/502/728
f 711/516/740 699/502/728 698/501/727
f 712/517/741 711/516/740 698/501/727
f 712/517/741 698/501/727 697/500/726
f 713/518/742 712/517/741 697/500/726
f 713/518/742 697/500/726 695/498/724
f 706/519/735 713/518/742 695/498/724
f 706/519/735 695/498/724 693/495/722
f 714/439/743 716/444/745 715/438/744
f 717/437/746 714/439/743 715/438/744
f 718/435/747 717/437/746 715/438/744
f 718/435/747 715/438/744 719/448/748
f 718/435/747 719/448/748 720/433/749
f 721/434/750 718/435/747 720/433/749
f 722/429/751 721/434/750 720/433/749
f 722/429/751 720/433/749 723/430/752
f 722/429/751 723/430/752 724/428/753
f 725/330/754 722/429/751 724/428/753
f 725/330/754 724/428/753 726/425/755
f 727/541/756 725/330/754 726/425/755
f 727/541/756 726/425/755 728/422/757
f 727/541/756 728/422/757 729/543/758
f 727/541/756 729/543/758 730/542/759
f 727/541/756 730/542/759 731/540/760
f 732/539/761 727/541/756 731/540/760
f 732/539/761 731/540/760 733/538/762
f 734/537/763 732/539/761 733/538/762
f 734/537/763 733/538/762 735/536/764
f 736/535/765 734/537/763 735/536/764
f 736/535/765 735/536/764 706/511/735
f 736/535/765 706/511/735 707/512/736
f 737/534/766 736/535/765 707/512/736
f 737/534/766 707/512/736 708/513/737
f 738/533/767 737/534/766 708/513/737
f 738/533/767 708/513/737 709/514/738
f 739/532/768 738/533/767 709/514/738
f 739/532/768 709/514/738 710/515/739
f 739/532/768 710/515/739 711/516/740
f 740/531/769 739/532/768 711/516/740
f 740/531/769 711/516/740 712/517/741
f 741/530/770 740/531/769 712/517/741
f 741/530/770 712/517/741 713/518/742
f 742/528/771 741/530/770 713/518/742
f 742/528/771 713/518/742 706/519/735
f 742/528/771 706/519/735 735/529/764
f 742/528/771 735/529/764 733/527/762
f 743/526/772 742/528/771 733/527/762
f 743/526/772 733/527/762 731/525/760
f 744/524/773 743/526/772 731/525/760
f 744/524/773 731/525/760 730/523/759
f 745/522/774 744/524/773 730/523/759
f 745/522/774 730/523/759 729/520/758
f 746/521/775 745/522/774 729/520/758
f 747/440/776 746/521/775 729/520/758
f 747/440/776 729/520/758 728/441/757
f 714/439/743 747/440/776 728/441/757
f 714/439/743 728/441/757 628/442/657
f 714/439/743 628/442/657 627/443/656
f 716/444/745 714/439/743 627/443/656
f 716/444/745 627/443/656 624/445/653
f 716/444/745 624/445/653 630/446/659
f 715/438/744 716/444/745 630/446/659
f 715/438/744 630/446/659 691/447/720
f 719/448/748 715/438/744 691/447/720
f 719/448/748 691/447/720 690/432/719
f 720/433/749 719/448/748 690/432/719
f 723/430/752 720/433/749 690/432/719
f 723/430/752 690/432/719 689/431/718
f 724/428/753 723/430/752 689/431/718
f 724/428/753 689/431/718 634/427/663
f 726/425/755 724/428/753 634/427/663
f 726/425/755 634/427/663 626/426/655
f 726/425/755 626/426/655 629/423/658
f 728/422/757 726/425/755 629/423/658
f 728/422/757 629/423/658 628/424/657
f 741/530/770 742/528/771 743/526/772
f 748/552/777 741/530/770 743/526/772
f 748/552/777 743/526/772 744/524/773
f 749/551/778 748/552/777 744/524/773
f 750/550/779 749/551/778 744/524/773
f 750/550/779 744/524/773 745/522/774
f 750/550/779 745/522/774 746/521/775
f 751/549/780 750/550/779 746/521/775
f 751/549/780 746/521/775 747/440/776
f 717/437/746 751/549/780 747/440/776
f 717/437/746 747/440/776 714/439/743
f 740/531/769 741/530/770 748/552/777
f 740/531/769 748/552/777 752/561/781
f 739/532/768 740/531/769 752/561/781
f 739/532/768 752/561/781 753/558/782
f 738/533/767 739/532/768 753/558/782
f 738/533/767 753/558/782 754/557/783
f 737/534/766 738/533/767 754/557/783
f 737/534/766 754/557/783 755/559/784
f 736/535/765 737/534/766 755/559/784
f 734/537/763 736/535/765 755/559/784
f 734/537/763 755/559/784 756/553/785
f 732/539/761 734/537/763 756/553/785
f 732/539/761 756/553/785 757/544/786
f 727/541/756 732/539/761 757/544/786
f 727/541/756 757/544/786 758/331/787
f 725/330/754 727/541/756 758/331/787
f 759/332/788 725/330/754 758/331/787
f 759/332/788 758/331/787 757/544/786
f 760/545/789 759/332/788 757/544/786
f 760/545/789 757/544/786 756/553/785
f 761/554/790 760/545/789 756/553/785
f 754/557/783 761/554/790 756/553/785
f 754/557/783 756/553/785 755/559/784
f 761/554/790 754/557/783 753/558/782
f 762/562/791 761/554/790 753/558/782
f 762/562/791 753/558/782 752/561/781
f 763/560/792 762/562/791 752/561/781
f 763/560/792 752/561/781 748/552/777
f 763/560/792 748/552/777 749/551/778
f 764/556/793 763/560/792 749/551/778
f 764/556/793 749/551/778 750/550/779
f 765/548/794 764/556/793 750/550/779
f 765/548/794 750/550/779 751/549/780
f 766/436/795 765/548/794 751/549/780
f 766/436/795 751/549/780 717/437/746
f 766/436/795 717/437/746 718/435/747
f 766/436/795 718/435/747 721/434/750
f 766/436/795 721/434/750 688/547/717
f 765/548/794 766/436/795 688/547/717
f 764/556/793 765/548/794 688/547/717
f 764/556/793 688/547/717 686/555/715
f 763/560/792 764/556/793 686/555/715
f 762/562/791 763/560/792 686/555/715
f 761/554/790 762/562/791 686/555/715
f 761/554/790 686/555/715 687/546/716
f 760/545/789 761/554/790 687/546/716
f 759/332/788 760/545/789 687/546/716
f 725/330/754 759/332/788 687/546/716
f 722/429/751 725/330/754 687/546/716
f 722/429/751 687/546/716 688/547/717
f 721/434/750 722/429/751 688/547/717
f 767/564/796 696/565/725 700/563/729
f 768/566/797 767/564/796 700/563/729
f 768/566/797 700/563/729 702/565/731
f 769/564/798 768/566/797 702/565/731
f 769/564/798 702/565/731 704/567/733
f 770/568/799 769/564/798 704/567/733
f 770/568/799 704/567/733 694/569/723
f 771/570/800 770/568/799 694/569/723
f 771/570/800 694/569/723 692/567/721
f 772/568/801 771/570/800 692/567/721
f 772/568/801 692/567/721 696/565/725
f 772/568/801 696/565/725 767/564/796
f 773/571/802 772/568/801 767/564/796
f 774/572/803 773/571/802 767/564/796
f 774/572/803 767/564/796 768/566/797
f 775/573/804 774/572/803 768/566/797
f 775/573/804 768/566/797 769/564/798
f 776/572/805 775/573/804 769/564/798
f 776/572/805 769/564/798 770/568/799
f 777/571/806 776/572/805 770/568/799
f 777/571/806 770/568/799 771/570/800
f 778/574/807 777/571/806 771/570/800
f 778/574/807 771/570/800 772/568/801
f 778/574/807 772/568/801 773/571/802
f 779/575/808 778/574/807 773/571/802
f 779/575/808 773/571/802 774/572/803
f 779/575/808 774/572/803 775/573/804
f 779/575/808 775/573/804 776/572/805
f 779/575/808 776/572/805 777/571/806
f 778/574/807 779/575/808 777/571/806
v 6.451601 12.534729 0.1973376
vt 0.684415 0.587836
vn -0.68490094 -0.51636434 0.51408046
v 6.6906815 12.68059 0.45228407
vt 0.681883 0.589767
vn -0.39273584 0.5683111 0.723036
v 6.6906815 12.491189 0.45228413
vt 0.681866 0.589746
vn -0.57525605 -0.5192938 0.63199246
v 6.1585407 12.677215 -0.046989158
vt 0.689394 0.584339
vn -0.7543306 -0.3671028 0.5442618
v 6.1585407 12.852538 -0.046989188
vt 0.687483 0.584331
vn -0.7278966 0.28412685 0.62405014
v 6.268001 12.651791 0.010574311
vt 0.687458 0.585669
vn -0.6468825 -0.36321223 0.67053705
v 6.071031 12.748929 -0.21726912
vt 0.689388 0.578644
vn -0.99959415 -0.019188885 0.021057
v 6.1585407 12.57487 -0.2219357
vt 0.693532 0.584305
vn -0.6091643 -0.79282516 0.01863255
vt 0.693897 0.578556
vt 0.68929 0.58565
v 6.268001 12.519129 -0.21845168
vt 0.692173 0.58565
vn -0.2528951 -0.9621052 -0.10196943
v 6.918671 12.646898 0.04484412
vt 0.689566 0.591936
vn 0.3614399 -0.9233436 -0.12960681
v 6.580441 12.593409 -0.22676569
vt 0.692674 0.590883
vn 0.30362198 -0.94209325 -0.14238694
v 6.569071 12.518099 -0.12820569
vt 0.691176 0.590493
vn 0.27674034 -0.8681467 -0.41199034
v 6.927752 12.689629 -0.22733574
vt 0.693504 0.592489
vn 0.20307863 -0.9789901 -0.018372372
v 6.911521 12.680288 -0.45093572
vt 0.696959 0.592183
vn 0.20092548 -0.96946645 0.14058407
v 6.565732 12.554778 -0.38987565
vt 0.696404 0.58917
vn 0.17150888 -0.98316944 -0.06294997
v 6.892901 12.671159 -0.61056566
vt 0.699821 0.591715
vn 0.043855686 -0.8930371 -0.4478409
v 6.50033 12.611629 -0.53338575
vt 0.69935 0.589031
vn -0.13763234 -0.6459107 -0.75090396
v 6.886671 12.762059 -0.6375557
vt 0.700447 0.588939
vn -0.11420663 0.034802783 -0.99284726
v 7.137601 12.672078 -0.61721575
vt 0.699834 0.592913
vn -0.03414335 -0.81731606 -0.57517713
v 7.137601 12.672078 -0.4946857
vt 0.6981 0.593233
vn 0.1730161 -0.9339293 0.31279624
v 7.158601 12.720078 -0.41728574
vt 0.696556 0.59375
vn 0.19292405 -0.98101616 -0.019689089
v 7.158601 12.720078 -0.28123575
vt 0.694551 0.594264
vn 0.27238238 -0.9331732 0.23451145
v 7.167592 12.731969 -0.18093574
vt 0.69299 0.59444
vn 0.29936615 -0.9336137 -0.19683823
v 7.167592 12.731969 -0.05393584
vt 0.690949 0.594407
vn 0.26526535 -0.96357185 0.03411258
v 7.167592 12.693079 0.038064122
vt 0.689494 0.594071
vn 0.32415605 -0.87426794 -0.36135635
v 7.167592 12.693079 0.18606412
vt 0.687172 0.59404
vn 0.109846726 -0.9029968 0.41536802
v 6.857861 12.699288 0.2624342
vt 0.686891 0.592485
vn 0.48517507 -0.18598571 0.85440886
v 7.219321 12.829078 0.22571412
vt 0.68657 0.593814
vn 0.062446624 0.10675324 0.9923226
v 6.877411 12.925268 0.17872411
vt 0.686533 0.592508
vn -0.058313027 0.6652013 0.7443835
v 7.5146008 12.804077 0.012174055
vt 0.689917 0.597199
vn 0.054290976 0.02709559 -0.9981575
v 7.219321 12.829078 -0.0061059147
vt 0.690203 0.59426
vn 0.9633812 0.26757312 -0.017360894
v 7.4858637 12.706028 0.05316406
vt 0.689275 0.59687
vn 0.022874666 -0.82781917 -0.5605285
v 7.4858637 12.895078 0.052224033
vt 0.68929 0.596982
vn 0.12173526 0.8380318 -0.53186774
v 7.265602 12.921079 0.04328403
vt 0.689429 0.594678
vn 0.23560028 0.87536126 -0.42217913
v 7.265602 12.921079 0.18203408
vt 0.687255 0.594676
vn 0.18309247 0.8805584 0.43714315
v 7.4858637 12.895078 0.17689407
vt 0.687335 0.596973
vn 0.12239659 0.830101 0.54401416
v 7.5146008 12.804077 0.2147341
vt 0.686693 0.597199
vn 0.046478804 0.0391578 0.9981515
v 7.4858637 12.706028 0.17800412
vt 0.687318 0.596869
vn -0.016661944 -0.8155207 0.57848805
v 7.5616946 12.742047 -0.05400587
vt 0.690955 0.597368
vn -0.025432967 -0.8494121 0.52711695
v 7.5616946 12.742047 -0.1797258
vt 0.692925 0.597355
vn -0.002452741 -0.8393702 -0.5435547
v 7.219321 12.829078 -0.22733578
vt 0.693753 0.594339
vn 0.94725233 0.2692013 -0.17390695
v 7.482447 12.7134285 -0.28250578
vt 0.694634 0.596708
vn -0.026680665 -0.8406236 0.5409622
v 7.482447 12.711379 -0.40903577
vt 0.696372 0.596695
vn -0.02116722 -0.8695249 -0.49343532
v 7.187601 12.766288 -0.45864573
vt 0.697297 0.593703
vn 0.99572474 -0.027972266 -0.088033356
v 6.1585407 12.951335 -0.22193578
vt 0.693567 0.584288
vn -0.62529 0.78019184 0.017696472
vt 0.689642 0.584299
vt 0.689496 0.578616
v 6.268001 12.879011 0.010574266
vt 0.689659 0.58562
vn -0.5280112 0.5918628 0.6090178
v 6.451601 12.803732 0.1951544
vt 0.684454 0.587811
vn -0.49509636 0.46855214 0.7316683
v 6.448361 12.948043 0.040393084
vt 0.687029 0.587816
vn -0.16644293 0.8802674 0.44432658
v 6.6667113 12.782289 0.24891406
vt 0.685143 0.58884
vn 0.12251252 0.80715567 0.57748634
vt 0.686496 0.590122
vt 0.686277 0.591491
v 6.8401814 12.675988 0.3098341
vt 0.684808 0.591214
vn 0.84165585 0.50845546 -0.18190257
v 6.8182616 12.687828 0.42993405
vt 0.682672 0.59093
vn 0.17809781 0.9706095 0.16185933
v 6.9239516 12.651269 0.38639396
vt 0.68373 0.591754
vn 0.6644813 0.47555515 -0.576465
v 7.0312014 12.624768 0.489144
vt 0.681669 0.593004
vn 0.6270032 0.594979 -0.50285894
v 7.0183425 12.638529 0.598844
vt 0.679852 0.592787
vn 0.16223761 0.9797709 0.117166206
v 6.9113116 12.625489 0.62992394
vt 0.679382 0.592005
vn -0.4471045 0.5994459 0.66389924
v 6.8148513 12.64769 0.54337394
vt 0.680806 0.590933
vn -0.4758215 0.46526986 0.7464033
v 6.8148513 12.48509 0.54337394
vt 0.680789 0.59092
vn -0.5882502 -0.40851262 0.6979105
v 6.9113116 12.486891 0.62992394
vt 0.679338 0.592012
vn -0.53757703 -0.54066265 0.64706635
v 6.8172317 12.438509 0.4309741
vt 0.682655 0.590921
vn 0.016288253 -0.9997686 0.014052498
v 7.0187216 12.445239 0.583714
vt 0.67988 0.592789
vn 0.060880106 -0.99676156 0.052535646
v 7.0312014 12.48125 0.489144
vt 0.68168 0.592989
vn 0.57804674 -0.54984605 -0.60293555
v 6.9239516 12.4778185 0.386394
vt 0.683761 0.591725
vn 0.6184976 -0.4549213 -0.64070845
v 6.8401814 12.47495 0.30983415
vt 0.684829 0.591205
vn 0.65631497 -0.4492152 -0.6061818
v 6.738852 12.473739 0.16910416
vt 0.686533 0.591212
vn 0.5503692 -0.8087287 -0.20748925
vt 0.688441 0.590978
vt 0.696118 0.587447
vt 0.694787 0.58565
vt 0.694014 0.588226
vt 0.698858 0.587377
v 6.268001 12.651791 -0.47700554
vt 0.697919 0.585676
vn -0.35682803 -0.5382207 -0.7635393
v 6.451601 12.7555485 -0.51403797
vt 0.699992 0.587293
vn -0.14120656 0.075928934 -0.9870641
v 6.268001 12.879011 -0.47700557
vt 0.699617 0.58565
vn -0.37047243 0.49551645 -0.78562945
v 6.1585407 12.677215 -0.41944206
vt 0.697904 0.584294
vn -0.7312285 -0.301307 -0.6119796
v 6.1585407 12.852538 -0.41944206
vt 0.699632 0.58434
vn -0.7817067 0.36407173 -0.5063463
vt 0.700252 0.578615
v 6.451601 12.938751 -0.44913352
vt 0.698169 0.587522
vn -0.12813228 0.7311626 -0.6700623
vt 0.697863 0.585681
v 6.268001 13.007075 -0.21845177
vt 0.694079 0.585644
vn -0.28571942 0.9583132 -0.00051239494
vt 0.697891 0.584332
vt 0.694001 0.578547
vt 0.686561 0.590138
v 6.6667113 12.441218 0.24891412
vt 0.685111 0.588809
vn -0.17279482 -0.9818502 0.078180134
v 6.532171 12.457079 0.079454154
vt 0.688744 0.588793
vn -0.11823264 -0.9910598 -0.061818752
vt 0.691074 0.587076
vt 0.689097 0.58674
vt 0.692384 0.588504
vt 0.689765 0.587661
v 6.900861 12.958658 0.02999404
vt 0.689966 0.590236
vn -0.02056223 0.98497415 0.17147368
v 6.451601 13.009038 -0.2172692
vt 0.69399 0.587608
vn -0.035190906 0.9990225 -0.026752485
v 6.908871 12.9967785 -0.22733578
vt 0.693808 0.590206
vn 0.057438284 0.9965658 -0.05964411
v 6.896202 12.929269 -0.56701577
vt 0.698694 0.589731
vn 0.02679259 0.8739934 -0.48519862
vt 0.6987 0.578637
v 7.5146008 12.804077 -0.24083582
vt 0.693883 0.597063
vn 0.036953647 0.06825614 0.99698323
v 7.482447 12.885077 -0.28369582
vt 0.694653 0.596798
vn 0.1408248 0.8523982 0.50357294
v 7.265602 12.921079 -0.2809258
vt 0.694634 0.594983
vn 0.19787352 0.89136225 0.4078228
v 7.265602 12.921079 -0.41397578
vt 0.6964 0.594978
vn 0.18061288 0.85637236 -0.483741
v 7.482447 12.885077 -0.4092458
vt 0.696376 0.596798
vn 0.10911849 0.82411385 -0.5558144
v 7.5146008 12.804077 -0.4480558
vt 0.697131 0.597063
vn 0.03553 0.04722151 -0.9982524
v 7.5432057 12.706847 -0.4077658
vt 0.696352 0.597519
vn -0.027077446 -0.8999749 -0.43509996
v 7.80527 12.700758 -0.39820576
vt 0.696227 0.599132
vn -0.0075510247 -0.82179886 -0.5697277
v 7.827591 12.806078 -0.4356058
vt 0.696936 0.599467
vn 0.066578336 0.1255162 -0.98985505
v 7.80527 12.865078 -0.40056583
vt 0.696264 0.599199
vn 0.085310586 0.8649778 -0.49450535
v 7.8516765 12.860349 -0.3970958
vt 0.696279 0.599686
vn 0.07799351 0.9235277 -0.37551785
v 7.8516765 12.860349 -0.28938583
vt 0.694718 0.599667
vn 0.07194611 0.92386436 0.37589675
v 7.80527 12.865078 -0.2893458
vt 0.694718 0.599199
vn 0.058746383 0.87445647 0.48153383
v 7.827591 12.806078 -0.25211582
vt 0.694059 0.599467
vn 0.026090916 0.15025885 0.98830235
v 7.80527 12.700758 -0.28579578
vt 0.69466 0.599136
vn -0.020274939 -0.8172974 0.5758593
v 7.5432057 12.708848 -0.2836958
vt 0.694653 0.597519
vn -0.046759076 -0.89713717 0.43927035
v 7.8516765 12.699078 -0.2843558
vt 0.694638 0.599773
vn -0.0223413 -0.8818644 0.47097355
v 7.974591 12.700078 -0.28583577
vt 0.69477 0.601144
vn 0.10312192 -0.80999136 0.5773039
v 8.129601 12.809078 -0.2631958
vt 0.694282 0.602156
vn 0.80654585 0.063931316 0.58770454
v 8.094601 12.732078 -0.2940158
vt 0.694776 0.601785
vn 0.4812606 -0.83538145 0.26556784
v 8.094601 12.732078 -0.37824577
vt 0.696123 0.601778
vn 0.69302684 -0.66914153 -0.2682601
v 8.129601 12.809078 -0.4060558
vt 0.696569 0.602144
vn 0.61481696 0.019780176 -0.78842175
v 7.974591 12.700078 -0.39160576
vt 0.696123 0.601152
vn 0.17956468 -0.80233383 -0.5692249
v 7.8516765 12.699078 -0.39791575
vt 0.696292 0.599773
vn 0.0060930867 -0.8883884 -0.45905226
v 7.5432057 12.876798 -0.28578582
vt 0.694686 0.597379
vn 0.10222174 0.9136074 0.39353815
v 7.5432057 12.876798 -0.4089558
vt 0.69637 0.597379
vn 0.07890342 0.9071172 -0.4134158
v 8.058601 12.724077 -0.06357589
vt 0.691087 0.601419
vn 0.17636321 -0.80242586 0.5700954
v 7.915601 12.828077 -0.024125941
vt 0.690487 0.600185
vn 0.03945657 0.07281639 0.99656457
v 8.201601 12.828077 -0.043075934
vt 0.690758 0.602761
vn 0.5901796 -0.04511428 0.80601037
v 7.9386916 12.726189 -0.060075894
vt 0.69105 0.600596
vn -0.023574045 -0.8888567 0.45757845
v 7.892625 12.729077 -0.06007589
vt 0.69105 0.599924
vn -0.027535116 -0.8287569 0.55893093
v 7.590601 12.828077 -0.01129593
vt 0.690285 0.597618
vn 0.025532832 0.01639331 0.99953955
v 7.621777 12.737078 -0.055565882
vt 0.690979 0.598074
vn -0.03571162 -0.9065745 0.4205323
v 7.621777 12.737078 -0.1789358
vt 0.692914 0.598093
vn -0.0490101 -0.8967468 -0.43982175
v 7.590601 12.828077 -0.2167158
vt 0.693506 0.597618
vn 0.025463318 0.022197034 -0.99942935
v 7.892625 12.729077 -0.17305583
vt 0.692821 0.59992
vn -0.00784603 -0.8177977 -0.5754523
v 7.9386916 12.726189 -0.17012581
vt 0.692774 0.60059
vn -0.016862877 -0.88629156 -0.46282068
v 8.058601 12.724077 -0.1652058
vt 0.692713 0.601425
vn 0.111947834 -0.8091857 -0.5767896
v 8.163591 12.758078 -0.16052584
vt 0.692674 0.602418
vn 0.4950245 -0.826498 -0.26805213
v 8.163591 12.758078 -0.0686559
vt 0.691204 0.602413
vn 0.6694308 -0.694047 0.26487964
v 8.201601 12.828077 -0.18436584
vt 0.693019 0.60275
vn 0.8021179 -0.01173911 -0.59705037
v 7.915601 12.828077 -0.20509583
vt 0.693322 0.600185
vn 0.049790733 0.07082029 -0.9962457
v 7.892625 12.8995285 -0.17072585
vt 0.692784 0.600003
vn 0.039270926 0.84451437 -0.53409106
v 7.621777 12.908797 -0.1797558
vt 0.692925 0.597931
vn 0.091408275 0.89676034 -0.43297267
v 7.621777 12.908797 -0.053705905
vt 0.690949 0.597931
vn 0.07045485 0.90670043 0.41584915
v 7.892625 12.8995285 -0.06019592
vt 0.691052 0.600001
vn 0.03774633 0.8531861 0.5202391
v 7.9386916 12.898349 -0.061455924
vt 0.691072 0.600428
vn 0.059621163 0.9086877 0.4131972
v 7.9386916 12.898349 -0.16982585
vt 0.692771 0.600428
vn 0.050166585 0.9057187 -0.4209003
v 7.561374 12.917078 -0.053705897
vt 0.690949 0.597285
vn 0.10939428 0.83075446 0.5457838
v 7.561374 12.917078 -0.17846581
vt 0.692906 0.597285
vn 0.112764865 0.82196814 -0.5582585
v 7.265602 12.963078 -0.18020582
vt 0.692932 0.595005
vn 0.14901973 0.8741705 -0.46218944
v 7.265602 12.963078 -0.05401589
vt 0.690955 0.59498
vn 0.14193042 0.8763353 0.4603175
vt 0.75241 0.506037
v 8.095171 12.854077 -0.37923583
vt 0.735521 0.618802
vn 0.4292769 0.80806506 -0.4034256
vt 0.735521 0.506037
vt 0.75241 0.628319
vt 0.634236 0.628319
v 8.095171 12.854077 -0.2950558
vt 0.654817 0.618802
vn 0.21540116 0.89496684 0.3906876
vt 0.634236 0.506037
vt 0.654817 0.506037
v 8.163591 12.883078 -0.16052587
vn 0.2709316 0.8524054 -0.4472149
v 8.163591 12.883078 -0.06865592
vn 0.46112984 0.76602185 0.4478503
v 7.167591 12.980081 -0.053935368
vt 0.690212 0.593562
vn 0.230795 0.9407164 0.24856864
v 7.167591 12.980081 -0.18093528
vt 0.692904 0.594183
vn 0.32095546 0.87808466 -0.35490128
v 7.1586 12.94808 -0.2812353
vt 0.693781 0.593542
vn 0.38733524 0.91739786 0.09139247
v 7.1586 12.94808 -0.4171453
vt 0.696357 0.593992
vn 0.33678228 0.87185186 -0.3556009
v 7.1376 12.8900795 -0.5060653
vt 0.698169 0.5929
vn 0.43278134 0.90149736 -0.0016925728
v 7.227591 12.870077 -0.50308573
vt 0.698022 0.593658
vn 0.1909106 0.87627417 0.44237635
v 7.1376 12.8900795 -0.6100253
vt 0.699881 0.592895
vn 0.11559278 0.7969591 -0.5928697
v 7.227591 12.870077 -0.60855573
vt 0.699883 0.59365
vn 0.21257326 0.85279256 -0.47702995
v 7.187601 12.743077 -0.64632565
vt 0.700631 0.592921
vn 0.030362645 0.013861851 -0.9994428
v 7.3921967 12.829078 -0.60544574
vt 0.699777 0.595677
vn 0.17349581 0.7894797 -0.5887454
v 7.418602 12.738077 -0.6325557
vt 0.700239 0.595867
vn 0.0687144 0.039074287 -0.9968709
v 7.3921967 12.660628 -0.6145357
vt 0.699855 0.595537
vn -0.014981047 -0.8031771 -0.59555197
v 7.443275 12.657078 -0.61012566
vt 0.699792 0.596216
vn -0.012342824 -0.87572414 -0.48265406
v 7.443275 12.657078 -0.5015557
vt 0.698 0.596222
vn -0.03302516 -0.9083544 0.41689527
v 7.3921967 12.660628 -0.49823567
vt 0.698008 0.595536
vn -0.035781924 -0.8390421 0.5428886
v 7.418602 12.738077 -0.46041572
vt 0.697443 0.595867
vn 0.042839777 -0.009315679 0.9990385
v 7.3921967 12.829078 -0.4992857
vt 0.698022 0.595674
vn 0.17995717 0.81985396 0.5435577
v 7.443275 12.820799 -0.5030757
vt 0.698022 0.596132
vn 0.13175555 0.8985661 0.4185923
v 7.622515 12.809217 -0.50608575
vt 0.698097 0.597654
vn 0.07898513 0.8377279 0.5403456
v 7.642592 12.726078 -0.4714057
vt 0.697497 0.597894
vn 0.04823161 0.00881696 0.9987973
v 7.662535 12.804487 -0.5058957
vt 0.698113 0.598088
vn 0.0991341 0.89422804 0.43649593
v 7.622515 12.809217 -0.5955957
vt 0.699656 0.597651
vn 0.11783883 0.79900295 -0.58966804
v 7.662535 12.804487 -0.5911757
vt 0.699632 0.598081
vn 0.12570974 0.8730502 -0.47114792
v 7.642592 12.726078 -0.61662567
vt 0.700037 0.597894
vn 0.09484459 0.06159717 -0.9935846
v 7.622515 12.651077 -0.60467565
vt 0.699656 0.597564
vn 0.0333956 -0.7771836 -0.6283872
v 7.622515 12.651077 -0.5052957
vt 0.698086 0.597564
vn -0.003060455 -0.8452172 0.5344142
v 7.662535 12.651077 -0.5064257
vt 0.698123 0.598194
vn 0.016562698 -0.9038248 0.427582
v 7.662535 12.651077 -0.6002657
vt 0.699617 0.598185
vn 0.06519155 -0.8635125 -0.50009626
v 7.74959 12.654078 -0.59388566
vt 0.699426 0.599042
vn 0.18964624 -0.7461512 -0.6381949
v 7.862601 12.742078 -0.59479564
vt 0.699795 0.599902
vn 0.5718202 0.04321039 -0.8192402
v 7.829601 12.676078 -0.58765566
vt 0.699333 0.599605
vn 0.6952847 -0.647188 -0.31261295
v 7.862601 12.742078 -0.4875457
vt 0.697662 0.599902
vn 0.80929255 -0.011620544 0.5872909
v 7.829601 12.676078 -0.5116557
vt 0.698208 0.599609
vn 0.47970107 -0.8357044 0.2673668
v 7.74959 12.654078 -0.50601566
vt 0.698167 0.599042
vn 0.12308668 -0.8256841 0.5505412
v 7.5442023 12.8868 0.17535405
vt 0.687359 0.597489
vn 0.096373744 0.8978464 0.4296324
v 7.5442023 12.8868 0.05250402
vt 0.689286 0.597499
vn 0.110869 0.8978384 -0.42613888
v 7.768016 12.872078 0.06072401
vt 0.689156 0.599201
vn 0.08949528 0.844569 -0.5279145
v 7.768016 12.872078 0.16849405
vt 0.687467 0.599197
vn 0.095333174 0.84089214 0.5327401
v 7.789601 12.803078 0.1999441
vt 0.686901 0.599435
vn 0.066399835 0.08258232 0.99436975
v 7.768016 12.700197 0.16697407
vt 0.687491 0.599096
vn -0.006738263 -0.812597 0.58278704
v 7.5442023 12.701339 0.17643413
vt 0.687342 0.597413
vn -0.0133597385 -0.8910866 0.45363665
v 7.5442023 12.701339 0.057104055
vt 0.689214 0.597427
vn -0.027489197 -0.89918774 -0.43669865
v 7.768016 12.700197 0.06229404
vt 0.689132 0.599082
vn 0.0036617522 -0.82073355 -0.57129943
v 7.789601 12.803078 0.028194033
vt 0.689667 0.599435
vn 0.053207707 0.08195791 -0.9952145
v 7.443275 12.820799 -0.60103565
vt 0.699738 0.596123
vn 0.114446305 0.8831364 -0.45494202
v 7.829601 12.790829 -0.57856566
vn 0.4948239 0.71536463 -0.4933586
v 7.829601 12.791368 -0.51165575
vn 0.2723195 0.8504317 0.45012003
v 7.167591 12.953079 0.18606462
vt 0.687211 0.593831
vn 0.12890741 0.90074646 0.41477546
v 7.167591 12.953079 0.038064566
vt 0.689539 0.593881
vn 0.36557332 0.92162293 -0.13025875
vt 0.688304 0.592711
vt 0.691989 0.593112
vt 0.695427 0.592589
vt 0.699136 0.591788
vt 0.700488 0.591276
v -6.690677 12.491189 0.45228574
vn 0.5744273 -0.50114924 0.6472116
v -6.690677 12.68059 0.45228574
vn 0.4022726 0.5411613 0.7384587
v -6.451597 12.53473 0.19733901
vn 0.6939583 -0.50271654 0.51545906
v -6.158537 12.852539 -0.0469878
vn 0.72789663 0.28412682 0.62404996
v -6.158537 12.677216 -0.046987787
vn 0.7543308 -0.3671027 0.5442616
v -6.2679973 12.651792 0.010575667
vn 0.6468827 -0.3632122 0.6705368
v -6.0710273 12.748754 -0.21726777
vn 0.9995941 -0.019188847 0.021056777
v 6.9823017 12.61138 0.6902541
vt 0.678601 0.592462
vn -0.49309254 0.48478374 0.722388
v 6.9823017 12.4897585 0.6902541
vt 0.67861 0.592456
vn -0.5523501 -0.44310242 0.7060946
v 7.8136625 12.86735 0.063814014
vt 0.689108 0.599796
vn 0.09244771 0.9072908 -0.41021565
v 7.8136625 12.86735 0.16535404
vt 0.687517 0.599796
vn 0.084437154 0.90556824 0.41571215
v -6.158537 12.574871 -0.22193435
vn 0.6091643 -0.79282516 0.01863235
v -6.2679973 12.51913 -0.2184503
vn 0.25289518 -0.9621051 -0.10196956
v -6.5804377 12.59341 -0.22676423
vn -0.30362186 -0.94209325 -0.14238697
v -6.918668 12.646899 0.044845685
vt 0.689553 0.592567
vn -0.3676572 -0.9209047 -0.12947096
v -6.5690675 12.5181 -0.12820424
vn -0.27863774 -0.86859864 -0.40975288
v -6.9277487 12.68963 -0.22733419
vn -0.20307848 -0.9789901 -0.018372418
v -7.1675887 12.73197 -0.05393423
vn -0.26526517 -0.9635719 0.034112565
v -7.1675887 12.73197 -0.18093415
vn -0.2993661 -0.9336138 -0.19683832
v -7.1585975 12.720079 -0.28123415
vn -0.2723821 -0.9331733 0.23451148
v -7.1585975 12.720079 -0.41728413
vn -0.19292389 -0.9810162 -0.019689137
v -7.4824433 12.71343 -0.28250408
vn 0.026681129 -0.8406236 0.54096216
v -7.4824433 12.711381 -0.4090341
vn 0.02116715 -0.8695248 -0.49343547
v -7.543202 12.70885 -0.28369412
vn 0.0467595 -0.89713717 0.43927035
v -7.514597 12.804079 -0.24083412
vn -0.036953133 0.068256035 0.99698323
v -7.8052664 12.70076 -0.28579405
vn 0.020275416 -0.8172974 0.57585925
v -7.543202 12.706849 -0.4077641
vn 0.027077409 -0.8999749 -0.4351001
v -7.514597 12.804079 -0.4480541
vn -0.03553052 0.0472216 -0.99825233
v -7.1875973 12.76629 -0.4586441
vn -0.99572474 -0.027972367 -0.08803315
v -7.1375976 12.672079 -0.4946841
vn -0.17301574 -0.9339294 0.3127963
v -6.9115176 12.680289 -0.45093417
vn -0.2009252 -0.96946645 0.14058404
v -6.5657287 12.554779 -0.38987422
vn -0.1715087 -0.9831694 -0.06295003
v -6.8928976 12.67116 -0.6105641
vn -0.04385573 -0.893037 -0.44784108
v -7.1375976 12.672079 -0.61721414
vn 0.034143213 -0.817316 -0.57517725
v -6.8866677 12.76206 -0.6375541
vn 0.1142061 0.034802873 -0.9928473
v -6.5003266 12.6116295 -0.53338426
vn 0.13763207 -0.64591056 -0.75090414
v -7.1675887 12.69308 0.038065717
vn -0.32415605 -0.87426794 -0.36135644
v -7.167588 12.69308 0.18606572
vn -0.1098463 -0.90299684 0.41536802
v -6.8578577 12.699289 0.26243573
vn -0.520909 -0.19726627 0.8305057
v -6.7502174 12.47374 0.18899564
vn -0.5527934 -0.80927855 -0.19871518
v -6.840177 12.675988 0.30983576
vn -0.8457856 0.50373816 -0.17576857
v -6.840177 12.47495 0.3098358
vn -0.6526437 -0.4496952 -0.609779
v -6.9239473 12.651268 0.3863957
vn -0.66448164 0.47555518 -0.57646465
v -6.9239473 12.477818 0.38639572
vn -0.6184977 -0.4549211 -0.6407085
v -7.031197 12.624767 0.48914573
vn -0.62700343 0.594979 -0.50285864
v -7.031197 12.481249 0.48914576
vn -0.5780469 -0.54984576 -0.6029356
v -6.8172274 12.438509 0.43097576
vn -0.010275113 -0.999709 0.021826245
v -7.0187173 12.445238 0.5837157
vn -0.060879923 -0.9967616 0.052535437
v -6.9113073 12.486889 0.62992567
vn 0.53757733 -0.5406627 0.6470661
v -6.814847 12.485088 0.5433757
vn 0.5882505 -0.4085127 0.69791025
v -6.9113073 12.625487 0.62992567
vn 0.44710475 0.59944564 0.66389924
v -6.814847 12.647688 0.5433757
vn 0.47582176 0.46526957 0.7464033
v -6.8182573 12.687828 0.42993575
vn -0.17890559 0.96899927 0.17039122
v -7.018338 12.638528 0.5988457
vn -0.16223767 0.9797709 0.11716648
v -6.661027 12.782289 0.28301573
vn -0.12191797 0.7937588 0.59588844
v -6.8774076 12.925269 0.19577567
vn 0.019437023 0.66853535 0.7434263
v -6.448357 12.948044 0.04039453
vn 0.18190934 0.8849412 0.4287052
v -6.451597 12.803733 0.19515584
vn 0.5205442 0.44704455 0.72745097
v -6.2679973 12.879012 0.010575652
vn 0.5280113 0.5918627 0.6090178
v -6.158537 12.951336 -0.22193438
vn 0.6252899 0.7801919 0.017696416
v -6.158537 12.852539 -0.4194407
vn 0.78170633 0.36407182 -0.5063466
v -6.158537 12.677216 -0.4194407
vn 0.73122835 -0.3013069 -0.61197984
v -6.2679973 12.879012 -0.47700417
vn 0.3704719 0.4955165 -0.78562963
v -6.2679973 12.651792 -0.47700417
vn 0.35682777 -0.5382206 -0.7635395
v -6.451597 12.755549 -0.51403654
vn 0.14120601 0.07592902 -0.9870642
v -6.451597 12.938752 -0.44913206
vn 0.12813175 0.73116255 -0.6700623
v -6.2679973 13.007076 -0.21845034
vn 0.28571922 0.9583133 -0.0005123629
v -6.661027 12.441218 0.28301576
vn 0.20412828 -0.9726906 0.11047504
v -6.5321674 12.45708 0.0794556
vn 0.1271531 -0.99026483 -0.05663701
v -6.8961987 12.92927 -0.56701416
vn -0.026793031 0.87399346 -0.48519856
v -6.451597 13.009039 -0.21726772
vn 0.035190675 0.9990225 -0.026752409
v -6.908868 12.996779 -0.22733422
vn -0.05743853 0.9965658 -0.059644017
v -6.9008574 12.958659 0.029995635
vn 0.019197388 0.9859881 0.1657077
v -7.4824433 12.885079 -0.28369412
vn -0.1408247 0.8523981 0.5035731
v -7.2655983 12.921081 -0.41397414
vn -0.18061328 0.8563724 -0.48374084
v -7.2655983 12.921081 -0.28092414
vn -0.19787346 0.8913622 0.40782297
v -7.4824433 12.885079 -0.40924412
vn -0.10911894 0.82411385 -0.5558143
v -7.543202 12.8768 -0.40895414
vn -0.078903824 0.90711725 -0.41341573
v -7.543202 12.8768 -0.28578413
vn -0.10222173 0.91360736 0.3935383
v -7.8052664 12.86508 -0.28934407
vn -0.05874632 0.87445635 0.481534
v -7.8052664 12.86508 -0.40056407
vn -0.08531102 0.8649778 -0.49450532
v -7.827587 12.80608 -0.43560404
vn -0.06657887 0.12551627 -0.989855
v -7.8516726 12.860351 -0.39709407
vn -0.0779939 0.92352766 -0.37551785
v -7.8516726 12.860351 -0.2893841
vn -0.0719461 0.92386436 0.37589693
v -7.827587 12.80608 -0.25211406
vn -0.026090428 0.15025869 0.9883024
v -7.8516726 12.6990795 -0.28435406
vn 0.022341732 -0.8818644 0.47097352
v -7.8052664 12.70076 -0.39820403
vn 0.007550902 -0.8217987 -0.5697279
v -7.8516726 12.6990795 -0.39791405
vn -0.0060931356 -0.88838834 -0.45905244
v -7.974587 12.70008 -0.28583404
vn -0.103121445 -0.80999154 0.5773039
v -8.129597 12.80908 -0.26319402
vn -0.80654556 0.06393121 0.5877049
v -8.094597 12.7320795 -0.29401404
vn -0.48126033 -0.83538145 0.2655679
v -8.094597 12.7320795 -0.378244
vn -0.69302696 -0.6691414 -0.26826003
v -8.129597 12.80908 -0.40605405
vn -0.61481726 0.01978022 -0.7884216
v -7.974587 12.70008 -0.39160404
vn -0.1795648 -0.8023337 -0.569225
v 7.108862 12.604618 0.5625841
vt 0.680659 0.593601
vn 0.70731926 0.46717346 -0.5305171
v 7.108862 12.4834585 0.56258416
vt 0.680678 0.593598
vn 0.7001781 -0.43106723 -0.56915003
v 7.169532 12.488898 0.6453741
vt 0.679 0.594205
vn 0.7714393 -0.58454454 -0.25137433
v 7.161922 12.476389 0.7461442
vt 0.677542 0.594119
vn 0.7401808 -0.5515503 0.3846098
v 7.169532 12.583219 0.6453741
vn 0.8926676 0.3850581 -0.23425394
v 7.161922 12.596099 0.7461441
vt 0.677535 0.594163
vn 0.5915599 0.531722 0.60607654
v 7.088213 12.500158 0.7762641
vn -0.05720332 -0.49209583 0.8686596
v 7.088213 12.584059 0.7762641
vn -0.2418414 0.512206 0.82411027
v 8.055601 12.803079 0.17649403
vn 0.6384696 -0.03986279 0.76861405
v 8.023601 12.860079 0.14950404
vn 0.49657124 0.7396961 0.45416602
v 8.055601 12.803079 0.044304006
vn 0.825933 -0.018380463 -0.5634687
v 8.023601 12.860079 0.072064005
vn 0.26219726 0.8572971 -0.44305116
v 7.928591 12.695079 0.06423403
vt 0.689041 0.600359
vn 0.13054736 -0.81494594 -0.56464195
v 7.8136625 12.69708 0.16496408
vt 0.687523 0.599651
vn -0.015326501 -0.8849598 0.46541506
v 7.928591 12.695079 0.16194406
vt 0.687569 0.600358
vn 0.22285044 -0.7930743 0.5668959
v 7.8136625 12.69708 0.06446403
vt 0.689099 0.599649
vn -0.03362719 -0.8866555 -0.46120644
vt 0.68936 0.60152
v 8.023601 12.731078 0.07425402
vt 0.688928 0.6012
vn 0.5495727 -0.79870254 -0.24503925
v 8.023601 12.731078 0.14868404
vt 0.687736 0.60122
vn 0.72364616 -0.6445835 0.24667446
vt 0.687244 0.601531
v -8.095167 12.854079 -0.29505402
vn -0.2154011 0.8949667 0.3906878
v -8.095167 12.854079 -0.37923405
vn -0.42927727 0.80806494 -0.40342546
v -7.2193174 12.82908 -0.22733416
vn -0.9472524 0.26920128 -0.17390673
v -7.1586 12.94808 -0.28123376
vt 0.694616 0.593984
vn -0.38733524 0.91739786 0.09139265
v -7.1586 12.94808 -0.41714376
vn -0.3367824 0.8718519 -0.35560074
v -7.1376 12.8900795 -0.50606376
vn -0.43278137 0.9014973 -0.0016923886
v -7.2275877 12.870079 -0.5030842
vn -0.19091053 0.8762741 0.44237655
v -7.1376 12.8900795 -0.61002374
vn -0.115593016 0.7969591 -0.5928697
v -7.2275877 12.870079 -0.6085541
vn -0.21257365 0.8527925 -0.47702977
v -7.1875978 12.743079 -0.6463241
vn -0.030363165 0.013861941 -0.9994428
v -7.3921933 12.82908 -0.60544413
vn -0.17349628 0.7894796 -0.58874536
v -7.418598 12.738079 -0.6325541
vn -0.068714924 0.03907435 -0.9968709
v -7.3921933 12.66063 -0.61453414
vn 0.014980906 -0.803177 -0.5955521
v -7.4432716 12.65708 -0.61012405
vn 0.0123427585 -0.875724 -0.48265424
v -7.443271 12.65708 -0.5015541
vn 0.03302557 -0.9083544 0.4168952
v -7.392193 12.66063 -0.4982341
vn 0.035782386 -0.83904207 0.5428886
v -7.418598 12.738079 -0.4604141
vn -0.042839248 -0.009315768 0.9990385
v -7.392193 12.82908 -0.4992841
vn -0.17995705 0.81985384 0.5435578
v -7.4432716 12.820801 -0.5030741
vn -0.13175549 0.89856607 0.41859242
v -7.6225114 12.809219 -0.5060841
vn -0.07898502 0.8377278 0.5403458
v -7.642588 12.72608 -0.47140408
vn -0.048231076 0.008816847 0.9987973
v -7.662532 12.804489 -0.50589406
vn -0.09913404 0.89422804 0.43649602
v -7.622512 12.809219 -0.59559405
vn -0.11783927 0.7990029 -0.5896679
v -7.662532 12.804489 -0.59117407
vn -0.12571016 0.8730502 -0.47114787
v -7.6425886 12.72608 -0.61662406
vn -0.094845094 0.06159723 -0.9935845
v -7.622512 12.651079 -0.60467404
vn -0.033395763 -0.7771835 -0.62838733
v -7.6225114 12.651079 -0.5052941
vn 0.0030609162 -0.8452173 0.5344142
v -7.6625314 12.651079 -0.50642407
vn -0.016562277 -0.90382487 0.427582
v -7.662532 12.651079 -0.600264
vn -0.06519163 -0.8635124 -0.5000964
v -7.7495866 12.654079 -0.593884
vn -0.18964641 -0.7461511 -0.638195
v -7.862597 12.74208 -0.594794
vn -0.5718205 0.04321042 -0.81924003
v -7.8295975 12.67608 -0.587654
vn -0.6952847 -0.64718795 -0.3126129
v -7.862597 12.74208 -0.487544
vn -0.80929226 -0.011620611 0.5872912
v -7.829597 12.67608 -0.511654
vn -0.47970083 -0.8357045 0.2673669
v -7.749586 12.654079 -0.506014
vn -0.123086214 -0.8256841 0.5505412
v -7.167591 12.980081 -0.18093376
vn -0.32095557 0.87808466 -0.35490116
v -7.265599 12.963079 -0.18020418
vn -0.14902015 0.8741705 -0.4621894
v -7.167591 12.980081 -0.05393384
vt 0.690972 0.59421
vn -0.23079488 0.9407164 0.24856876
v -7.265599 12.963079 -0.054014258
vn -0.14193034 0.87633526 0.46031767
v -7.561371 12.91708 -0.17846411
vn -0.11276532 0.82196814 -0.5582584
v -7.561371 12.91708 -0.0537042
vn -0.10939416 0.83075434 0.54578394
v -7.6217737 12.908799 -0.17975411
vn -0.0914087 0.8967604 -0.43297267
v -7.6217737 12.908799 -0.05370419
vn -0.07045483 0.9067004 0.4158493
v -7.5905976 12.828079 -0.011294231
vn -0.02553231 0.016393218 0.99953955
v -7.8926215 12.89953 -0.060194142
vn -0.037746232 0.85318595 0.5202393
v -7.9155974 12.828079 -0.024124168
vn -0.039456062 0.072816275 0.9965646
v -7.9386883 12.89835 -0.061454132
vn -0.059621144 0.90868765 0.4131974
v -7.9386883 12.89835 -0.16982406
vn -0.050166998 0.9057186 -0.42090026
v -7.8926215 12.89953 -0.17072406
vn -0.03927138 0.84451437 -0.534091
v -7.5905976 12.828079 -0.2167141
vn -0.025463842 0.022197094 -0.9994293
v -7.9155974 12.828079 -0.20509407
vn -0.04979126 0.07082035 -0.9962456
v -7.8926215 12.729079 -0.17305407
vn 0.007845905 -0.81779754 -0.5754525
v -7.6217737 12.73708 -0.1789341
vn 0.049010064 -0.89674675 -0.4398219
v -7.5616913 12.742049 -0.17972413
vn 0.0024526366 -0.8393701 -0.5435549
v -7.5616913 12.742049 -0.05400419
vn 0.025433427 -0.84941214 0.52711695
v -7.6217737 12.73708 -0.05556418
vn 0.03571203 -0.9065745 0.42053223
v -7.8926215 12.729079 -0.06007413
vn 0.027535584 -0.8287569 0.5589309
v -7.9386883 12.72619 -0.06007412
vn 0.023574471 -0.8888567 0.4575784
v -8.0585985 12.724079 -0.0635741
vn -0.17636271 -0.802426 0.5700954
v -8.201597 12.828079 -0.043074094
vn -0.5901792 -0.04511437 0.80601066
v -8.163589 12.75808 -0.068654075
vn -0.6694306 -0.6940471 0.26487985
v -8.201598 12.828079 -0.18436399
vn -0.802118 -0.011739097 -0.5970502
v -8.163589 12.75808 -0.16052403
vn -0.49502444 -0.8264979 -0.26805213
v -8.0585985 12.724079 -0.16520402
vn -0.11194794 -0.8091855 -0.5767898
v -7.9386883 12.72619 -0.17012404
vn 0.016862825 -0.8862915 -0.46282083
v -7.4432716 12.820801 -0.60103405
vn -0.11444672 0.88313633 -0.45494193
v -8.163589 12.88308 -0.16052404
vn -0.27093196 0.85240537 -0.44721475
v -8.163589 12.88308 -0.06865409
vn -0.46112972 0.7660217 0.44785047
v -7.829597 12.791369 -0.511654
vn -0.2723194 0.8504316 0.45012027
v -7.8295975 12.790831 -0.578564
vn -0.49482426 0.7153645 -0.49335846
v -7.9285874 12.69508 0.16194583
vn -0.22285001 -0.79307437 0.5668959
v -8.023597 12.731079 0.07425583
vn -0.54957265 -0.79870254 -0.24503922
v -8.023597 12.731079 0.14868581
vn -0.72364604 -0.6445837 0.2466745
v -7.9285874 12.69508 0.06423579
vn -0.13054748 -0.8149458 -0.5646421
v -7.2193174 12.82908 -0.006104283
vn -0.9633812 0.267573 -0.017360654
v -7.167591 12.953079 0.038066093
vn -0.36557332 0.92162293 -0.13025858
v -7.167591 12.953079 0.18606614
vn -0.14122723 0.90186363 0.4082853
v -7.4858603 12.70603 0.05316575
vn -0.022874735 -0.827819 -0.5605287
v -7.4858603 12.70603 0.17800578
vn 0.016662328 -0.8155207 0.578488
v -7.2193174 12.82908 0.22571576
vn -0.07295337 0.10047059 0.9922618
v -7.265599 12.921081 0.18203571
vn -0.1830924 0.8805583 0.43714336
v -7.265599 12.921081 0.043285683
vn -0.23560067 0.8753612 -0.422179
v -7.4858603 12.89508 0.052225735
vn -0.12173571 0.8380318 -0.5318677
v -7.4858603 12.89508 0.17689575
vn -0.12239647 0.8301009 0.54401433
v -7.5145974 12.804079 0.21473579
vn -0.046478376 0.03915768 0.99815154
v -7.544199 12.70134 0.17643578
vn 0.013360087 -0.89108664 0.45363662
v -7.544199 12.70134 0.057105735
vn 0.027489197 -0.8991877 -0.43669882
v -7.5145974 12.804079 0.012175746
vn -0.054291446 0.027095668 -0.99815744
v -7.544199 12.886801 0.05250573
vn -0.110869385 0.89783835 -0.4261388
v -7.544199 12.886801 0.17535576
vn -0.09637374 0.89784634 0.42963254
v -7.7680125 12.87208 0.16849577
vn -0.095332995 0.840892 0.5327403
v -7.7895975 12.80308 0.19994581
vn -0.06639924 0.08258224 0.9943698
v -7.813659 12.867351 0.16535582
vn -0.084437005 0.9055682 0.41571236
v -7.813659 12.867351 0.06381577
vn -0.09244811 0.90729076 -0.41021556
v -7.7680125 12.87208 0.060725756
vn -0.08949571 0.84456897 -0.5279146
v -7.7895975 12.80308 0.028195769
vn -0.05320821 0.08195793 -0.99521446
v -8.055597 12.80308 0.044305824
vn -0.8259331 -0.018380469 -0.56346846
v -8.023597 12.86008 0.072065815
vn -0.26219758 0.85729706 -0.44305107
v -8.023597 12.86008 0.14950585
vn -0.4965712 0.73969585 0.45416632
v -8.055597 12.80308 0.17649585
vn -0.6384693 -0.039862968 0.7686143
v -7.813659 12.697081 0.16496584
vn 0.015326928 -0.8849598 0.46541515
v -7.813659 12.697081 0.06446579
vn 0.03362716 -0.8866554 -0.46120653
v -7.7680125 12.700199 0.062295783
vn -0.0036618756 -0.8207334 -0.5712996
v -7.7680125 12.700199 0.16697581
vn 0.006738743 -0.81259704 0.58278704
v -6.982297 12.61138 0.69025564
vn 0.49309275 0.48478347 0.722388
v -6.982297 12.4897585 0.69025564
vn 0.55235046 -0.44310248 0.7060944
v -7.108857 12.4834585 0.5625857
vn -0.70017827 -0.431067 -0.56915003
v -7.169527 12.583219 0.64537567
vn -0.89266765 0.38505813 -0.23425375
v -7.169527 12.488898 0.6453757
vn -0.7714393 -0.5845445 -0.25137442
v -7.108857 12.604618 0.56258565
vn -0.7073195 0.46717343 -0.53051686
v -7.161917 12.596099 0.74614567
vn -0.5915596 0.5317218 0.6060769
v -7.161917 12.476389 0.7461457
vn -0.7401806 -0.5515504 0.38460997
v -7.088208 12.584059 0.7762656
vn 0.24184172 0.5122057 0.8241104
v -7.088208 12.500158 0.7762656
vn 0.05720385 -0.492096 0.8686595
o Mesh_4
g polygon_0
usemtl Joint_0_Object_4_Material_4
f 780/576/809 782/578/811 781/577/810
f 783/579/812 785/581/814 784/580/813
f 786/582/815 783/579/812 784/580/813
f 783/579/812 786/584/815 787/583/816
f 785/585/814 783/579/812 787/583/816
f 785/585/814 787/583/816 788/586/817
f 789/587/818 791/589/820 790/588/819
f 792/590/821 789/587/818 790/588/819
f 793/591/822 792/590/821 790/588/819
f 793/591/822 790/588/819 794/592/823
f 795/593/824 793/591/822 794/592/823
f 795/593/824 794/592/823 796/594/825
f 795/593/824 796/594/825 797/595/826
f 795/593/824 797/595/826 798/596/827
f 795/593/824 798/596/827 799/597/828
f 793/591/822 795/593/824 799/597/828
f 793/591/822 799/597/828 800/598/829
f 792/590/821 793/591/822 800/598/829
f 792/590/821 800/598/829 801/599/830
f 792/590/821 801/599/830 802/600/831
f 792/590/821 802/600/831 803/601/832
f 789/587/818 792/590/821 803/601/832
f 789/587/818 803/601/832 804/602/833
f 789/587/818 804/602/833 805/603/834
f 806/604/835 789/587/818 805/603/834
f 806/604/835 805/603/834 807/605/836
f 808/606/837 806/604/835 807/605/836
f 809/607/838 811/609/840 810/608/839
f 812/610/841 809/607/838 810/608/839
f 812/610/841 810/608/839 813/611/842
f 812/610/841 813/611/842 814/612/843
f 815/613/844 812/610/841 814/612/843
f 815/613/844 814/612/843 807/605/836
f 816/614/845 815/613/844 807/605/836
f 817/615/846 816/614/845 807/605/836
f 817/615/846 807/605/836 805/603/834
f 811/609/840 817/615/846 805/603/834
f 811/609/840 805/603/834 804/602/833
f 810/608/839 811/609/840 804/602/833
f 810/608/839 804/602/833 803/601/832
f 818/616/847 810/608/839 803/601/832
f 819/617/848 818/616/847 803/601/832
f 819/617/848 803/601/832 802/600/831
f 820/618/849 819/617/848 802/600/831
f 820/618/849 802/600/831 801/599/830
f 821/619/850 820/618/849 801/599/830
f 821/619/850 801/599/830 800/598/829
f 822/620/851 821/619/850 800/598/829
f 823/621/852 822/620/851 800/598/829
f 823/621/852 800/598/829 799/597/828
f 824/622/853 786/624/815 784/623/813
f 825/625/854 824/622/853 784/623/813
f 825/625/854 784/623/813 785/581/814
f 825/625/854 785/581/814 826/626/855
f 827/627/856 825/625/854 826/626/855
f 827/627/856 826/626/855 828/628/857
f 808/629/837 827/627/856 828/628/857
f 806/630/835 808/629/837 828/628/857
f 829/631/858 806/630/835 828/628/857
f 829/631/858 828/628/857 830/632/859
f 831/633/860 829/631/858 830/632/859
f 832/634/861 831/633/860 830/632/859
f 833/635/862 832/634/861 830/632/859
f 834/636/863 833/635/862 830/632/859
f 834/636/863 830/632/859 835/637/864
f 834/636/863 835/637/864 836/638/865
f 837/639/866 834/636/863 836/638/865
f 837/639/866 836/638/865 838/640/867
f 839/641/868 837/639/866 838/640/867
f 840/642/869 839/641/868 838/640/867
f 840/642/869 838/640/867 841/643/870
f 832/634/861 840/642/869 841/643/870
f 831/633/860 832/634/861 841/643/870
f 831/633/860 841/643/870 842/644/871
f 829/631/858 831/633/860 842/644/871
f 829/631/858 842/644/871 843/645/872
f 806/630/835 829/631/858 843/645/872
f 806/630/835 843/645/872 789/646/818
f 794/647/823 790/649/819 788/648/817
f 796/650/825 794/647/823 788/648/817
f 796/650/825 788/648/817 844/651/873
f 845/652/874 796/650/825 844/651/873
f 846/653/875 845/652/874 844/651/873
f 846/653/875 844/651/873 847/654/876
f 848/655/877 846/653/875 847/654/876
f 848/655/877 847/654/876 786/656/815
f 797/595/826 796/594/825 845/652/874
f 849/657/878 797/595/826 845/652/874
f 849/657/878 845/652/874 846/658/875
f 850/659/879 849/657/878 846/658/875
f 824/622/853 850/659/879 846/658/875
f 824/622/853 846/658/875 848/660/877
f 786/661/815 824/622/853 848/660/877
f 842/644/871 841/643/870 838/640/867
f 843/662/872 842/644/871 838/640/867
f 843/662/872 838/640/867 851/663/880
f 843/662/872 851/663/880 852/664/881
f 843/662/872 852/664/881 791/589/820
f 789/646/818 843/662/872 791/589/820
f 780/576/809 785/666/814 788/665/817
f 852/664/881 780/576/809 788/665/817
f 791/667/820 852/664/881 788/665/817
f 791/667/820 788/665/817 790/649/819
f 780/576/809 852/664/881 851/663/880
f 782/578/811 780/576/809 851/663/880
f 782/578/811 851/663/880 838/640/867
f 782/578/811 838/640/867 836/638/865
f 782/578/811 836/638/865 835/637/864
f 781/577/810 782/578/811 835/637/864
f 781/577/810 835/637/864 830/632/859
f 781/577/810 830/632/859 828/628/857
f 781/577/810 828/628/857 826/626/855
f 780/576/809 781/577/810 826/626/855
f 780/576/809 826/626/855 785/581/814
f 827/668/856 808/629/837 853/669/882
f 854/670/883 827/668/856 853/669/882
f 854/670/883 853/669/882 855/671/884
f 854/670/883 855/671/884 856/672/885
f 849/657/878 854/670/883 856/672/885
f 849/657/878 856/672/885 797/595/826
f 844/651/873 788/648/817 787/583/816
f 847/654/876 844/651/873 787/583/816
f 847/654/876 787/583/816 786/673/815
f 854/670/883 849/657/878 850/659/879
f 827/668/856 854/670/883 850/659/879
f 825/625/854 827/668/856 850/659/879
f 825/625/854 850/659/879 824/622/853
f 820/618/849 821/619/850 857/674/886
f 820/618/849 857/674/886 858/675/887
f 859/676/888 820/618/849 858/675/887
f 860/677/889 859/676/888 858/675/887
f 860/677/889 858/675/887 861/678/890
f 823/621/852 860/677/889 861/678/890
f 823/621/852 861/678/890 862/679/891
f 822/620/851 823/621/852 862/679/891
f 863/680/892 822/620/851 862/679/891
f 864/681/893 863/680/892 862/679/891
f 865/682/894 864/681/893 862/679/891
f 865/682/894 862/679/891 866/683/895
f 867/684/896 865/682/894 866/683/895
f 868/685/897 867/684/896 866/683/895
f 868/685/897 866/683/895 869/686/898
f 870/687/899 868/685/897 869/686/898
f 870/687/899 869/686/898 857/674/886
f 871/688/900 870/687/899 857/674/886
f 872/689/901 871/688/900 857/674/886
f 872/689/901 857/674/886 821/619/850
f 872/689/901 821/619/850 822/620/851
f 872/689/901 822/620/851 863/680/892
f 871/688/900 872/689/901 863/680/892
f 871/688/900 863/680/892 864/681/893
f 871/688/900 864/681/893 873/690/902
f 870/687/899 871/688/900 873/690/902
f 870/687/899 873/690/902 874/691/903
f 875/692/904 870/687/899 874/691/903
f 875/692/904 874/691/903 876/693/905
f 875/692/904 876/693/905 877/694/906
f 878/695/907 875/692/904 877/694/906
f 879/696/908 878/695/907 877/694/906
f 879/696/908 877/694/906 876/693/905
f 879/696/908 876/693/905 874/691/903
f 880/697/909 879/696/908 874/691/903
f 880/697/909 874/691/903 873/690/902
f 880/697/909 873/690/902 864/681/893
f 880/697/909 864/681/893 865/682/894
f 879/696/908 880/697/909 865/682/894
f 879/696/908 865/682/894 878/695/907
f 881/698/910 858/675/887 857/674/886
f 881/698/910 857/674/886 869/686/898
f 882/699/911 881/698/910 869/686/898
f 882/699/911 869/686/898 866/683/895
f 882/699/911 866/683/895 862/679/891
f 882/699/911 862/679/891 861/678/890
f 881/698/910 882/699/911 861/678/890
f 881/698/910 861/678/890 858/675/887
f 883/700/912 885/702/914 884/701/913
f 886/703/915 883/700/912 884/701/913
f 887/704/916 886/703/915 884/701/913
f 887/704/916 884/701/913 888/705/917
f 889/706/918 887/704/916 888/705/917
f 889/706/918 888/705/917 818/616/847
f 890/707/919 889/706/918 818/616/847
f 890/707/919 818/616/847 819/617/848
f 890/707/919 819/617/848 891/708/920
f 890/707/919 891/708/920 892/709/921
f 889/706/918 890/707/919 892/709/921
f 887/704/916 889/706/918 892/709/921
f 887/704/916 892/709/921 893/710/922
f 886/703/915 887/704/916 893/710/922
f 886/703/915 893/710/922 894/711/923
f 883/700/912 886/703/915 894/711/923
f 883/700/912 894/711/923 895/712/924
f 883/700/912 895/712/924 896/713/925
f 885/702/914 883/700/912 896/713/925
f 897/714/926 885/702/914 896/713/925
f 897/714/926 896/713/925 895/712/924
f 897/714/926 895/712/924 894/711/923
f 898/715/927 897/714/926 894/711/923
f 898/715/927 894/711/923 893/710/922
f 898/715/927 893/710/922 892/709/921
f 898/715/927 892/709/921 891/708/920
f 899/716/928 898/715/927 891/708/920
f 899/716/928 891/708/920 900/717/929
f 899/716/928 900/717/929 901/718/930
f 902/719/931 899/716/928 901/718/930
f 902/719/931 901/718/930 888/705/917
f 902/719/931 888/705/917 884/701/913
f 902/719/931 884/701/913 903/720/932
f 902/719/931 903/720/932 904/721/933
f 899/716/928 902/719/931 904/721/933
f 899/716/928 904/721/933 898/715/927
f 810/608/839 818/616/847 888/705/917
f 905/722/934 810/608/839 888/705/917
f 905/722/934 888/705/917 901/718/930
f 905/722/934 901/718/930 900/717/929
f 906/723/935 905/722/934 900/717/929
f 906/723/935 900/717/929 891/708/920
f 820/618/849 906/723/935 891/708/920
f 820/618/849 891/708/920 819/617/848
f 906/723/935 820/618/849 907/724/936
f 906/723/935 907/724/936 908/725/937
f 905/722/934 906/723/935 908/725/937
f 905/722/934 908/725/937 810/608/839
f 865/726/894 867/728/896 909/727/938
f 878/729/907 865/726/894 909/727/938
f 875/730/904 878/729/907 909/727/938
f 875/730/904 909/727/938 910/731/939
f 870/732/899 875/730/904 910/731/939
f 868/733/897 870/732/899 910/731/939
f 867/728/896 868/733/897 910/731/939
f 867/728/896 910/731/939 909/727/938
f 911/727/940 898/726/927 904/728/933
f 911/727/940 904/728/933 903/733/932
f 912/731/941 911/727/940 903/733/932
f 912/731/941 903/733/932 884/732/913
f 912/731/941 884/732/913 885/730/914
f 912/731/941 885/730/914 897/729/926
f 911/727/940 912/731/941 897/729/926
f 911/727/940 897/729/926 898/726/927
f 913/734/942 810/608/839 908/725/937
f 913/734/942 908/725/937 907/724/936
f 914/735/943 913/734/942 907/724/936
f 914/735/943 907/724/936 820/618/849
f 915/736/944 914/735/943 820/618/849
f 915/736/944 820/618/849 859/676/888
f 916/737/945 915/736/944 859/676/888
f 916/737/945 859/676/888 860/677/889
f 916/737/945 860/677/889 823/621/852
f 917/738/946 916/737/945 823/621/852
f 917/738/946 823/621/852 918/739/947
f 919/740/948 917/738/946 918/739/947
f 919/740/948 918/739/947 920/741/949
f 921/742/950 919/740/948 920/741/949
f 921/742/950 920/741/949 922/743/951
f 921/742/950 922/743/951 923/744/952
f 924/745/953 921/742/950 923/744/952
f 924/745/953 923/744/952 925/746/954
f 924/745/953 925/746/954 926/747/955
f 927/748/956 924/745/953 926/747/955
f 927/748/956 926/747/955 928/749/957
f 823/621/852 927/748/956 928/749/957
f 823/621/852 928/749/957 929/750/958
f 918/739/947 823/621/852 929/750/958
f 920/741/949 918/739/947 929/750/958
f 922/743/951 920/741/949 929/750/958
f 930/751/959 922/743/951 929/750/958
f 930/751/959 929/750/958 928/749/957
f 931/752/960 930/751/959 928/749/957
f 931/752/960 928/749/957 932/753/961
f 931/752/960 932/753/961 933/754/962
f 934/755/963 931/752/960 933/754/962
f 934/755/963 933/754/962 935/756/964
f 934/755/963 935/756/964 936/757/965
f 923/744/952 934/755/963 936/757/965
f 923/744/952 936/757/965 937/758/966
f 925/746/954 923/744/952 937/758/966
f 925/746/954 937/758/966 938/759/967
f 926/747/955 925/746/954 938/759/967
f 928/749/957 926/747/955 938/759/967
f 932/753/961 928/749/957 938/759/967
f 939/760/968 932/753/961 938/759/967
f 939/760/968 938/759/967 937/758/966
f 940/761/969 939/760/968 937/758/966
f 940/761/969 937/758/966 936/757/965
f 941/762/970 940/761/969 936/757/965
f 941/762/970 936/757/965 942/763/971
f 943/764/972 941/762/970 942/763/971
f 943/764/972 942/763/971 944/765/973
f 943/764/972 944/765/973 945/766/974
f 941/762/970 943/764/972 945/766/974
f 941/762/970 945/766/974 946/767/975
f 940/761/969 941/762/970 946/767/975
f 939/760/968 940/761/969 946/767/975
f 932/753/961 939/760/968 946/767/975
f 944/765/973 932/753/961 946/767/975
f 944/765/973 946/767/975 945/766/974
f 815/613/844 816/614/845 947/768/976
f 948/769/977 815/613/844 947/768/976
f 949/770/978 948/769/977 947/768/976
f 950/771/979 949/770/978 947/768/976
f 950/771/979 947/768/976 816/614/845
f 951/772/980 950/771/979 816/614/845
f 952/773/981 951/772/980 816/614/845
f 953/774/982 952/773/981 816/614/845
f 953/774/982 816/614/845 817/615/846
f 954/775/983 953/774/982 817/615/846
f 954/775/983 817/615/846 811/609/840
f 954/775/983 811/609/840 809/607/838
f 954/775/983 809/607/838 955/776/984
f 953/774/982 954/775/983 955/776/984
f 953/774/982 955/776/984 952/773/981
f 812/610/841 815/613/844 948/769/977
f 809/607/838 812/610/841 948/769/977
f 809/607/838 948/769/977 949/770/978
f 809/607/838 949/770/978 956/777/985
f 955/776/984 809/607/838 956/777/985
f 934/755/963 923/744/952 957/778/986
f 931/752/960 934/755/963 957/778/986
f 930/751/959 931/752/960 957/778/986
f 922/743/951 930/751/959 957/778/986
f 922/743/951 957/778/986 923/744/952
f 935/728/964 959/731/988 958/727/987
f 936/726/965 935/728/964 958/727/987
f 942/729/971 936/726/965 958/727/987
f 944/730/973 942/729/971 958/727/987
f 944/730/973 958/727/987 959/731/988
f 932/732/961 944/730/973 959/731/988
f 933/733/962 932/732/961 959/731/988
f 933/733/962 959/731/988 935/728/964
f 960/779/989 808/606/837 807/605/836
f 960/779/989 807/605/836 814/612/843
f 960/779/989 814/612/843 813/611/842
f 961/780/990 960/779/989 813/611/842
f 961/780/990 813/611/842 810/608/839
f 961/780/990 810/608/839 913/734/942
f 961/780/990 913/734/942 853/669/882
f 960/781/989 961/780/990 853/669/882
f 960/781/989 853/669/882 808/629/837
f 914/735/943 915/736/944 855/671/884
f 913/782/942 914/735/943 855/671/884
f 913/782/942 855/671/884 853/669/882
f 855/671/884 915/783/944 916/737/945
f 856/672/885 855/671/884 916/737/945
f 856/672/885 916/737/945 917/738/946
f 856/672/885 917/738/946 919/784/948
f 797/595/826 856/672/885 919/784/948
f 797/595/826 919/784/948 921/785/950
f 927/748/956 823/621/852 799/597/828
f 927/748/956 799/597/828 798/596/827
f 924/745/953 927/748/956 798/596/827
f 921/742/950 924/745/953 798/596/827
f 921/742/950 798/596/827 797/595/826
f 962/578/991 964/576/993 963/577/992
f 965/580/994 967/581/996 966/579/995
f 968/582/997 965/580/994 966/579/995
f 969/786/998 833/635/862 834/636/863
f 969/786/998 834/636/863 837/639/866
f 970/787/999 969/786/998 837/639/866
f 970/787/999 837/639/866 839/641/868
f 971/788/1000 956/777/985 949/770/978
f 971/788/1000 949/770/978 950/771/979
f 972/789/1001 971/788/1000 950/771/979
f 972/789/1001 950/771/979 951/772/980
f 967/585/996 974/586/1003 973/583/1002
f 966/579/995 967/585/996 973/583/1002
f 966/579/995 973/583/1002 968/584/997
f 975/588/1004 977/589/1006 976/790/1005
f 978/590/1007 975/588/1004 976/790/1005
f 978/590/1007 976/790/1005 979/601/1008
f 978/590/1007 979/601/1008 980/600/1009
f 978/590/1007 980/600/1009 981/599/1010
f 982/598/1011 978/590/1007 981/599/1010
f 982/598/1011 981/599/1010 983/619/1012
f 984/620/1013 982/598/1011 983/619/1012
f 985/689/1014 984/620/1013 983/619/1012
f 985/689/1014 983/619/1012 986/674/1015
f 985/689/1014 986/674/1015 987/688/1016
f 985/689/1014 987/688/1016 988/680/1017
f 984/620/1013 985/689/1014 988/680/1017
f 984/620/1013 988/680/1017 989/679/1018
f 984/620/1013 989/679/1018 990/621/1019
f 982/598/1011 984/620/1013 990/621/1019
f 982/598/1011 990/621/1019 991/597/1020
f 982/598/1011 991/597/1020 992/591/1021
f 978/590/1007 982/598/1011 992/591/1021
f 975/588/1004 978/590/1007 992/591/1021
f 993/592/1022 975/588/1004 992/591/1021
f 994/593/1023 993/592/1022 992/591/1021
f 994/593/1023 992/591/1021 991/597/1020
f 994/593/1023 991/597/1020 995/596/1024
f 994/593/1023 995/596/1024 996/595/1025
f 994/593/1023 996/595/1025 997/594/1026
f 993/592/1022 994/593/1023 997/594/1026
f 998/602/1027 979/601/1008 976/790/1005
f 999/603/1028 998/602/1027 976/790/1005
f 999/603/1028 976/790/1005 1000/604/1029
f 1000/630/1029 976/646/1005 1001/645/1030
f 1002/631/1031 1000/630/1029 1001/645/1030
f 1002/631/1031 1001/645/1030 1003/644/1032
f 1004/633/1033 1002/631/1031 1003/644/1032
f 1004/633/1033 1003/644/1032 1005/643/1034
f 1006/634/1035 1004/633/1033 1005/643/1034
f 1007/642/1036 1006/634/1035 1005/643/1034
f 1007/642/1036 1005/643/1034 1008/640/1037
f 1009/641/1038 1007/642/1036 1008/640/1037
f 1010/639/1039 1009/641/1038 1008/640/1037
f 1010/639/1039 1008/640/1037 1011/638/1040
f 1012/636/1041 1010/639/1039 1011/638/1040
f 1012/636/1041 1011/638/1040 1013/637/1042
f 1012/636/1041 1013/637/1042 1014/632/1043
f 1015/635/1044 1012/636/1041 1014/632/1043
f 1006/634/1035 1015/635/1044 1014/632/1043
f 1004/633/1033 1006/634/1035 1014/632/1043
f 1002/631/1031 1004/633/1033 1014/632/1043
f 1002/631/1031 1014/632/1043 1016/628/1045
f 1000/630/1029 1002/631/1031 1016/628/1045
f 1017/629/1046 1000/630/1029 1016/628/1045
f 1018/627/1047 1017/629/1046 1016/628/1045
f 1018/627/1047 1016/628/1045 1019/626/1048
f 1020/625/1049 1018/627/1047 1019/626/1048
f 1020/625/1049 1019/626/1048 967/581/996
f 1020/625/1049 967/581/996 965/623/994
f 1021/622/1050 1020/625/1049 965/623/994
f 1021/622/1050 965/623/994 968/624/997
f 1022/655/1051 968/656/997 1023/654/1052
f 1024/653/1053 1022/655/1051 1023/654/1052
f 1024/653/1053 1023/654/1052 1025/651/1054
f 1026/652/1055 1024/653/1053 1025/651/1054
f 997/650/1026 1026/652/1055 1025/651/1054
f 997/650/1026 1025/651/1054 974/648/1003
f 993/647/1022 997/650/1026 974/648/1003
f 993/647/1022 974/648/1003 975/649/1004
f 1026/652/1055 997/594/1026 996/595/1025
f 1026/652/1055 996/595/1025 1027/657/1056
f 1024/658/1053 1026/652/1055 1027/657/1056
f 1024/658/1053 1027/657/1056 1028/659/1057
f 1024/658/1053 1028/659/1057 1021/622/1050
f 1022/660/1051 1024/658/1053 1021/622/1050
f 1022/660/1051 1021/622/1050 968/661/997
f 1008/640/1037 1005/643/1034 1003/644/1032
f 1008/640/1037 1003/644/1032 1001/662/1030
f 1029/663/1058 1008/640/1037 1001/662/1030
f 1030/664/1059 1029/663/1058 1001/662/1030
f 977/589/1006 1030/664/1059 1001/662/1030
f 977/589/1006 1001/662/1030 976/646/1005
f 977/667/1006 975/649/1004 974/665/1003
f 1030/664/1059 977/667/1006 974/665/1003
f 964/576/993 1030/664/1059 974/665/1003
f 964/576/993 974/665/1003 967/666/996
f 964/576/993 967/581/996 1019/626/1048
f 963/577/992 964/576/993 1019/626/1048
f 963/577/992 1019/626/1048 1016/628/1045
f 963/577/992 1016/628/1045 1014/632/1043
f 963/577/992 1014/632/1043 1013/637/1042
f 962/578/991 963/577/992 1013/637/1042
f 962/578/991 1013/637/1042 1011/638/1040
f 962/578/991 1011/638/1040 1008/640/1037
f 962/578/991 1008/640/1037 1029/663/1058
f 964/576/993 962/578/991 1029/663/1058
f 964/576/993 1029/663/1058 1030/664/1059
f 1027/657/1056 996/595/1025 1031/672/1060
f 1032/670/1061 1027/657/1056 1031/672/1060
f 1032/670/1061 1031/672/1060 1033/671/1062
f 1032/670/1061 1033/671/1062 1034/669/1063
f 1018/668/1047 1032/670/1061 1034/669/1063
f 1018/668/1047 1034/669/1063 1017/629/1046
f 1023/654/1052 968/673/997 973/583/1002
f 1025/651/1054 1023/654/1052 973/583/1002
f 1025/651/1054 973/583/1002 974/648/1003
f 1020/625/1049 1021/622/1050 1028/659/1057
f 1018/668/1047 1020/625/1049 1028/659/1057
f 1032/670/1061 1018/668/1047 1028/659/1057
f 1032/670/1061 1028/659/1057 1027/657/1056
f 1035/675/1064 1037/676/1066 1036/677/1065
f 1038/678/1067 1035/675/1064 1036/677/1065
f 1038/678/1067 1036/677/1065 990/621/1019
f 1038/678/1067 990/621/1019 989/679/1018
f 1038/678/1067 989/679/1018 1039/699/1068
f 1038/678/1067 1039/699/1068 1040/698/1069
f 1035/675/1064 1038/678/1067 1040/698/1069
f 986/674/1015 1035/675/1064 1040/698/1069
f 1041/686/1070 986/674/1015 1040/698/1069
f 1041/686/1070 1040/698/1069 1039/699/1068
f 1042/683/1071 1041/686/1070 1039/699/1068
f 1042/683/1071 1039/699/1068 989/679/1018
f 1042/683/1071 989/679/1018 1043/682/1072
f 1042/683/1071 1043/682/1072 1044/684/1073
f 1042/683/1071 1044/684/1073 1045/685/1074
f 1041/686/1070 1042/683/1071 1045/685/1074
f 1041/686/1070 1045/685/1074 1046/687/1075
f 986/674/1015 1041/686/1070 1046/687/1075
f 987/688/1016 986/674/1015 1046/687/1075
f 987/688/1016 1046/687/1075 1047/690/1076
f 987/688/1016 1047/690/1076 1048/681/1077
f 988/680/1017 987/688/1016 1048/681/1077
f 989/679/1018 988/680/1017 1048/681/1077
f 1043/682/1072 989/679/1018 1048/681/1077
f 1049/697/1078 1043/682/1072 1048/681/1077
f 1049/697/1078 1048/681/1077 1047/690/1076
f 1050/691/1079 1049/697/1078 1047/690/1076
f 1050/691/1079 1047/690/1076 1046/687/1075
f 1050/691/1079 1046/687/1075 1051/692/1080
f 1052/693/1081 1050/691/1079 1051/692/1080
f 1053/694/1082 1052/693/1081 1051/692/1080
f 1053/694/1082 1051/692/1080 1054/695/1083
f 1055/696/1084 1053/694/1082 1054/695/1083
f 1055/696/1084 1054/695/1083 1043/682/1072
f 1055/696/1084 1043/682/1072 1049/697/1078
f 1055/696/1084 1049/697/1078 1050/691/1079
f 1055/696/1084 1050/691/1079 1052/693/1081
f 1053/694/1082 1055/696/1084 1052/693/1081
f 832/634/861 833/635/862 1056/791/1085
f 840/642/869 832/634/861 1056/791/1085
f 840/642/869 1056/791/1085 1057/792/1086
f 839/641/868 840/642/869 1057/792/1086
f 839/641/868 1057/792/1086 1058/793/1087
f 1059/794/1088 839/641/868 1058/793/1087
f 1059/794/1088 1058/793/1087 1060/793/1089
f 1061/795/1090 1059/794/1088 1060/793/1089
f 833/635/862 1061/795/1090 1060/793/1089
f 1056/791/1085 833/635/862 1060/793/1089
f 1057/792/1086 1056/791/1085 1060/793/1089
f 1057/792/1086 1060/793/1089 1058/793/1087
f 1061/729/1090 1063/727/1092 1062/731/1091
f 1059/730/1088 1061/729/1090 1062/731/1091
f 839/732/868 1059/730/1088 1062/731/1091
f 970/733/999 839/732/868 1062/731/1091
f 970/733/999 1062/731/1091 1063/727/1092
f 969/728/998 970/733/999 1063/727/1092
f 833/726/862 969/728/998 1063/727/1092
f 833/726/862 1063/727/1092 1061/729/1090
f 1064/730/1093 1066/729/1095 1065/731/1094
f 951/732/980 1064/730/1093 1065/731/1094
f 972/733/1001 951/732/980 1065/731/1094
f 972/733/1001 1065/731/1094 1067/727/1096
f 971/728/1000 972/733/1001 1067/727/1096
f 956/726/985 971/728/1000 1067/727/1096
f 1066/729/1095 956/726/985 1067/727/1096
f 1066/729/1095 1067/727/1096 1065/731/1094
f 1068/796/1097 1070/798/1099 1069/797/1098
f 1071/799/1100 1068/796/1097 1069/797/1098
f 1071/799/1100 1069/797/1098 952/773/981
f 1071/799/1100 952/773/981 955/776/984
f 1071/799/1100 955/776/984 956/777/985
f 1068/796/1097 1071/799/1100 956/777/985
f 1068/796/1097 956/777/985 1066/800/1095
f 1068/796/1097 1066/800/1095 1072/801/1101
f 1070/798/1099 1068/796/1097 1072/801/1101
f 1073/802/1102 1070/798/1099 1072/801/1101
f 1073/802/1102 1072/801/1101 1066/800/1095
f 1073/802/1102 1066/800/1095 1064/803/1093
f 1070/798/1099 1073/802/1102 1064/803/1093
f 1070/798/1099 1064/803/1093 951/772/980
f 1069/797/1098 1070/798/1099 951/772/980
f 1069/797/1098 951/772/980 952/773/981
f 1044/728/1073 1075/727/1104 1074/731/1103
f 1045/733/1074 1044/728/1073 1074/731/1103
f 1046/732/1075 1045/733/1074 1074/731/1103
f 1051/730/1080 1046/732/1075 1074/731/1103
f 1051/730/1080 1074/731/1103 1075/727/1104
f 1054/729/1083 1051/730/1080 1075/727/1104
f 1043/726/1072 1054/729/1083 1075/727/1104
f 1043/726/1072 1075/727/1104 1044/728/1073
f 986/674/1015 983/619/1012 1076/618/1105
f 1035/675/1064 986/674/1015 1076/618/1105
f 1037/676/1066 1035/675/1064 1076/618/1105
f 1037/676/1066 1076/618/1105 1077/804/1106
f 1037/676/1066 1077/804/1106 1078/737/1107
f 1036/677/1065 1037/676/1066 1078/737/1107
f 990/621/1019 1036/677/1065 1078/737/1107
f 990/621/1019 1078/737/1107 1079/738/1108
f 1080/739/1109 990/621/1019 1079/738/1108
f 1080/739/1109 1079/738/1108 1081/740/1110
f 1082/741/1111 1080/739/1109 1081/740/1110
f 1082/741/1111 1081/740/1110 1083/742/1112
f 1084/743/1113 1082/741/1111 1083/742/1112
f 1085/744/1114 1084/743/1113 1083/742/1112
f 1085/744/1114 1083/742/1112 1086/745/1115
f 1087/746/1116 1085/744/1114 1086/745/1115
f 1088/747/1117 1087/746/1116 1086/745/1115
f 1088/747/1117 1086/745/1115 1089/748/1118
f 1090/749/1119 1088/747/1117 1089/748/1118
f 1090/749/1119 1089/748/1118 990/621/1019
f 1091/750/1120 1090/749/1119 990/621/1019
f 1091/750/1120 990/621/1019 1080/739/1109
f 1091/750/1120 1080/739/1109 1082/741/1111
f 1091/750/1120 1082/741/1111 1084/743/1113
f 1091/750/1120 1084/743/1113 1092/751/1121
f 1090/749/1119 1091/750/1120 1092/751/1121
f 1090/749/1119 1092/751/1121 1093/752/1122
f 1094/753/1123 1090/749/1119 1093/752/1122
f 1095/754/1124 1094/753/1123 1093/752/1122
f 1095/754/1124 1093/752/1122 1096/755/1125
f 1097/756/1126 1095/754/1124 1096/755/1125
f 1098/757/1127 1097/756/1126 1096/755/1125
f 1098/757/1127 1096/755/1125 1085/744/1114
f 1099/758/1128 1098/757/1127 1085/744/1114
f 1099/758/1128 1085/744/1114 1087/746/1116
f 1100/759/1129 1099/758/1128 1087/746/1116
f 1100/759/1129 1087/746/1116 1088/747/1117
f 1100/759/1129 1088/747/1117 1090/749/1119
f 1100/759/1129 1090/749/1119 1094/753/1123
f 1100/759/1129 1094/753/1123 1101/760/1130
f 1099/758/1128 1100/759/1129 1101/760/1130
f 1099/758/1128 1101/760/1130 1102/761/1131
f 1098/757/1127 1099/758/1128 1102/761/1131
f 1098/757/1127 1102/761/1131 1103/762/1132
f 1104/763/1133 1098/757/1127 1103/762/1132
f 1104/763/1133 1103/762/1132 1105/764/1134
f 1106/765/1135 1104/763/1133 1105/764/1134
f 1107/766/1136 1106/765/1135 1105/764/1134
f 1107/766/1136 1105/764/1134 1103/762/1132
f 1108/767/1137 1107/766/1136 1103/762/1132
f 1108/767/1137 1103/762/1132 1102/761/1131
f 1108/767/1137 1102/761/1131 1101/760/1130
f 1108/767/1137 1101/760/1130 1094/753/1123
f 1108/767/1137 1094/753/1123 1106/765/1135
f 1107/766/1136 1108/767/1137 1106/765/1135
f 1109/735/1138 1077/804/1106 1076/618/1105
f 1109/735/1138 1076/618/1105 1110/724/1139
f 1111/805/1140 1109/735/1138 1110/724/1139
f 1112/725/1141 1111/805/1140 1110/724/1139
f 1112/725/1141 1110/724/1139 1113/723/1142
f 1114/722/1143 1112/725/1141 1113/723/1142
f 1114/722/1143 1113/723/1142 1115/717/1144
f 1114/722/1143 1115/717/1144 1116/718/1145
f 1117/705/1146 1114/722/1143 1116/718/1145
f 1117/705/1146 1116/718/1145 1118/719/1147
f 1119/701/1148 1117/705/1146 1118/719/1147
f 1120/720/1149 1119/701/1148 1118/719/1147
f 1121/721/1150 1120/720/1149 1118/719/1147
f 1122/716/1151 1121/721/1150 1118/719/1147
f 1122/716/1151 1118/719/1147 1116/718/1145
f 1122/716/1151 1116/718/1145 1115/717/1144
f 1123/708/1152 1122/716/1151 1115/717/1144
f 1123/708/1152 1115/717/1144 1113/723/1142
f 1076/618/1105 1123/708/1152 1113/723/1142
f 1076/618/1105 1113/723/1142 1110/724/1139
f 1124/715/1153 1121/721/1150 1122/716/1151
f 1124/715/1153 1122/716/1151 1123/708/1152
f 1125/709/1154 1124/715/1153 1123/708/1152
f 1126/707/1155 1125/709/1154 1123/708/1152
f 1127/617/1156 1126/707/1155 1123/708/1152
f 1127/617/1156 1123/708/1152 1076/618/1105
f 1126/707/1155 1127/617/1156 1128/616/1157
f 1129/706/1158 1126/707/1155 1128/616/1157
f 1129/706/1158 1128/616/1157 1117/705/1146
f 1130/704/1159 1129/706/1158 1117/705/1146
f 1130/704/1159 1117/705/1146 1119/701/1148
f 1131/703/1160 1130/704/1159 1119/701/1148
f 1132/700/1161 1131/703/1160 1119/701/1148
f 1132/700/1161 1119/701/1148 1133/702/1162
f 1134/713/1163 1132/700/1161 1133/702/1162
f 1134/713/1163 1133/702/1162 1135/714/1164
f 1134/713/1163 1135/714/1164 1136/712/1165
f 1132/700/1161 1134/713/1163 1136/712/1165
f 1137/711/1166 1132/700/1161 1136/712/1165
f 1137/711/1166 1136/712/1165 1135/714/1164
f 1137/711/1166 1135/714/1164 1124/715/1153
f 1138/710/1167 1137/711/1166 1124/715/1153
f 1138/710/1167 1124/715/1153 1125/709/1154
f 1130/704/1159 1138/710/1167 1125/709/1154
f 1129/706/1158 1130/704/1159 1125/709/1154
f 1129/706/1158 1125/709/1154 1126/707/1155
f 1138/710/1167 1130/704/1159 1131/703/1160
f 1137/711/1166 1138/710/1167 1131/703/1160
f 1137/711/1166 1131/703/1160 1132/700/1161
f 1084/743/1113 1085/744/1114 1139/778/1168
f 1092/751/1121 1084/743/1113 1139/778/1168
f 1093/752/1122 1092/751/1121 1139/778/1168
f 1096/755/1125 1093/752/1122 1139/778/1168
f 1096/755/1125 1139/778/1168 1085/744/1114
f 1121/728/1150 1124/726/1153 1140/727/1169
f 1120/733/1149 1121/728/1150 1140/727/1169
f 1120/733/1149 1140/727/1169 1141/731/1170
f 1119/732/1148 1120/733/1149 1141/731/1170
f 1133/730/1162 1119/732/1148 1141/731/1170
f 1135/729/1164 1133/730/1162 1141/731/1170
f 1135/729/1164 1141/731/1170 1140/727/1169
f 1124/726/1153 1135/729/1164 1140/727/1169
f 1095/733/1124 1097/728/1126 1142/731/1171
f 1094/732/1123 1095/733/1124 1142/731/1171
f 1106/730/1135 1094/732/1123 1142/731/1171
f 1106/730/1135 1142/731/1171 1143/727/1172
f 1104/729/1133 1106/730/1135 1143/727/1172
f 1098/726/1127 1104/729/1133 1143/727/1172
f 1097/728/1126 1098/726/1127 1143/727/1172
f 1097/728/1126 1143/727/1172 1142/731/1171
f 1144/798/1173 1146/802/1175 1145/801/1174
f 1147/796/1176 1144/798/1173 1145/801/1174
f 1076/618/1105 981/599/1010 980/600/1009
f 1127/617/1156 1076/618/1105 980/600/1009
f 1127/617/1156 980/600/1009 979/601/1008
f 1128/616/1157 1127/617/1156 979/601/1008
f 1128/616/1157 979/601/1008 1148/608/1177
f 1117/705/1146 1128/616/1157 1148/608/1177
f 1114/722/1143 1117/705/1146 1148/608/1177
f 1112/725/1141 1114/722/1143 1148/608/1177
f 1111/805/1140 1112/725/1141 1148/608/1177
f 1111/805/1140 1148/608/1177 1149/780/1178
f 1034/669/1063 1111/805/1140 1149/780/1178
f 1034/669/1063 1149/780/1178 1150/781/1179
f 1017/629/1046 1034/669/1063 1150/781/1179
f 1148/608/1177 979/601/1008 998/602/1027
f 1151/609/1180 1148/608/1177 998/602/1027
f 1151/609/1180 998/602/1027 999/603/1028
f 1152/615/1181 1151/609/1180 999/603/1028
f 1153/605/1182 1152/615/1181 999/603/1028
f 1153/605/1182 999/603/1028 1000/604/1029
f 1153/605/1182 1000/604/1029 1017/606/1046
f 1153/605/1182 1017/606/1046 1150/779/1179
f 1154/612/1183 1153/605/1182 1150/779/1179
f 1155/611/1184 1154/612/1183 1150/779/1179
f 1155/611/1184 1150/779/1179 1149/780/1178
f 1155/611/1184 1149/780/1178 1148/608/1177
f 1155/611/1184 1148/608/1177 1156/610/1185
f 1154/612/1183 1155/611/1184 1156/610/1185
f 1154/612/1183 1156/610/1185 1157/613/1186
f 1153/605/1182 1154/612/1183 1157/613/1186
f 1153/605/1182 1157/613/1186 1158/614/1187
f 1152/615/1181 1153/605/1182 1158/614/1187
f 1152/615/1181 1158/614/1187 1159/774/1188
f 1152/615/1181 1159/774/1188 1160/775/1189
f 1151/609/1180 1152/615/1181 1160/775/1189
f 1151/609/1180 1160/775/1189 1161/607/1190
f 1148/608/1177 1151/609/1180 1161/607/1190
f 1156/610/1185 1148/608/1177 1161/607/1190
f 1156/610/1185 1161/607/1190 1162/769/1191
f 1157/613/1186 1156/610/1185 1162/769/1191
f 1157/613/1186 1162/769/1191 1163/768/1192
f 1158/614/1187 1157/613/1186 1163/768/1192
f 1158/614/1187 1163/768/1192 1164/771/1193
f 1165/772/1194 1158/614/1187 1164/771/1193
f 1166/789/1195 1165/772/1194 1164/771/1193
f 1167/788/1196 1166/789/1195 1164/771/1193
f 1168/770/1197 1167/788/1196 1164/771/1193
f 1168/770/1197 1164/771/1193 1163/768/1192
f 1168/770/1197 1163/768/1192 1162/769/1191
f 1168/770/1197 1162/769/1191 1161/607/1190
f 1168/770/1197 1161/607/1190 1169/777/1198
f 1167/788/1196 1168/770/1197 1169/777/1198
f 1111/782/1140 1034/669/1063 1033/671/1062
f 1109/735/1138 1111/782/1140 1033/671/1062
f 1109/735/1138 1033/671/1062 1077/804/1106
f 996/595/1025 1083/785/1112 1081/784/1110
f 1031/672/1060 996/595/1025 1081/784/1110
f 1031/672/1060 1081/784/1110 1079/738/1108
f 1031/672/1060 1079/738/1108 1078/737/1107
f 1033/671/1062 1031/672/1060 1078/737/1107
f 1033/671/1062 1078/737/1107 1077/783/1106
f 1083/742/1112 996/595/1025 995/596/1024
f 1086/745/1115 1083/742/1112 995/596/1024
f 1089/748/1118 1086/745/1115 995/596/1024
f 1089/748/1118 995/596/1024 991/597/1020
f 1170/729/1199 1172/731/1201 1171/727/1200
f 1169/726/1198 1170/729/1199 1171/727/1200
f 1167/728/1196 1169/726/1198 1171/727/1200
f 1166/733/1195 1167/728/1196 1171/727/1200
f 1166/733/1195 1171/727/1200 1172/731/1201
f 1165/732/1194 1166/733/1195 1172/731/1201
f 1173/730/1202 1165/732/1194 1172/731/1201
f 1173/730/1202 1172/731/1201 1170/729/1199
f 1147/796/1176 1175/799/1204 1174/797/1203
f 1144/798/1173 1147/796/1176 1174/797/1203
f 1144/798/1173 1174/797/1203 1165/772/1194
f 1144/798/1173 1165/772/1194 1173/803/1202
f 1146/802/1175 1144/798/1173 1173/803/1202
f 1146/802/1175 1173/803/1202 1170/800/1199
f 1145/801/1174 1146/802/1175 1170/800/1199
f 1147/796/1176 1145/801/1174 1170/800/1199
f 1147/796/1176 1170/800/1199 1169/777/1198
f 1175/799/1204 1147/796/1176 1169/777/1198
f 1176/776/1205 1175/799/1204 1169/777/1198
f 1176/776/1205 1169/777/1198 1161/607/1190
f 1176/776/1205 1161/607/1190 1160/775/1189
f 1176/776/1205 1160/775/1189 1159/774/1188
f 1177/773/1206 1176/776/1205 1159/774/1188
f 1177/773/1206 1159/774/1188 1158/614/1187
f 1177/773/1206 1158/614/1187 1165/772/1194
f 1177/773/1206 1165/772/1194 1174/797/1203
f 1177/773/1206 1174/797/1203 1175/799/1204
f 1176/776/1205 1177/773/1206 1175/799/1204
f 983/619/1012 981/599/1010 1076/618/1105
f 991/597/1020 990/621/1019 1089/748/1118
f 1012/636/1041 1015/635/1044 1178/786/1207
f 1010/639/1039 1012/636/1041 1178/786/1207
f 1010/639/1039 1178/786/1207 1179/787/1208
f 1009/641/1038 1010/639/1039 1179/787/1208
f 1180/792/1209 1182/793/1211 1181/793/1210
f 1183/791/1212 1180/792/1209 1181/793/1210
f 1015/635/1044 1183/791/1212 1181/793/1210
f 1184/795/1213 1015/635/1044 1181/793/1210
f 1185/794/1214 1184/795/1213 1181/793/1210
f 1185/794/1214 1181/793/1210 1182/793/1211
f 1009/641/1038 1185/794/1214 1182/793/1211
f 1009/641/1038 1182/793/1211 1180/792/1209
f 1007/642/1036 1009/641/1038 1180/792/1209
f 1007/642/1036 1180/792/1209 1183/791/1212
f 1006/634/1035 1007/642/1036 1183/791/1212
f 1006/634/1035 1183/791/1212 1015/635/1044
f 1015/726/1044 1184/729/1213 1186/727/1215
f 1178/728/1207 1015/726/1044 1186/727/1215
f 1179/733/1208 1178/728/1207 1186/727/1215
f 1179/733/1208 1186/727/1215 1187/731/1216
f 1009/732/1038 1179/733/1208 1187/731/1216
f 1185/730/1214 1009/732/1038 1187/731/1216
f 1184/729/1213 1185/730/1214 1187/731/1216
f 1184/729/1213 1187/731/1216 1186/727/1215
v -0.039218664 6.6361523 0.083510205
vt 0.49838 0.34559
vn 0.9950729 0.07970192 -0.058970902
v -0.18642849 6.6361523 -0.6252097
vt 0.43974 0.31745
vn 0.74322426 -0.03431226 -0.668162
vt 0.49838 0.31745
vn 0.9979883 -0.04192491 0.047557354
vt 0.0037800074 0.31745
v -0.33313924 7.09453 0.8803599
vt 0.063660026 0.36795998
vn 0.7677744 -0.027008848 0.6401507
vt 0.0037800074 0.34559
v -3.519176E-10 7.5123825 1.00001
vt 0.02651 0.41930997
vn 8.8638735E-08 -0.5532422 0.83302045
v -3.9101167E-10 7.14229 0
vt 0.022979975 0.40040004
vn 1.2602204E-08 -0.9929619 0.118434295
v -0.37359935 7.531732 0.98464
vt 0.07726002 0.41637003
vn 0.2485802 -0.47385225 0.8447911
v -0.27712864 6.6219525 0.81249005
vt 0.063660026 0.31745
vn 0.8181168 -0.06366623 0.5715168
vn 0.7677746 -0.02700885 0.6401506
vn 0.9979883 -0.04192491 0.047557138
v -0.9152211 6.6361523 1.1623499
vt 0.12697 0.31745
vn 0.07493484 -0.081176415 0.99387884
v -0.90645355 7.585562 1.21352
vt 0.11821002 0.41180003
vn -0.010504361 -0.031503003 0.9994485
v -1.51346 7.6609125 0.88731
vt 0.19132 0.41363
vn -0.729431 0.026161615 0.68355393
v -1.5551255 6.6361523 0.7941597
vt 0.19132 0.31745
vn -0.73886085 -0.036899254 0.672847
v -1.8938949 7.703344 0.13867
vt 0.25255 0.41363
vn -0.9982059 0.05798003 0.01494355
v -1.8922971 6.6361523 0.08350978
vt 0.25255 0.31745
vn -0.999585 -0.019619895 0.021093702
v -1.6102717 7.3518324 -0.5917904
vt 0.31444 0.37906003
vn -0.80083543 -0.043211903 -0.59732354
v -1.5838329 6.636152 -0.6514501
vt 0.31444 0.31745
vn -0.7500432 -0.013235747 -0.66125643
v -0.8864334 7.048341 -1.03
vt 0.37388003 0.36036003
vn -0.101401776 -0.26492977 -0.95892125
v -0.91345984 6.636152 -1.0131599
vt 0.37388003 0.31745
vn 0.009390617 -0.05748456 -0.9983023
v -0.24534285 7.021108 -0.65125996
vt 0.43974 0.36036003
vn 0.76976967 -0.3295954 -0.54664576
vn 0.74322414 -0.03431226 -0.6681621
vn 0.9950729 0.079701915 -0.05897111
v -0.0496552 6.09076 0.04784038
vt 0.99527 0.07885003
vn 0.99875516 -0.042217154 0.026568683
v -0.20403868 5.38246 -0.59126
vt 0.95932 0.003000021
vn 0.77554065 0.011851082 -0.63118637
v -0.05875277 5.38246 -0.03563
vt 0.99527 0.003000021
vn 0.9969404 -0.0008972951 0.078160465
v -0.20798802 6.09975 -0.5946796
vt 0.95932 0.07885003
vn 0.84500545 -0.059847802 -0.5313982
v -0.9188145 6.0997496 -0.95555973
vt 0.91894 0.07885003
vn 0.082425326 -0.052176222 -0.9952305
v -0.9316795 5.38246 -0.94331
vt 0.91894 0.003000021
vn 0.010789431 0.02931943 -0.9995119
v -1.5962121 5.38246 -0.61041
vt 0.8825 0.003000021
vn -0.7185874 0.011782088 -0.6953368
v -1.5837655 6.09975 -0.62092996
vt 0.8825 0.07885003
vn -0.74628747 -0.03845879 -0.66451186
v -1.818198 5.38246 -0.03563
vt 0.84455 0.003000021
vn -0.99515885 -0.033543576 -0.09237848
v -1.8600166 6.09076 0.047839962
vt 0.84455 0.07885003
vn -0.9977984 -0.06569474 -0.009091522
v -1.5781993 5.38245 0.65272
vt 0.80702 0.003000021
vn -0.8290463 -0.07637889 0.55393916
v -1.5619271 6.09975 0.7555799
vt 0.80702 0.07885003
vn -0.73975635 -0.092123434 0.6665386
v -0.9316795 5.38245 0.98309
vt 0.76763 0.003000021
vn -0.06954803 -0.115189545 0.9909059
v -0.9197613 6.0997505 1.1071202
vt 0.76767 0.07885003
vn 0.0008453175 -0.129019 0.99164176
v -0.2578484 5.38245 0.65154
vt 0.72875 0.003000021
vn 0.764156 -0.06309886 0.64193785
v -0.28012395 6.09975 0.7592902
vt 0.72875 0.07885003
vn 0.7695865 -0.09414257 0.6315646
vt 0.69204 0.003000021
vt 0.69204 0.07885003
vt 0.72875 0.15385002
vt 0.69204 0.15385002
vt 0.99527 0.15385002
vt 0.95932 0.15385002
vt 0.91894 0.15385002
vt 0.8825 0.15385002
vt 0.84455 0.15385002
vt 0.80702 0.15385002
vt 0.76756 0.15385002
v -0.0537 4.79573 -0.03563
vt 0.0037800074 0.19022
vn 0.99558586 0.04084702 0.08450047
vt 0.063660026 0.22500002
vt 0.0037800074 0.22500002
v -0.29091 4.79573 0.59932005
vt 0.063660026 0.19022
vn 0.6684328 -0.12664543 0.732911
vt 0.12707996 0.22500002
v -0.9316795 4.79573 0.93151
vt 0.12707996 0.19022
vn 0.0012078712 -0.16905542 0.98560584
v -1.5590202 4.79573 0.60336
vt 0.19132 0.19022
vn -0.66209173 -0.1483903 0.73458487
vt 0.19132 0.22500002
v -1.8048921 4.79573 -0.03563
vt 0.25255 0.19022
vn -0.99617606 0.023269689 0.08421265
vt 0.25255 0.22500002
vt 0.31444 0.22500002
v -1.5767779 4.44179 -0.6485494
vt 0.31444 0.15625
vn -0.7739854 0.25220868 -0.5808076
v -0.91881424 4.36485 -1.0204892
vt 0.37388003 0.15625
vn 0.012944425 0.26792327 -0.9633533
vt 0.37388003 0.22500002
vt 0.43974 0.22500002
v -0.27178824 4.4417906 -0.63128906
vt 0.43974 0.15625
vn 0.777616 0.23426516 -0.5834665
vt 0.49838 0.19022
vt 0.49838 0.22500002
v 0.057011664 4.2287703 -0.035628986
vt 0.49838 0.14718002
vn 0.99329585 0.10343452 0.051620804
v -0.14393818 4.0890203 -0.7699988
vt 0.43974 0.13629001
vn 0.77523065 0.14087014 -0.6157703
v -0.034608185 3.7208405 -0.035628844
vt 0.49838 0.11416
vn 0.97103196 -0.13217522 0.19906452
v -0.2196281 3.2860003 -0.6052987
vt 0.43974 0.07762003
vn 0.7201207 0.32719952 -0.6118551
v -0.077598155 3.2860005 -0.035628714
vt 0.49838 0.07762003
vn 0.799332 0.59068346 0.11027844
v -0.14393806 3.1960006 -0.73888856
vt 0.42852998 0.056819975
vn 0.6894895 0.41776997 -0.5916693
v 0.023311853 3.1960006 -0.035628665
vt 0.49838 0.056819975
vn 0.97489417 0.19674644 0.104270145
v -0.21395797 2.3702104 -0.6533384
vt 0.43974 0.02165997
vn 0.693004 -0.47732326 -0.5402851
v -0.07106811 2.3702106 -0.03562842
vt 0.49838 0.02165997
vn 0.8051688 -0.58520466 0.09611817
v -0.31044793 2.2572708 -0.5674184
vt 0.44921 0.009509981
vn 0.4327998 -0.8674096 -0.24553001
v -0.21039802 2.2572706 -0.03562842
vt 0.30053997 0.009509981
vn 0.26213014 -0.96428806 0.03789831
v -0.9189972 2.2572706 -0.83542854
vt 0.37388003 0.009509981
vn -0.0121430885 -0.93486565 -0.35479409
v -0.9189972 2.3702102 -0.95673853
vt 0.37388003 0.02165997
vn -0.022967374 -0.37182447 -0.9280189
v -0.9188141 3.1960006 -1.0863289
vt 0.37388003 0.056819975
vn -0.012781174 0.6488432 -0.7608148
v -0.9188141 3.2860003 -0.92645884
vt 0.37388003 0.07762003
vn -0.012619229 0.3974552 -0.9175348
v -0.91881424 4.05317 -1.1611991
vt 0.37388003 0.13035
vn 0.0028091439 -0.04940836 -0.9987747
v -1.6853477 7.800595 -0.58053106
vt 0.31444 0.41363
vn -0.8055233 0.035009388 -0.5915291
v -0.9411855 7.4726133 -1.15228
vt 0.37388003 0.39350998
vn -0.27802047 -0.19808674 -0.9399289
v -0.94034094 7.9594417 -1.1783804
vt 0.37388003 0.4328
vn -0.37123773 0.08974747 -0.92419046
v 1.2933053E-06 7.8891325 -1.1819402
vt 0.45386004 0.4328
vn 1.3092185E-07 -0.20734935 -0.978267
v -0.18658377 7.372922 -0.97417
vt 0.43974 0.39350998
vn 0.43796575 -0.5162993 -0.7359491
v -3.9102588E-10 7.3818827 -0.74499
vt 0.47595 0.40680003
vn -4.894827E-08 -0.88791233 -0.4600127
v -1.6380205 3.1960006 -0.736559
vt 0.32519996 0.056819975
vn -0.6968805 0.38883173 -0.60263383
v -1.5325048 2.3702104 -0.64781874
vt 0.31444 0.02165997
vn -0.6751154 -0.4777775 -0.56209236
v -1.4104264 2.2572706 -0.5908486
vt 0.30544 0.009509981
vn -0.4286018 -0.8530594 -0.29764104
v -1.6192895 2.2572706 -0.035628743
vt 0.2526 0.009509981
vn -0.2765571 -0.9608564 0.016468506
v -1.7485245 2.3702104 -0.03562881
vt 0.25255 0.02165997
vn -0.8078502 -0.58715725 0.051230345
v -1.8573387 3.1960006 -0.0356291
vt 0.25249004 0.056819975
vn -0.9781435 0.19552647 0.07074364
v -1.7476287 3.2860005 -0.0356291
vt 0.25255 0.07762003
vn -0.8049027 0.5865863 0.089712515
v -1.5812674 3.2860003 -0.59977907
vt 0.31444 0.07762003
vn -0.7279234 0.29276156 -0.6200147
v -1.7173942 4.1013203 -0.7752292
vt 0.31444 0.13629001
vn -0.77341723 0.1217161 -0.62210214
v -1.9101015 4.2361903 -0.035629444
vt 0.25255 0.14718002
vn -0.99141616 0.1095225 0.07140657
v -1.5032377 4.2789006 0.4720006
vt 0.19132 0.15311998
vn -0.71326727 -0.09275572 0.69472736
v -0.91881436 4.2789006 0.7986906
vt 0.12699997 0.15311998
vn -0.000707449 -0.19613774 0.9805761
v -0.32988834 4.2789006 0.47576088
vt 0.063660026 0.15311998
vn 0.71637857 -0.09178286 0.6916485
vt 0.0037800074 0.14718002
vt 0.0037800074 0.11416
v -0.40360814 3.2860007 0.41292116
vt 0.063660026 0.07762003
vn 0.6059335 0.49110982 0.6258241
vt 0.0037800074 0.07762003
v -0.26879817 3.196001 0.59519124
vt 0.07486999 0.056819975
vn 0.6019139 0.46423295 0.64975953
vt 0.0037800074 0.056819975
v -0.33706802 2.3702106 0.5099215
vt 0.063660026 0.02165997
vn 0.6376526 -0.47507998 0.6063813
vt 0.0037800074 0.02165997
v -0.42692804 2.2572708 0.4059315
vt 0.05418998 0.009509981
vn 0.39887956 -0.86393005 0.307441
v -0.91899735 2.2572708 0.6569813
vt 0.18974 0.0056300163
vn -0.0035971205 -0.9422921 0.3347726
v -1.3948814 2.2572706 0.40656126
vt 0.20032 0.009509981
vn -0.41836408 -0.8493705 0.32177848
v -1.4803529 2.3702106 0.5048912
vt 0.19132 0.02165997
vn -0.6428255 -0.4665101 0.607572
v -1.547256 3.196001 0.5937709
vt 0.18057 0.056819975
vn -0.60188925 0.46342313 0.6503601
v -1.4137758 3.2860007 0.41916093
vt 0.19132 0.07762003
vn -0.6099429 0.48437527 0.62717646
v -1.7987936 3.7200606 -0.035629254
vt 0.25255 0.11416
vn -0.9666002 -0.1606784 0.19966632
v -0.91881424 3.2860007 0.739251
vt 0.12695998 0.07762003
vn -0.0017101212 0.29143155 0.9565902
v -0.9188143 3.196001 0.889001
vt 0.12706 0.056819975
vn -0.004627149 0.6823241 0.7310352
v -0.91899735 2.3702106 0.77834123
vt 0.12700999 0.02165997
vn -0.00737486 -0.3613759 0.93239105
v 0.039221406 6.6361523 0.08350982
vn -0.9979883 -0.041925214 0.047556456
v 0.18643141 6.6361523 -0.6252101
vn -0.74322546 -0.034309186 -0.66816086
vn -0.99507284 0.07970162 -0.058971778
v 0.33314174 7.09453 0.88035965
vn -0.7677748 -0.027009085 0.64015025
vn -0.7432255 -0.034309182 -0.6681607
v 0.24534553 7.021108 -0.6512602
vn -0.7697694 -0.3295956 -0.54664606
vn -0.9950729 0.079701625 -0.058971573
v 0.9134628 6.6361523 -1.0131599
vn -0.009388381 -0.05747864 -0.99830264
v 0.8864363 7.048341 -1.0299999
vn 0.101402074 -0.2649297 -0.95892125
v 1.5838358 6.6361523 -0.6514497
vn 0.7500434 -0.013235523 -0.66125613
v 1.6102746 7.3518324 -0.59179
vn 0.80083555 -0.04321166 -0.5973233
v 1.8922999 6.6361523 0.08351025
vn 0.999585 -0.019619597 0.021094168
v 1.8600197 6.09076 0.047840416
vt 0.25255 0.27394998
vn 0.9977984 -0.06569446 -0.009091058
v 1.5619297 6.0997505 0.75558025
vt 0.19132 0.27394998
vn 0.7397562 -0.09212322 0.6665389
v 1.555128 6.6361523 0.7941601
vn 0.7388607 -0.03689903 0.6728472
v 0.91976404 6.0997505 1.1071202
vt 0.12713999 0.27394998
vn -0.0008454208 -0.12901899 0.99164176
v 0.9152237 6.6361527 1.1623499
vn -0.07493497 -0.08117646 0.99387884
v 0.2801267 6.0997505 0.75929
vt 0.063660026 0.27394998
vn -0.7695866 -0.09414282 0.63156444
v 0.27713126 6.6219525 0.8124898
vn -0.8181169 -0.0636665 0.57151663
vn -0.7677747 -0.027009085 0.64015037
vn -0.9979883 -0.041925214 0.047556672
v 0.04965806 6.09076 0.047839995
vt 0.0037800074 0.27394998
vn -0.99875516 -0.04221746 0.026568223
v 0.05875277 5.38246 -0.035630003
vn -0.9969404 -0.0008972951 0.07816067
v 0.2578484 5.38245 0.65154004
vn -0.76415586 -0.06309886 0.641938
v 0.0537 4.79573 -0.035630003
vn -0.99558586 0.04084702 0.08450068
v 0.29091 4.79573 0.59932
vn -0.6684327 -0.12664545 0.73291117
v 0.32989162 4.278901 0.47576058
vn -0.7163773 -0.091784365 0.6916496
v -0.057008266 4.2287707 -0.035629425
vn -0.9932959 0.10343422 0.051620346
v 0.03461182 3.720841 -0.035629235
vn -0.971032 -0.13217553 0.19906409
v 0.40361175 3.2860012 0.41292092
vn -0.60592955 0.4911108 0.6258271
v 0.07760185 3.286001 -0.035629094
vn -0.79933226 0.5906832 0.11027807
v 0.26880175 3.1960015 0.59519094
vn -0.60191095 0.4642347 0.6497611
v -0.023308158 3.1960013 -0.035629086
vn -0.9748942 0.19674614 0.10426969
v 0.33707184 2.3702111 0.5099212
vn -0.6376525 -0.47508016 0.6063812
v 0.07107198 2.3702111 -0.0356288
vn -0.8051686 -0.58520496 0.09611783
v 0.4269319 2.2572713 0.4059313
vn -0.39887923 -0.8639303 0.30744085
v 0.2104019 2.257271 -0.035628732
vt 0.0037800074 0.009509981
vn -0.26212975 -0.9642882 0.037898194
v 0.91900116 2.2572715 0.65698135
vt 0.25255 0.001760006
vn 0.0035975152 -0.9422921 0.33477256
v 0.91881615 5.38245 0.98309
vn 0.06954824 -0.115189545 0.9909059
v 0.91881615 4.79573 0.93151
vn -0.0012076615 -0.16905542 0.98560584
v 0.9188177 4.278901 0.7986907
vn 0.0007073736 -0.19614097 0.9805755
v 0.9188178 3.2860012 0.73924106
vn 0.0017097201 0.29142815 0.9565912
v 0.91881776 3.1960015 0.888991
vn 0.0046265586 0.6823245 0.7310347
v 0.91900116 2.3702114 0.77834123
vn 0.007374848 -0.36137176 0.93239266
vt 0.12693 0.009509981
v -1.7089974E-10 8.330503 1.24863
vt 0.02651 0.44624996
vn 1.0569498E-07 -0.11544553 0.99331385
v 0.49542275 8.344994 1.19023
vt 0.08397001 0.44899
vn 0.09870734 -0.16683744 0.9810312
v -0.49542275 8.344994 1.19023
vn -0.09870713 -0.16683742 0.9810312
v -0.52215827 9.037513 1.19892
vt 0.08732998 0.49855
vn -0.17844732 0.0044295006 0.98393947
v 1.4210855E-14 9.037513 1.27439
vt 0.02651 0.49855
vn 1.06339236E-07 -0.035525694 0.9993688
v 0.52215827 9.037513 1.1989201
vn 0.17844753 0.0044295006 0.98393947
v 0.7815325 8.374633 1.16938
vt 0.11142999 0.44912
vn 0.14514844 -0.0011354503 0.98940927
v 1.340993 9.037513 0.9065701
vt 0.19132 0.49855
vn 0.5489016 0.10556807 0.82919383
v 1.4281192 8.432943 0.93555
vt 0.19132 0.45488
vn 0.67151254 0.0981411 0.73446524
v 1.7573566 9.037513 0.22799
vt 0.25255 0.49855
vn 0.9595637 0.1056211 0.2609248
v 1.8186879 8.513324 0.21734
vt 0.25255 0.45967996
vn 0.9868262 0.10756674 0.12084494
v 1.6194568 9.037513 -0.3321648
vt 0.31444 0.49855
vn 0.9061264 0.12366868 -0.4045257
v 1.6510607 8.59713 -0.43961
vt 0.31444 0.46352
vn 0.82817435 0.1534198 -0.53906363
v 0.8808489 9.037513 -0.99252
vt 0.37388003 0.49855
vn 0.50932527 0.17828783 -0.8419033
v 0.92358553 8.633973 -1.06031
vt 0.37388003 0.46832
vn 0.34604397 0.1646501 -0.9236579
v 0.94034356 7.9594417 -1.1783799
vn 0.37123784 0.08974757 -0.92419034
v 1.6853503 7.800595 -0.5805307
vn 0.80552346 0.035009626 -0.59152883
v -0.7815325 8.374633 1.16938
vn -0.14514823 -0.0011354503 0.98940927
v -1.340993 9.037513 0.90657
vn -0.5489015 0.10556807 0.82919395
v -1.4281192 8.432943 0.93555003
vn -0.6715124 0.0981411 0.73446536
v -1.7573566 9.037513 0.22799002
vn -0.9595637 0.1056211 0.26092497
v -1.8186879 8.513324 0.21734
vn -0.9868262 0.107566744 0.12084515
v -1.6194568 9.037513 -0.3321648
vn -0.90612644 0.123668686 -0.40452555
v -1.6510607 8.59713 -0.43961
vn -0.8281745 0.1534198 -0.5390636
v -0.8808489 9.037513 -0.9925199
vn -0.5093255 0.17828783 -0.8419032
v -0.92358553 8.633973 -1.06031
vn -0.34604418 0.16465014 -0.92365783
v 0 9.037513 -1.102
vt 0.45386004 0.49855
vn -1.0551284E-07 0.12932646 -0.9916021
v -1.4210855E-14 8.617463 -1.14095
vt 0.45386004 0.46832
vn -1.0574592E-07 0.11124892 -0.9937926
v 0.20403868 5.38246 -0.59126
vn -0.77554166 0.011849386 -0.6311852
v 0.9188176 6.09975 -0.9555697
vt 0.37388003 0.27394998
vn -0.08242519 -0.05217542 -0.99523056
v 0.207991 6.09975 -0.5946799
vt 0.43974 0.27394998
vn -0.8450076 -0.059848078 -0.53139484
v 0.91881615 5.38246 -0.94331
vn -0.010789645 0.029312495 -0.9995121
v 1.5962121 5.38246 -0.61041
vn 0.7185886 0.011780225 -0.6953357
v 1.5837686 6.09975 -0.6209296
vt 0.31444 0.27394998
vn 0.7462903 -0.038455617 -0.6645087
v 1.818198 5.38246 -0.03563
vn 0.9951588 -0.033543576 -0.09237868
v 1.8048921 4.79573 -0.035630003
vn 0.99617606 0.02326969 0.084212445
v 1.5781993 5.38245 0.65272
vn 0.82904637 -0.07637888 0.553939
v 1.5590202 4.79573 0.60336
vn 0.66209185 -0.14839028 0.73458475
v 1.5032412 4.278901 0.47200087
vn 0.71326554 -0.09275671 0.6947291
v 1.4137795 3.2860012 0.41916114
vn 0.60993826 0.4843766 0.62718
v 1.5472594 3.1960015 0.5937713
vn 0.60188544 0.4634252 0.6503622
v 1.4803568 2.3702114 0.50489146
vn 0.64282554 -0.46650985 0.6075722
v 1.3948853 2.2572713 0.40656146
vn 0.4183644 -0.84937024 0.32177866
v 1.7485285 2.3702111 -0.035628412
vn 0.8078504 -0.5871567 0.051232874
v 1.6192935 2.2572713 -0.035628404
vn 0.27655753 -0.96085626 0.01646951
v 0.91900134 2.257271 -0.8354285
vn 0.012141067 -0.93486506 -0.35479558
vt 0.49838 0.009509981
v 0.31045198 2.257271 -0.56741863
vn -0.43279937 -0.86740977 -0.24553025
v 0.21396196 2.370211 -0.65333873
vn -0.69300365 -0.47732338 -0.5402854
v 0.14394188 3.196001 -0.73888904
vn -0.6894895 0.41776967 -0.5916695
v 0.21963179 3.286001 -0.60529894
vn -0.72012246 0.32719737 -0.61185426
v 0.14394176 4.0890207 -0.7699992
vn -0.77523255 0.14087388 -0.61576706
v 0.2717917 4.441791 -0.63128936
vn -0.7776159 0.23426487 -0.58346677
vt 0.49838 0.27394998
v 0.9190013 2.370211 -0.95673853
vn 0.022961698 -0.371824 -0.9280192
v 0.918818 3.196001 -1.0863289
vn 0.01277563 0.64884627 -0.7608122
v 0.91881794 3.2860007 -0.9264588
vn 0.012619228 0.39744982 -0.91753715
v 0.9188179 4.053171 -1.161209
vn -0.0028090738 -0.049404535 -0.99877495
v 0.9188178 4.364851 -1.0204892
vn -0.012944448 0.26792976 -0.9633515
v 1.5767816 4.441791 -0.648549
vn 0.7739855 0.25220895 -0.5808073
v 1.910105 4.236191 -0.03562897
vn 0.9914161 0.10952279 0.07140702
v 1.6380246 3.196001 -0.7365687
vn 0.6968755 0.38883987 -0.6026342
v 1.5812712 3.2860012 -0.59977865
vn 0.7279236 0.29276597 -0.6200124
v 1.7173978 4.1013207 -0.77522886
vn 0.77341944 0.12172037 -0.6220985
v 1.7987971 3.7200613 -0.03562883
vn 0.9666001 -0.16067809 0.19966677
v 1.7476325 3.2860012 -0.035628702
vn 0.8049006 0.58658886 0.089714035
v 1.8573425 3.1960013 -0.035628647
vn 0.9781433 0.1955267 0.07074629
v 1.5325089 2.3702111 -0.6478284
vn 0.6751129 -0.47777823 -0.56209487
v 1.4104304 2.2572713 -0.5908584
vn 0.42860103 -0.85305953 -0.29764184
v -0.078079976 7.1552196 8.881784E-16
vt 0.0037800074 0.37189996
vn 0.8090718 -0.5851029 0.055295035
vt 0.49838 0.37189996
vt 0.49838 0.40001
v 0.37359938 7.5317335 0.98464
vn -0.24858002 -0.47385225 0.8447911
v 0.90645355 7.5855637 1.21352
vn 0.010504574 -0.031503003 0.9994485
v 0.9411855 7.4726133 -1.15228
vn 0.27802032 -0.19808675 -0.93992895
v 0.18658377 7.372923 -0.97417
vn -0.43796593 -0.5162993 -0.735949
v 1.8938949 7.703346 0.13867
vn 0.9982059 0.05798003 0.014943338
v 1.51346 7.660914 0.88731
vn 0.7294311 0.026161615 0.6835538
v 0.078079976 7.155221 -8.881784E-16
vn -0.8090718 -0.5851029 0.055295207
o Mesh_5
g polygon_0
usemtl Joint_0_Object_5_Material_5
f 1188/806/1217 1188/808/1219 1189/807/1218
f 1188/806/1217 1188/808/1219 1189/807/1218
f 1188/806/1217 1188/808/1219 1189/807/1218
f 1188/809/1219 1188/811/1217 1190/810/1220
f 1188/809/1219 1188/811/1217 1190/810/1220
f 1191/812/1221 1193/814/1223 1192/813/1222
f 1188/809/1219 1188/811/1217 1190/810/1220
f 1194/815/1224 1188/809/1226 1190/810/1225
f 1195/816/1227 1194/815/1224 1190/810/1225
f 1190/810/1225 1193/814/1223 1196/817/1228
f 1195/816/1227 1190/810/1225 1196/817/1228
f 1195/816/1227 1196/817/1228 1197/818/1229
f 1198/819/1230 1195/816/1227 1197/818/1229
f 1198/819/1230 1197/818/1229 1199/820/1231
f 1200/821/1232 1198/819/1230 1199/820/1231
f 1200/821/1232 1199/820/1231 1201/822/1233
f 1202/823/1234 1200/821/1232 1201/822/1233
f 1202/823/1234 1201/822/1233 1203/824/1235
f 1204/825/1236 1202/823/1234 1203/824/1235
f 1204/825/1236 1203/824/1235 1205/826/1237
f 1189/807/1238 1204/825/1236 1205/826/1237
f 1189/807/1238 1205/826/1237 1188/806/1239
f 1206/827/1240 1208/829/1242 1207/828/1241
f 1209/830/1243 1206/827/1240 1207/828/1241
f 1210/831/1244 1209/830/1243 1207/828/1241
f 1210/831/1244 1207/828/1241 1211/832/1245
f 1210/831/1244 1211/832/1245 1212/833/1246
f 1213/834/1247 1210/831/1244 1212/833/1246
f 1213/834/1247 1212/833/1246 1214/835/1248
f 1215/836/1249 1213/834/1247 1214/835/1248
f 1215/836/1249 1214/835/1248 1216/837/1250
f 1217/838/1251 1215/836/1249 1216/837/1250
f 1217/838/1251 1216/837/1250 1218/839/1252
f 1219/840/1253 1217/838/1251 1218/839/1252
f 1219/840/1253 1218/839/1252 1220/841/1254
f 1221/842/1255 1219/840/1253 1220/841/1254
f 1221/842/1255 1220/841/1254 1208/843/1242
f 1221/842/1255 1208/843/1242 1206/844/1240
f 1194/845/1224 1221/842/1255 1206/844/1240
f 1194/845/1224 1206/844/1240 1188/846/1226
f 1188/847/1226 1206/827/1240 1209/830/1243
f 1189/848/1238 1188/847/1226 1209/830/1243
f 1189/848/1238 1209/830/1243 1210/831/1244
f 1204/849/1236 1189/848/1238 1210/831/1244
f 1204/849/1236 1210/831/1244 1213/834/1247
f 1202/850/1234 1204/849/1236 1213/834/1247
f 1202/850/1234 1213/834/1247 1215/836/1249
f 1200/851/1232 1202/850/1234 1215/836/1249
f 1200/851/1232 1215/836/1249 1217/838/1251
f 1198/852/1230 1200/851/1232 1217/838/1251
f 1198/852/1230 1217/838/1251 1219/840/1253
f 1195/853/1227 1198/852/1230 1219/840/1253
f 1195/853/1227 1219/840/1253 1221/842/1255
f 1194/845/1224 1195/853/1227 1221/842/1255
f 1222/854/1256 1208/856/1242 1220/855/1254
f 1223/857/1257 1222/854/1256 1220/855/1254
f 1223/857/1257 1220/855/1254 1218/858/1252
f 1224/859/1258 1223/857/1257 1218/858/1252
f 1225/860/1259 1224/859/1258 1218/858/1252
f 1225/860/1259 1218/858/1252 1216/861/1250
f 1226/862/1260 1225/860/1259 1216/861/1250
f 1226/862/1260 1216/861/1250 1214/863/1248
f 1226/862/1260 1214/863/1248 1212/864/1246
f 1227/865/1261 1226/862/1260 1212/864/1246
f 1228/866/1262 1227/865/1261 1212/864/1246
f 1228/866/1262 1212/864/1246 1211/867/1245
f 1228/866/1262 1211/867/1245 1207/868/1241
f 1229/869/1263 1228/866/1262 1207/868/1241
f 1222/870/1256 1229/869/1263 1207/868/1241
f 1222/870/1256 1207/868/1241 1208/871/1242
f 1229/869/1263 1222/870/1256 1230/872/1264
f 1231/873/1265 1229/869/1263 1230/872/1264
f 1231/873/1265 1230/872/1264 1232/874/1266
f 1233/875/1267 1231/873/1265 1232/874/1266
f 1233/875/1267 1232/874/1266 1234/876/1268
f 1235/877/1269 1233/875/1267 1234/876/1268
f 1235/877/1269 1234/876/1268 1236/878/1270
f 1237/879/1271 1235/877/1269 1236/878/1270
f 1237/879/1271 1236/878/1270 1238/880/1272
f 1239/881/1273 1237/879/1271 1238/880/1272
f 1239/881/1273 1238/880/1272 1240/882/1274
f 1239/881/1273 1240/882/1274 1241/883/1275
f 1237/879/1271 1239/881/1273 1241/883/1275
f 1237/879/1271 1241/883/1275 1242/884/1276
f 1235/877/1269 1237/879/1271 1242/884/1276
f 1235/877/1269 1242/884/1276 1243/885/1277
f 1233/875/1267 1235/877/1269 1243/885/1277
f 1233/875/1267 1243/885/1277 1244/886/1278
f 1233/875/1267 1244/886/1278 1245/887/1279
f 1231/873/1265 1233/875/1267 1245/887/1279
f 1231/873/1265 1245/887/1279 1228/866/1262
f 1229/869/1263 1231/873/1265 1228/866/1262
f 1201/822/1233 1199/820/1231 1246/888/1280
f 1247/889/1281 1201/822/1233 1246/888/1280
f 1247/889/1281 1246/888/1280 1248/890/1282
f 1247/889/1281 1248/890/1282 1249/891/1283
f 1250/892/1284 1247/889/1281 1249/891/1283
f 1250/892/1284 1249/891/1283 1251/893/1285
f 1250/892/1284 1251/893/1285 1205/826/1237
f 1250/892/1284 1205/826/1237 1203/824/1235
f 1247/889/1281 1250/892/1284 1203/824/1235
f 1247/889/1281 1203/824/1235 1201/822/1233
f 1252/894/1286 1243/885/1277 1242/884/1276
f 1253/895/1287 1252/894/1286 1242/884/1276
f 1253/895/1287 1242/884/1276 1241/883/1275
f 1254/896/1288 1253/895/1287 1241/883/1275
f 1254/896/1288 1241/883/1275 1255/897/1289
f 1254/896/1288 1255/897/1289 1256/898/1290
f 1253/895/1287 1254/896/1288 1256/898/1290
f 1253/895/1287 1256/898/1290 1257/899/1291
f 1252/894/1286 1253/895/1287 1257/899/1291
f 1252/894/1286 1257/899/1291 1258/900/1292
f 1252/894/1286 1258/900/1292 1259/901/1293
f 1243/885/1277 1252/894/1286 1259/901/1293
f 1244/886/1278 1243/885/1277 1259/901/1293
f 1245/887/1279 1244/886/1278 1259/901/1293
f 1245/887/1279 1259/901/1293 1260/902/1294
f 1228/866/1262 1245/887/1279 1260/902/1294
f 1227/865/1261 1228/866/1262 1260/902/1294
f 1227/865/1261 1260/902/1294 1261/903/1295
f 1226/862/1260 1227/865/1261 1261/903/1295
f 1226/862/1260 1261/903/1295 1262/904/1296
f 1225/860/1259 1226/862/1260 1262/904/1296
f 1225/860/1259 1262/904/1296 1263/905/1297
f 1224/859/1258 1225/860/1259 1263/905/1297
f 1223/857/1257 1224/859/1258 1263/905/1297
f 1223/857/1257 1263/905/1297 1264/906/1298
f 1222/854/1256 1223/857/1257 1264/906/1298
f 1230/907/1264 1222/854/1256 1264/906/1298
f 1232/908/1266 1230/907/1264 1264/906/1298
f 1232/908/1266 1264/906/1298 1265/909/1299
f 1234/910/1268 1232/908/1266 1265/909/1299
f 1234/910/1268 1265/909/1299 1266/911/1300
f 1236/912/1270 1234/910/1268 1266/911/1300
f 1236/912/1270 1266/911/1300 1267/913/1301
f 1238/914/1272 1236/912/1270 1267/913/1301
f 1238/914/1272 1267/913/1301 1268/915/1302
f 1240/882/1274 1238/914/1272 1268/915/1302
f 1240/882/1274 1268/915/1302 1269/916/1303
f 1241/883/1275 1240/882/1274 1269/916/1303
f 1255/897/1289 1241/883/1275 1269/916/1303
f 1255/897/1289 1269/916/1303 1270/917/1304
f 1256/898/1290 1255/897/1289 1270/917/1304
f 1256/898/1290 1270/917/1304 1271/918/1305
f 1257/899/1291 1256/898/1290 1271/918/1305
f 1257/899/1291 1271/918/1305 1272/919/1306
f 1258/900/1292 1257/899/1291 1272/919/1306
f 1258/900/1292 1272/919/1306 1273/920/1307
f 1258/900/1292 1273/920/1307 1274/921/1308
f 1259/901/1293 1258/900/1292 1274/921/1308
f 1260/902/1294 1259/901/1293 1274/921/1308
f 1261/903/1295 1260/902/1294 1274/921/1308
f 1262/904/1296 1261/903/1295 1274/921/1308
f 1262/904/1296 1274/921/1308 1273/920/1307
f 1262/904/1296 1273/920/1307 1275/922/1309
f 1263/905/1297 1262/904/1296 1275/922/1309
f 1264/906/1298 1263/905/1297 1275/922/1309
f 1265/909/1299 1264/906/1298 1275/922/1309
f 1276/923/1310 1265/909/1299 1275/922/1309
f 1276/923/1310 1275/922/1309 1273/920/1307
f 1276/923/1310 1273/920/1307 1272/919/1306
f 1277/924/1311 1276/923/1310 1272/919/1306
f 1277/924/1311 1272/919/1306 1271/918/1305
f 1269/916/1303 1277/924/1311 1271/918/1305
f 1269/916/1303 1271/918/1305 1270/917/1304
f 1269/916/1303 1268/915/1302 1267/913/1301
f 1277/924/1311 1269/916/1303 1267/913/1301
f 1277/924/1311 1267/913/1301 1266/911/1300
f 1276/923/1310 1277/924/1311 1266/911/1300
f 1276/923/1310 1266/911/1300 1265/909/1299
f 1278/808/1312 1278/806/1314 1279/807/1313
f 1278/808/1312 1278/806/1314 1279/807/1313
f 1278/808/1312 1278/806/1314 1279/807/1313
f 1278/811/1314 1278/809/1312 1280/810/1315
f 1278/811/1314 1278/809/1312 1280/810/1315
f 1278/811/1314 1278/809/1312 1280/810/1315
f 1279/807/1316 1278/806/1318 1281/826/1317
f 1282/825/1319 1279/807/1316 1281/826/1317
f 1282/825/1319 1281/826/1317 1283/824/1320
f 1284/823/1321 1282/825/1319 1283/824/1320
f 1284/823/1321 1283/824/1320 1285/822/1322
f 1284/823/1321 1285/822/1322 1286/821/1323
f 1287/925/1324 1284/823/1321 1286/821/1323
f 1288/926/1325 1287/925/1324 1286/821/1323
f 1288/926/1325 1286/821/1323 1289/819/1326
f 1290/927/1327 1288/926/1325 1289/819/1326
f 1290/927/1327 1289/819/1326 1291/816/1328
f 1292/928/1329 1290/927/1327 1291/816/1328
f 1293/815/1330 1292/928/1329 1291/816/1328
f 1293/815/1330 1291/816/1328 1280/810/1331
f 1293/815/1330 1280/810/1331 1278/809/1332
f 1293/815/1330 1278/809/1332 1294/929/1333
f 1292/928/1329 1293/815/1330 1294/929/1333
f 1292/928/1329 1294/929/1333 1295/856/1334
f 1296/855/1335 1292/928/1329 1295/856/1334
f 1296/855/1335 1295/856/1334 1297/854/1336
f 1298/857/1337 1296/855/1335 1297/854/1336
f 1299/906/1338 1298/857/1337 1297/854/1336
f 1299/906/1338 1297/854/1336 1300/907/1339
f 1299/906/1338 1300/907/1339 1301/908/1340
f 1302/909/1341 1299/906/1338 1301/908/1340
f 1302/909/1341 1301/908/1340 1303/910/1342
f 1304/911/1343 1302/909/1341 1303/910/1342
f 1304/911/1343 1303/910/1342 1305/912/1344
f 1306/913/1345 1304/911/1343 1305/912/1344
f 1306/913/1345 1305/912/1344 1307/914/1346
f 1308/915/1347 1306/913/1345 1307/914/1346
f 1308/915/1347 1307/914/1346 1309/930/1348
f 1310/931/1349 1308/915/1347 1309/930/1348
f 1290/927/1327 1292/928/1329 1296/855/1335
f 1311/858/1350 1290/927/1327 1296/855/1335
f 1311/858/1350 1296/855/1335 1298/857/1337
f 1312/859/1351 1311/858/1350 1298/857/1337
f 1313/905/1352 1312/859/1351 1298/857/1337
f 1313/905/1352 1298/857/1337 1299/906/1338
f 1314/922/1353 1313/905/1352 1299/906/1338
f 1314/922/1353 1299/906/1338 1302/909/1341
f 1315/923/1354 1314/922/1353 1302/909/1341
f 1315/923/1354 1302/909/1341 1304/911/1343
f 1316/924/1355 1315/923/1354 1304/911/1343
f 1316/924/1355 1304/911/1343 1306/913/1345
f 1310/932/1349 1316/924/1355 1306/913/1345
f 1310/932/1349 1306/913/1345 1308/915/1347
f 1191/812/1221 1318/934/1357 1317/933/1356
f 1319/934/1358 1191/812/1221 1317/933/1356
f 1320/935/1359 1319/934/1358 1317/933/1356
f 1321/936/1360 1320/935/1359 1317/933/1356
f 1322/935/1361 1321/936/1360 1317/933/1356
f 1322/935/1361 1317/933/1356 1318/934/1357
f 1322/935/1361 1318/934/1357 1323/937/1362
f 1324/938/1363 1322/935/1361 1323/937/1362
f 1324/938/1363 1323/937/1362 1325/939/1364
f 1326/940/1365 1324/938/1363 1325/939/1364
f 1326/940/1365 1325/939/1364 1327/941/1366
f 1328/942/1367 1326/940/1365 1327/941/1366
f 1328/942/1367 1327/941/1366 1329/943/1368
f 1330/944/1369 1328/942/1367 1329/943/1368
f 1331/945/1370 1330/944/1369 1329/943/1368
f 1332/890/1371 1331/945/1370 1329/943/1368
f 1332/890/1371 1329/943/1368 1333/888/1372
f 1193/814/1223 1191/812/1221 1319/934/1358
f 1334/937/1373 1193/814/1223 1319/934/1358
f 1334/937/1373 1319/934/1358 1320/935/1359
f 1334/937/1373 1320/935/1359 1335/938/1374
f 1336/939/1375 1334/937/1373 1335/938/1374
f 1336/939/1375 1335/938/1374 1337/940/1376
f 1338/941/1377 1336/939/1375 1337/940/1376
f 1338/941/1377 1337/940/1376 1339/942/1378
f 1338/941/1377 1339/942/1378 1340/943/1379
f 1338/941/1377 1340/943/1379 1199/820/1231
f 1338/941/1377 1199/820/1231 1197/818/1229
f 1336/939/1375 1338/941/1377 1197/818/1229
f 1336/939/1375 1197/818/1229 1196/817/1228
f 1334/937/1373 1336/939/1375 1196/817/1228
f 1334/937/1373 1196/817/1228 1193/814/1223
f 1340/943/1379 1339/942/1378 1341/944/1380
f 1342/945/1381 1340/943/1379 1341/944/1380
f 1342/945/1381 1341/944/1380 1343/946/1382
f 1344/947/1383 1342/945/1381 1343/946/1382
f 1331/945/1370 1344/947/1383 1343/946/1382
f 1331/945/1370 1343/946/1382 1330/944/1369
f 1248/890/1282 1340/943/1379 1342/945/1381
f 1248/890/1282 1342/945/1381 1344/947/1383
f 1249/891/1283 1248/890/1282 1344/947/1383
f 1332/890/1371 1249/891/1283 1344/947/1383
f 1332/890/1371 1344/947/1383 1331/945/1370
f 1345/868/1384 1347/949/1386 1346/948/1385
f 1348/867/1387 1345/868/1384 1346/948/1385
f 1349/864/1388 1348/867/1387 1346/948/1385
f 1349/864/1388 1346/948/1385 1350/950/1389
f 1349/864/1388 1350/950/1389 1351/863/1390
f 1352/862/1391 1349/864/1388 1351/863/1390
f 1352/862/1391 1351/863/1390 1353/861/1392
f 1354/860/1393 1352/862/1391 1353/861/1392
f 1354/860/1393 1353/861/1392 1311/858/1350
f 1354/860/1393 1311/858/1350 1312/859/1351
f 1354/860/1393 1312/859/1351 1313/905/1352
f 1355/904/1394 1354/860/1393 1313/905/1352
f 1355/904/1394 1313/905/1352 1314/922/1353
f 1356/920/1395 1355/904/1394 1314/922/1353
f 1356/920/1395 1314/922/1353 1315/923/1354
f 1357/919/1396 1356/920/1395 1315/923/1354
f 1357/919/1396 1315/923/1354 1316/924/1355
f 1358/918/1397 1357/919/1396 1316/924/1355
f 1358/918/1397 1316/924/1355 1310/932/1349
f 1358/918/1397 1310/932/1349 1359/917/1398
f 1360/898/1399 1358/918/1397 1359/917/1398
f 1361/897/1400 1360/898/1399 1359/917/1398
f 1361/897/1400 1359/917/1398 1310/931/1349
f 1362/883/1401 1361/897/1400 1310/931/1349
f 1362/883/1401 1310/931/1349 1309/951/1348
f 1363/881/1402 1362/883/1401 1309/951/1348
f 1363/881/1402 1309/951/1348 1307/880/1346
f 1364/879/1403 1363/881/1402 1307/880/1346
f 1364/879/1403 1307/880/1346 1305/878/1344
f 1365/877/1404 1364/879/1403 1305/878/1344
f 1365/877/1404 1305/878/1344 1303/876/1342
f 1366/875/1405 1365/877/1404 1303/876/1342
f 1366/875/1405 1303/876/1342 1301/874/1340
f 1367/873/1406 1366/875/1405 1301/874/1340
f 1367/873/1406 1301/874/1340 1300/872/1339
f 1368/869/1407 1367/873/1406 1300/872/1339
f 1368/869/1407 1300/872/1339 1297/870/1336
f 1345/868/1384 1368/869/1407 1297/870/1336
f 1345/868/1384 1297/870/1336 1295/871/1334
f 1345/868/1384 1295/871/1334 1294/952/1333
f 1347/949/1386 1345/868/1384 1294/952/1333
f 1347/949/1386 1294/952/1333 1278/808/1332
f 1347/949/1386 1278/808/1332 1279/807/1316
f 1346/948/1385 1347/949/1386 1279/807/1316
f 1346/948/1385 1279/807/1316 1282/825/1319
f 1350/950/1389 1346/948/1385 1282/825/1319
f 1350/950/1389 1282/825/1319 1284/823/1321
f 1350/950/1389 1284/823/1321 1287/925/1324
f 1351/863/1390 1350/950/1389 1287/925/1324
f 1353/861/1392 1351/863/1390 1287/925/1324
f 1353/861/1392 1287/925/1324 1288/926/1325
f 1311/858/1350 1353/861/1392 1288/926/1325
f 1311/858/1350 1288/926/1325 1290/927/1327
f 1362/883/1401 1363/881/1402 1364/879/1403
f 1369/884/1408 1362/883/1401 1364/879/1403
f 1369/884/1408 1364/879/1403 1365/877/1404
f 1370/885/1409 1369/884/1408 1365/877/1404
f 1370/885/1409 1365/877/1404 1366/875/1405
f 1371/886/1410 1370/885/1409 1366/875/1405
f 1372/887/1411 1371/886/1410 1366/875/1405
f 1372/887/1411 1366/875/1405 1367/873/1406
f 1373/866/1412 1372/887/1411 1367/873/1406
f 1373/866/1412 1367/873/1406 1368/869/1407
f 1373/866/1412 1368/869/1407 1345/868/1384
f 1373/866/1412 1345/868/1384 1348/867/1387
f 1373/866/1412 1348/867/1387 1349/864/1388
f 1374/865/1413 1373/866/1412 1349/864/1388
f 1374/865/1413 1349/864/1388 1352/862/1391
f 1375/903/1414 1374/865/1413 1352/862/1391
f 1355/904/1394 1375/903/1414 1352/862/1391
f 1355/904/1394 1352/862/1391 1354/860/1393
f 1376/894/1415 1369/884/1408 1370/885/1409
f 1377/901/1416 1376/894/1415 1370/885/1409
f 1377/901/1416 1370/885/1409 1371/886/1410
f 1377/901/1416 1371/886/1410 1372/887/1411
f 1378/902/1417 1377/901/1416 1372/887/1411
f 1378/902/1417 1372/887/1411 1373/866/1412
f 1378/902/1417 1373/866/1412 1374/865/1413
f 1378/902/1417 1374/865/1413 1375/903/1414
f 1379/921/1418 1378/902/1417 1375/903/1414
f 1379/921/1418 1375/903/1414 1355/904/1394
f 1379/921/1418 1355/904/1394 1356/920/1395
f 1380/900/1419 1379/921/1418 1356/920/1395
f 1380/900/1419 1356/920/1395 1357/919/1396
f 1381/899/1420 1380/900/1419 1357/919/1396
f 1381/899/1420 1357/919/1396 1358/918/1397
f 1381/899/1420 1358/918/1397 1360/898/1399
f 1382/895/1421 1381/899/1420 1360/898/1399
f 1383/896/1422 1382/895/1421 1360/898/1399
f 1383/896/1422 1360/898/1399 1361/897/1400
f 1383/896/1422 1361/897/1400 1362/883/1401
f 1382/895/1421 1383/896/1422 1362/883/1401
f 1382/895/1421 1362/883/1401 1369/884/1408
f 1382/895/1421 1369/884/1408 1376/894/1415
f 1381/899/1420 1382/895/1421 1376/894/1415
f 1380/900/1419 1381/899/1420 1376/894/1415
f 1380/900/1419 1376/894/1415 1377/901/1416
f 1379/921/1418 1380/900/1419 1377/901/1416
f 1379/921/1418 1377/901/1416 1378/902/1417
f 1246/888/1280 1199/820/1231 1340/943/1379
f 1248/890/1282 1246/888/1280 1340/943/1379
f 1190/810/1225 1188/811/1239 1384/953/1423
f 1193/814/1223 1190/810/1225 1384/953/1423
f 1193/814/1223 1384/953/1423 1192/813/1222
f 1251/893/1285 1192/955/1222 1384/954/1423
f 1205/826/1237 1251/893/1285 1384/954/1423
f 1205/826/1237 1384/954/1423 1188/806/1239
f 1323/937/1362 1318/934/1357 1385/814/1424
f 1386/817/1425 1323/937/1362 1385/814/1424
f 1386/817/1425 1385/814/1424 1280/810/1331
f 1387/889/1426 1285/822/1322 1283/824/1320
f 1388/892/1427 1387/889/1426 1283/824/1320
f 1388/892/1427 1283/824/1320 1281/826/1317
f 1388/892/1427 1281/826/1317 1251/893/1285
f 1388/892/1427 1251/893/1285 1249/891/1283
f 1387/889/1426 1388/892/1427 1249/891/1283
f 1387/889/1426 1249/891/1283 1332/890/1371
f 1387/889/1426 1332/890/1371 1333/888/1372
f 1285/822/1322 1387/889/1426 1333/888/1372
f 1389/820/1428 1285/822/1322 1333/888/1372
f 1389/820/1428 1333/888/1372 1329/943/1368
f 1389/820/1428 1329/943/1368 1327/941/1366
f 1390/818/1429 1389/820/1428 1327/941/1366
f 1390/818/1429 1327/941/1366 1325/939/1364
f 1386/817/1425 1390/818/1429 1325/939/1364
f 1386/817/1425 1325/939/1364 1323/937/1362
f 1391/953/1430 1278/811/1318 1280/810/1331
f 1391/953/1430 1280/810/1331 1385/814/1424
f 1192/813/1222 1391/953/1430 1385/814/1424
f 1191/812/1221 1192/813/1222 1385/814/1424
f 1191/812/1221 1385/814/1424 1318/934/1357
f 1281/826/1317 1278/806/1318 1391/954/1430
f 1251/893/1285 1281/826/1317 1391/954/1430
f 1251/893/1285 1391/954/1430 1192/955/1222
f 1386/817/1425 1280/810/1331 1291/816/1328
f 1390/818/1429 1386/817/1425 1291/816/1328
f 1390/818/1429 1291/816/1328 1289/819/1326
f 1389/820/1428 1390/818/1429 1289/819/1326
f 1389/820/1428 1289/819/1326 1286/821/1323
f 1285/822/1322 1389/820/1428 1286/821/1323
v 0.40556216 0.25774163 0.19925193
vt 0.23382002 0.25767
vn -0.9981021 0.057832785 -0.021154493
v 0.46537 0.67688 0.87746
vt 0.14275002 0.36325002
vn -0.71452725 0.69065446 0.111567646
v 0.35166 0.25774 0.82647
vt 0.15039003 0.25767
vn -0.9835773 0.15278575 -0.09608435
v 1.419002 0.2577417 0.19925217
vt 0.23382002 0.008520007
vn 0.98923236 0.07396889 -0.12628539
v 1.544 0.25774 0.82647
vt 0.15039003 0.008520007
vn 0.9768151 0.15172799 -0.15103291
v 1.43072 0.67688 0.87746
vt 0.14275002 0.11409998
vn 0.69013375 0.7213308 0.05828584
v -0.3289979 1.6543009 -0.08556825
vt 0.20459998 0.56563
vn 0.7871667 0.6166792 0.008683187
v -0.446 1.15314 0.28743002
vt 0.21825004 0.50739
vn 0.6966367 -0.45387372 0.5556042
v -0.44599792 1.6543012 0.2874317
vt 0.21825004 0.56563
vn 0.6226143 0.33767694 0.7059218
v -0.329 1.15314 -0.08557
vt 0.20459998 0.50739
vn 0.7975522 -0.6031902 0.008495316
v -0.521 1.08428 0.22043002
vn 0.7681611 -0.17218472 0.61666924
v -0.42137 1.08465 -0.08595
vn 0.9862045 -0.16061118 0.04005971
v -0.521 1.08428 -0.40357
vt 0.18957996 0.50739
vn 0.7168514 -0.33144102 -0.6134092
v -0.446 1.15314 -0.48956996
vn 0.6901137 -0.4990234 -0.5241361
v -0.44599786 1.6543009 -0.4895682
vt 0.18957996 0.56563
vn 0.6250876 0.33914918 -0.7030243
v -0.901 1.15314 -0.71331996
vt 0.17440999 0.50739
vn -0.012239361 -0.33242857 -0.9430491
v -0.9009978 1.6543007 -0.71331835
vt 0.17440999 0.56563
vn -0.005024316 0.9133082 -0.4072381
v -1.3289979 1.6543009 -0.48956844
vt 0.15974998 0.56563
vn -0.6237144 0.33419663 -0.70660675
v -1.329 1.15314 -0.48957
vt 0.15974998 0.50739
vn -0.67498296 -0.5004912 -0.5421315
v -1.4759977 1.6543009 -0.08556852
vt 0.14507002 0.56563
vn -0.7800263 0.6256618 0.010312845
v -1.476 1.15314 -0.08557
vt 0.14507002 0.50739
vn -0.7546575 -0.6560429 0.009998474
v -1.329 1.15314 0.28743
vt 0.12959999 0.50739
vn -0.6811672 -0.45628732 0.5725497
v -1.3289977 1.6543009 0.28743145
vt 0.12959999 0.56563
vn -0.6206473 0.33265355 0.7100271
v -0.90147 1.15314 0.51365006
vt 0.11535001 0.50744
vn -0.012765843 -0.27516633 0.9613119
v -0.9014679 1.6543009 0.51365155
vt 0.11535001 0.56546
vn -0.0052231704 0.9136527 0.40646216
vt 0.0026599765 0.56546
vt 0.0026599765 0.50744
v -0.90147 1.08018 0.43483
vn -0.01545693 -0.42705417 0.904094
v -0.90147 1.08465 -0.60640997
vn -0.013863166 -0.5948723 -0.8037007
v -1.247 1.08428 -0.40357
vt 0.15999997 0.50739
vn -0.70457894 -0.36779708 -0.60687226
v -1.35628 1.08465 -0.08595
vn -0.9872254 -0.15932965 0.00018581835
v -1.247 1.08428 0.22043002
vn -0.75650996 -0.1577155 0.63467985
vt 0.02609998 0.58481
v -1.4882878 0.57600105 1.3250617
vt 0.101989985 0.76457
vn -0.6813143 0.70964515 0.17948431
v -1.4549978 0.2577412 1.7700615
vt 0.07700002 0.93308
vn -0.7250193 0.28764412 0.6257858
v -1.6059976 0.2577411 1.2980617
vt 0.02384001 0.76457
vn -0.9894956 0.13772494 0.043936577
v -1.3604379 0.53797114 1.6165717
vt 0.123000026 0.84366
vn -0.4771457 0.71714956 0.5079651
v -0.902488 0.6052613 1.7627115
vt 0.25071 0.88969
vn 0.018473769 0.8258452 0.56359416
v -0.9009978 0.2577414 1.9490616
vt 0.25175 0.98994
vn 0.017069826 0.16314888 0.9864538
v -0.40599784 0.2577415 1.7700617
vt 0.41956997 0.97164
vn 0.76057243 0.29157898 0.58009595
v -0.50523794 0.5379714 1.6165719
vt 0.3728 0.88118
vn 0.51876473 0.7158954 0.46730834
v -0.41029796 0.5760013 1.3250619
vt 0.40849 0.76457
vn 0.69568396 0.7020224 0.15227789
v -0.28799784 0.25774145 1.2980621
vt 0.48132002 0.76457
vn 0.9894357 0.14404678 0.016360734
v -0.90147793 0.6739212 1.3703417
vt 0.25071 0.76457
vn 0.018710008 0.9783862 0.20593777
v -0.9014677 0.63570076 -0.7916379
vt 0.49212003 0.34515
vn -0.024997607 0.22277646 -0.974549
vt 0.39767003 0.43107998
vt 0.49212003 0.43107998
v -0.40105772 0.6390009 -0.5053579
vt 0.39767003 0.34515
vn 0.83856034 0.058078837 -0.5417042
v -0.90099764 0.25774086 -0.75774777
vt 0.49212003 0.25767
vn -0.025009727 -0.088075064 -0.99579984
v -0.4434877 0.2577409 -0.4627578
vt 0.39767003 0.25767
vn 0.80699843 -0.05420397 -0.58806074
v -0.40555775 0.2577411 0.19925213
vn 0.9981021 0.057833098 -0.021154031
vt 0.32396996 0.43107998
vt 0.39767003 0.18193
vt 0.49212003 0.096000016
vt 0.49212003 0.18193
v -1.3447576 0.63900083 -0.5053581
vt 0.39767003 0.096000016
vn -0.8324241 0.05665129 -0.55123574
vt 0.49212003 0.008520007
v -1.3139976 0.2577409 -0.46275797
vt 0.39767003 0.008520007
vn -0.80265343 -0.050479945 -0.59430575
v -1.4189978 0.25774103 0.19925189
vn -0.9892323 0.07396859 -0.12628584
vt 0.32396996 0.18193
v -1.544 0.25774 0.82647
vn -0.9768151 0.15172799 -0.1510327
vt 0.04813999 0.09069002
vt 0.05238998 0.008520007
v -1.43072 0.67688 0.87746006
vn -0.69013375 0.7213308 0.05828599
vt 0.010649979 0.15526998
v -0.90147 0.78639 0.93350005
vt 0.11610001 0.18010998
vn 0.01866503 0.950123 0.3113165
v -1.32712 0.81507 0.49175
vt 0.22456002 0.14024997
vn -0.6989972 0.65657663 0.28339022
v -0.90146 0.92769 0.59637004
vt 0.19277 0.20616996
vn 0.000889824 0.80895144 0.5878748
vt 0.29044998 0.18193
vt 0.25979 0.23969
vt 0.29044998 0.43107998
vt 0.19277 0.45532
vt 0.25979 0.48883998
v -0.5002 0.81507 0.49175
vt 0.22456002 0.3894
vn 0.7336086 0.5910166 0.33543676
vt 0.11610001 0.42926002
v -0.46537 0.67688 0.87746
vn 0.71452725 0.69065446 0.1115675
vt 0.010649979 0.40442002
vt 0.04813999 0.33983004
v -0.35166 0.25774 0.82647
vn 0.9835773 0.15278576 -0.09608456
vt 0.05238998 0.25767
v 0.446 1.15314 0.28743
vn -0.69663656 -0.45387372 0.55560434
v 0.32900196 1.6543014 -0.08556851
vn -0.78716695 0.61667895 0.008682822
v 0.44600198 1.6543016 0.28743145
vn -0.6226147 0.3376768 0.7059216
v 0.329 1.15314 -0.08557
vn -0.7975522 -0.6031902 0.008495485
v 0.521 1.08428 0.22043
vn -0.768161 -0.17218472 0.61666936
v 0.42137 1.08465 -0.08595
vn -0.9862045 -0.16061117 0.040059917
v 0.521 1.08428 -0.40357
vn -0.71685153 -0.33144102 -0.6134091
v 0.446 1.15314 -0.48957
vn -0.69011384 -0.4990234 -0.52413607
v 0.44600207 1.6543014 -0.48956844
vn -0.6250877 0.33914897 -0.7030245
v 0.901 1.15314 -0.71332
vn 0.01223916 -0.33242857 -0.9430491
v 0.901002 1.6543014 -0.71331835
vn 0.005023947 0.91330826 -0.40723807
v 1.3290019 1.6543014 -0.48956823
vn 0.6237143 0.33419684 -0.70660657
v 1.329 1.15314 -0.48957
vn 0.67498285 -0.5004912 -0.5421316
v 1.4760017 1.6543016 -0.08556824
vn 0.7800261 0.6256621 0.01031321
v 1.476 1.15314 -0.08557
vn 0.7546575 -0.6560429 0.009998314
v 1.329 1.15314 0.28743
vn 0.6811673 -0.45628732 0.5725496
v 1.3290019 1.6543016 0.28743166
vn 0.62064695 0.33265373 0.71002734
v 0.90147 1.15314 0.51365
vn 0.012766048 -0.27516633 0.9613119
v 0.9014719 1.6543016 0.51365155
vn 0.005222665 0.91365266 0.4064622
v 0.90147 1.08018 0.43483
vn 0.015457122 -0.42705414 0.904094
v 0.90147 1.08465 -0.60641
vn 0.013862994 -0.59487236 -0.8037006
v 1.247 1.08428 -0.40356997
vn 0.7045788 -0.36779702 -0.6068724
v 1.35628 1.08465 -0.08595
vn 0.9872254 -0.15932965 0.00018560825
v 1.247 1.08428 0.22043
vn 0.7565101 -0.1577155 0.63467973
v 0.90147215 0.63570136 -0.79163796
vn 0.024997663 0.22277646 -0.974549
v 0.4010622 0.6390014 -0.5053581
vn -0.8385602 0.058078576 -0.5417044
v 0.9010022 0.25774145 -0.7577478
vn 0.025009934 -0.088075064 -0.99579984
v 0.44349226 0.25774145 -0.46275795
vn -0.8069983 -0.054204203 -0.588061
v 1.344762 0.6390015 -0.50535786
vn 0.8324242 0.05665154 -0.55123544
v 1.314002 0.2577415 -0.46275777
vn 0.80265355 -0.050479706 -0.5943055
v -0.50825804 2.6190004 -0.0727186
vt 0.30044 0.83247
vn 0.99894845 -0.035200145 0.029376473
v -0.6340079 1.397721 0.16522174
vt 0.29805 0.80305
vn 0.83545053 -0.038056232 0.5482465
v -0.59678805 2.6190007 0.19277135
vt 0.29805 0.83242
vn 0.6558414 -0.03865241 0.7539085
v -0.55102783 1.397681 -0.08594822
vt 0.30013 0.80305
vn 0.9989714 -0.035291713 0.028472787
v -0.6323378 1.3977206 -0.38910818
vt 0.29808998 0.80305
vn 0.8617098 -0.029637845 -0.5065351
v -0.59501797 2.6190002 -0.39727858
vt 0.29808998 0.83247
vn 0.68871766 -0.029195482 -0.7244416
v -0.9004978 1.397681 -0.5278082
vt 0.29053998 0.80305
vn -0.0131907165 -0.03113918 -0.99942803
v -0.9011979 2.6190004 -0.57037854
vt 0.28919 0.83247
vn -0.005841324 -0.03483755 -0.99937594
v -1.199188 2.6190004 -0.39727873
vt 0.28116 0.83247
vn -0.6910822 -0.03688697 -0.72183436
v -1.1436677 1.3977208 -0.3891083
vt 0.28443003 0.80305
vn -0.8562394 -0.04528601 -0.5145905
v -1.302608 2.6190004 -0.072718784
vt 0.27838004 0.83247
vn -0.9980637 -0.05511687 0.028827349
v -1.2305179 1.397681 -0.08594838
vt 0.28225 0.80305
vn -0.997881 -0.059194002 0.02701173
v -1.1435778 1.397721 0.16522162
vn -0.82923126 -0.053930674 0.55629754
v -1.199088 2.6190007 0.1941912
vn -0.6552152 -0.046646185 0.7540008
v -0.9004978 1.3976812 0.29378167
vn -0.010456526 -0.042927194 0.9990235
v -0.901198 2.6190007 0.34688127
vn -0.0024999883 -0.043437585 0.99905306
v -1.3139976 0.034470916 -0.46275792
vt 0.42435002 0.61421
vn -0.74404365 -0.58207256 -0.32801014
v -0.43957767 0.034471035 -0.46275774
vt 0.42435002 0.71211
vn 0.6306775 -0.73906225 -0.23671275
v -0.90099764 0.034470797 -0.75774777
vt 0.45088 0.66573
vn -0.023705646 -0.28658748 -0.9577608
v -1.4189976 0.034471035 0.19925195
vt 0.33637 0.60867
vn -0.5898529 -0.80004984 -0.10951606
v -0.40513775 0.034471154 0.19925219
vt 0.33637 0.72045
vn 0.8302047 -0.5540271 -0.061759032
v -0.35166 0.03447 0.82647
vt 0.23873997 0.73269
vn 0.70211154 -0.7072016 -0.08309874
v -1.544 0.03447 0.82647
vt 0.23873997 0.60101
vn -0.6987082 -0.70727795 -0.107540384
v -0.28799778 0.034471482 1.2980621
vt 0.15588999 0.74504
vn 0.5896193 -0.8045844 0.07066201
v -1.6059976 0.03447111 1.2980618
vt 0.15588999 0.59046
vn -0.81536216 -0.5630251 0.13486028
v -1.4549978 0.034471244 1.7700616
vt 0.07080001 0.61206
vn -0.38784635 -0.74235797 0.546333
v -0.40599778 0.03447154 1.7700619
vt 0.07080001 0.72049
vn 0.4924108 -0.59676284 0.63356584
v -0.90099776 0.034471437 1.9490618
vt 0.045409977 0.6663
vn 0.015236752 -0.46723878 0.8839999
v 0.55103195 1.3976817 -0.08594837
vn -0.9989714 -0.035292014 0.028472325
v 0.50826186 2.6190012 -0.07271878
vn -0.99894845 -0.03520045 0.029376008
v 0.63401204 1.3977215 0.16522163
vn -0.8354507 -0.038056485 0.54824626
v 0.63234204 1.3977213 -0.38910833
vn -0.86170965 -0.029638093 -0.5065355
v 0.5950219 2.6190012 -0.39727873
vn -0.6887175 -0.029195676 -0.72444177
v 0.900502 1.3976815 -0.5278082
vn 0.013190871 -0.031139174 -0.99942803
v 0.90120184 2.6190012 -0.5703786
vn 0.0058415066 -0.034837555 -0.99937594
v 1.1991918 2.6190012 -0.39727855
vn 0.6910824 -0.03688677 -0.7218341
v 1.1436719 1.3977213 -0.38910818
vn 0.8562396 -0.04528577 -0.5145901
v 1.3026118 2.6190012 -0.07271859
vn 0.9980637 -0.055116553 0.028827809
v 1.2305219 1.3976815 -0.08594823
vn 0.997881 -0.059193693 0.027012188
v 1.1435819 1.3977215 0.16522174
vn 0.82923114 -0.05393042 0.5562978
v 1.1990918 2.6190012 0.19419134
vn 0.6552151 -0.04664598 0.75400096
v 0.90050197 1.3976817 0.29378164
vn 0.010456372 -0.04292719 0.9990235
v 0.9012017 2.6190014 0.34688124
vn 0.0024998426 -0.04343758 0.99905306
v 0.59679186 2.6190014 0.19277121
vn -0.6558415 -0.038652617 0.7539084
v 1.544 0.03447 0.82647
vn 0.6987081 -0.7072779 -0.107540525
v 1.4190022 0.03447175 0.19925223
vn 0.5898533 -0.8000496 -0.1095158
v 0.35166 0.03447 0.82647
vn -0.70211154 -0.7072016 -0.08309859
v 1.3140022 0.03447151 -0.4627577
vn 0.74404395 -0.5820723 -0.32800972
v 0.9010022 0.034471393 -0.75774777
vn 0.02370594 -0.28658748 -0.95776075
v 0.4395823 0.03447151 -0.4627579
vn -0.6306772 -0.7390624 -0.23671308
v 0.40514222 0.03447163 0.199252
vn -0.8302045 -0.5540273 -0.06175942
v 1.4550021 0.034472182 1.7700619
vn 0.38784668 -0.7423577 0.5463333
v 0.901002 0.25774202 1.9490616
vn -0.017070318 0.16314888 0.9864538
v 1.4550018 0.25774214 1.7700617
vn 0.7250188 0.2876445 0.6257861
v 0.90147 0.78639 0.9335
vn -0.018664964 0.950123 0.3113165
v 0.90146 0.92769 0.59637
vn -0.00088969886 0.80895144 0.5878748
v 1.32712 0.81507 0.49175
vn 0.69899726 0.6565767 0.28339007
v 0.5002 0.81507 0.49175
vn -0.7336085 0.5910166 0.33543694
v 1.4882917 0.576002 1.3250619
vn 0.6813138 0.7096455 0.17948478
v 1.6060019 0.25774208 1.2980621
vn 0.98949546 0.1377255 0.04393724
v 1.3604419 0.53797203 1.6165719
vn 0.47714496 0.7171498 0.50796545
v 0.90249187 0.6052619 1.7627118
vn -0.018474596 0.8258452 0.5635942
v 0.90148187 0.6739218 1.3703418
vn -0.018710813 0.9783862 0.20593774
v 0.41030192 0.57600164 1.3250616
vn -0.69568443 0.70202196 0.15227741
v 0.50524193 0.5379718 1.6165717
vn -0.5187654 0.7158951 0.46730793
v 0.40600204 0.25774184 1.7700615
vn -0.7605729 0.29157853 0.5800956
v 0.28800207 0.25774172 1.2980617
vn -0.98943573 0.1440462 0.016360061
v 0.28800207 0.034471735 1.2980618
vn -0.58961874 -0.8045848 0.07066162
v 1.606002 0.034472123 1.2980621
vn 0.81536245 -0.5630246 0.13486083
v 0.4060021 0.03447187 1.7700616
vn -0.4924107 -0.5967633 0.6335656
v 0.90100205 0.03447205 1.9490618
vn -0.015236741 -0.4672388 0.8839999
o Mesh_6
g polygon_0
usemtl Joint_0_Object_6_Material_6
f 1392/956/1431 1394/958/1433 1393/957/1432
f 1395/959/1434 1397/961/1436 1396/960/1435
f 1398/962/1437 1400/964/1439 1399/963/1438
f 1401/965/1440 1398/962/1437 1399/963/1438
f 1401/965/1440 1399/963/1438 1402/963/1441
f 1401/965/1440 1402/963/1441 1403/965/1442
f 1401/965/1440 1403/965/1442 1404/966/1443
f 1401/965/1440 1404/966/1443 1405/966/1444
f 1398/962/1437 1401/965/1440 1405/966/1444
f 1406/967/1445 1398/962/1437 1405/966/1444
f 1406/967/1445 1405/966/1444 1407/968/1446
f 1408/969/1447 1406/967/1445 1407/968/1446
f 1409/970/1448 1408/969/1447 1407/968/1446
f 1409/970/1448 1407/968/1446 1410/971/1449
f 1411/972/1450 1409/970/1448 1410/971/1449
f 1411/972/1450 1410/971/1449 1412/973/1451
f 1411/972/1450 1412/973/1451 1413/974/1452
f 1414/975/1453 1411/972/1450 1413/974/1452
f 1414/975/1453 1413/974/1452 1415/976/1454
f 1416/977/1455 1414/975/1453 1415/976/1454
f 1400/978/1439 1416/977/1455 1415/976/1454
f 1399/979/1438 1400/978/1439 1415/976/1454
f 1399/979/1438 1415/976/1454 1417/976/1456
f 1402/979/1441 1399/979/1438 1417/976/1456
f 1405/966/1444 1404/966/1443 1418/968/1457
f 1407/968/1446 1405/966/1444 1418/968/1457
f 1410/971/1449 1407/968/1446 1418/968/1457
f 1410/971/1449 1418/968/1457 1419/980/1458
f 1412/973/1451 1410/971/1449 1419/980/1458
f 1412/973/1451 1419/980/1458 1420/973/1459
f 1412/973/1451 1420/973/1459 1421/974/1460
f 1413/974/1452 1412/973/1451 1421/974/1460
f 1413/974/1452 1421/974/1460 1417/976/1456
f 1415/976/1454 1413/974/1452 1417/976/1456
f 1408/981/1447 1409/981/1448 1411/981/1450
f 1416/981/1455 1408/981/1447 1411/981/1450
f 1416/981/1455 1411/981/1450 1414/981/1453
f 1416/981/1455 1400/981/1439 1398/981/1437
f 1408/981/1447 1416/981/1455 1398/981/1437
f 1408/981/1447 1398/981/1437 1406/981/1445
f 1422/982/1461 1424/984/1463 1423/983/1462
f 1422/982/1461 1423/983/1462 1425/985/1464
f 1426/986/1465 1422/982/1461 1425/985/1464
f 1426/986/1465 1425/985/1464 1423/983/1462
f 1426/986/1465 1423/983/1462 1427/987/1466
f 1426/986/1465 1427/987/1466 1428/988/1467
f 1429/989/1468 1426/986/1465 1428/988/1467
f 1430/990/1469 1429/989/1468 1428/988/1467
f 1430/990/1469 1428/988/1467 1431/991/1470
f 1432/992/1471 1422/982/1461 1426/986/1465
f 1430/990/1469 1432/992/1471 1426/986/1465
f 1430/990/1469 1426/986/1465 1429/989/1468
f 1433/993/1472 1418/995/1457 1404/994/1443
f 1433/993/1472 1404/994/1443 1434/996/1473
f 1435/997/1474 1433/993/1472 1434/996/1473
f 1436/998/1475 1435/997/1474 1434/996/1473
f 1437/956/1476 1436/998/1475 1434/996/1473
f 1403/999/1442 1437/956/1476 1434/996/1473
f 1403/999/1442 1434/996/1473 1404/994/1443
f 1419/1000/1458 1418/1002/1457 1433/1001/1472
f 1438/1003/1477 1419/1000/1458 1433/1001/1472
f 1438/1003/1477 1433/1001/1472 1435/1004/1474
f 1438/1003/1477 1435/1004/1474 1439/1005/1478
f 1438/1003/1477 1439/1005/1478 1440/959/1479
f 1438/1003/1477 1440/959/1479 1420/1006/1459
f 1419/1000/1458 1438/1003/1477 1420/1006/1459
f 1441/960/1480 1424/1008/1463 1422/1007/1461
f 1442/961/1481 1441/960/1480 1422/1007/1461
f 1442/961/1481 1422/1007/1461 1432/1009/1471
f 1442/961/1481 1432/1009/1471 1443/1010/1482
f 1444/1011/1483 1442/961/1481 1443/1010/1482
f 1444/1011/1483 1443/1010/1482 1445/1012/1484
f 1421/1013/1460 1444/1011/1483 1445/1012/1484
f 1421/1013/1460 1445/1012/1484 1417/1014/1456
f 1402/1015/1441 1417/1017/1456 1445/1016/1484
f 1446/1018/1485 1402/1015/1441 1445/1016/1484
f 1446/1018/1485 1445/1016/1484 1443/1019/1482
f 1447/957/1486 1446/1018/1485 1443/1019/1482
f 1447/957/1486 1443/1019/1482 1432/1020/1471
f 1447/957/1486 1432/1020/1471 1430/1021/1469
f 1448/958/1487 1447/957/1486 1430/1021/1469
f 1448/958/1487 1430/1021/1469 1431/1022/1470
f 1447/957/1486 1448/958/1487 1437/956/1476
f 1446/1018/1485 1447/957/1486 1437/956/1476
f 1446/1018/1485 1437/956/1476 1403/999/1442
f 1402/1015/1441 1446/1018/1485 1403/999/1442
f 1444/1011/1483 1421/1013/1460 1420/1006/1459
f 1444/1011/1483 1420/1006/1459 1440/959/1479
f 1442/961/1481 1444/1011/1483 1440/959/1479
f 1442/961/1481 1440/959/1479 1441/960/1480
f 1449/963/1488 1451/964/1490 1450/962/1489
f 1449/963/1488 1450/962/1489 1452/965/1491
f 1453/963/1492 1449/963/1488 1452/965/1491
f 1454/965/1493 1453/963/1492 1452/965/1491
f 1455/966/1494 1454/965/1493 1452/965/1491
f 1456/966/1495 1455/966/1494 1452/965/1491
f 1456/966/1495 1452/965/1491 1450/962/1489
f 1456/966/1495 1450/962/1489 1457/967/1496
f 1458/968/1497 1456/966/1495 1457/967/1496
f 1458/968/1497 1457/967/1496 1459/969/1498
f 1458/968/1497 1459/969/1498 1460/970/1499
f 1461/971/1500 1458/968/1497 1460/970/1499
f 1461/971/1500 1460/970/1499 1462/972/1501
f 1463/973/1502 1461/971/1500 1462/972/1501
f 1464/974/1503 1463/973/1502 1462/972/1501
f 1464/974/1503 1462/972/1501 1465/975/1504
f 1466/976/1505 1464/974/1503 1465/975/1504
f 1466/976/1505 1465/975/1504 1467/977/1506
f 1466/976/1505 1467/977/1506 1451/978/1490
f 1466/976/1505 1451/978/1490 1449/979/1488
f 1468/976/1507 1466/976/1505 1449/979/1488
f 1468/976/1507 1449/979/1488 1453/979/1492
f 1469/968/1508 1455/966/1494 1456/966/1495
f 1469/968/1508 1456/966/1495 1458/968/1497
f 1469/968/1508 1458/968/1497 1461/971/1500
f 1470/980/1509 1469/968/1508 1461/971/1500
f 1470/980/1509 1461/971/1500 1463/973/1502
f 1471/973/1510 1470/980/1509 1463/973/1502
f 1472/974/1511 1471/973/1510 1463/973/1502
f 1472/974/1511 1463/973/1502 1464/974/1503
f 1468/976/1507 1472/974/1511 1464/974/1503
f 1468/976/1507 1464/974/1503 1466/976/1505
f 1467/981/1506 1465/981/1504 1462/981/1501
f 1459/981/1498 1467/981/1506 1462/981/1501
f 1459/981/1498 1462/981/1501 1460/981/1499
f 1459/981/1498 1457/981/1496 1450/981/1489
f 1467/981/1506 1459/981/1498 1450/981/1489
f 1467/981/1506 1450/981/1489 1451/981/1490
f 1455/994/1494 1469/995/1508 1473/993/1512
f 1474/996/1513 1455/994/1494 1473/993/1512
f 1474/996/1513 1473/993/1512 1475/997/1514
f 1474/996/1513 1475/997/1514 1476/998/1515
f 1474/996/1513 1476/998/1515 1392/956/1431
f 1474/996/1513 1392/956/1431 1454/999/1493
f 1455/994/1494 1474/996/1513 1454/999/1493
f 1473/1001/1512 1469/1002/1508 1470/1000/1509
f 1477/1003/1516 1473/1001/1512 1470/1000/1509
f 1477/1003/1516 1470/1000/1509 1471/1006/1510
f 1477/1003/1516 1471/1006/1510 1395/959/1434
f 1477/1003/1516 1395/959/1434 1478/1005/1517
f 1477/1003/1516 1478/1005/1517 1475/1004/1514
f 1473/1001/1512 1477/1003/1516 1475/1004/1514
f 1479/1023/1518 1481/1025/1520 1480/1024/1519
f 1479/1023/1518 1480/1024/1519 1482/1026/1521
f 1479/1023/1518 1482/1026/1521 1483/1027/1522
f 1484/1028/1523 1479/1023/1518 1483/1027/1522
f 1484/1028/1523 1483/1027/1522 1485/1029/1524
f 1486/1030/1525 1484/1028/1523 1485/1029/1524
f 1487/1031/1526 1486/1030/1525 1485/1029/1524
f 1487/1031/1526 1485/1029/1524 1488/1032/1527
f 1489/1033/1528 1487/1031/1526 1488/1032/1527
f 1489/1033/1528 1488/1032/1527 1490/1034/1529
f 1489/1033/1528 1490/1034/1529 1491/1032/1530
f 1492/1031/1531 1489/1033/1528 1491/1032/1530
f 1492/1031/1531 1491/1032/1530 1493/1029/1532
f 1494/1030/1533 1492/1031/1531 1493/1029/1532
f 1481/1025/1520 1494/1030/1533 1493/1029/1532
f 1481/1025/1520 1493/1029/1532 1480/1024/1519
f 1495/1035/1534 1497/1037/1536 1496/1036/1535
f 1498/1038/1537 1495/1035/1534 1496/1036/1535
f 1498/1038/1537 1496/1036/1535 1499/1039/1538
f 1498/1038/1537 1499/1039/1538 1500/1040/1539
f 1501/1041/1540 1498/1038/1537 1500/1040/1539
f 1501/1041/1540 1500/1040/1539 1502/1042/1541
f 1503/1043/1542 1501/1041/1540 1502/1042/1541
f 1504/1044/1543 1503/1043/1542 1502/1042/1541
f 1504/1044/1543 1502/1042/1541 1505/1045/1544
f 1506/1046/1545 1504/1044/1543 1505/1045/1544
f 1506/1046/1545 1505/1045/1544 1427/1046/1466
f 1504/1044/1543 1506/1046/1545 1427/1046/1466
f 1504/1044/1543 1427/1046/1466 1423/1044/1462
f 1503/1043/1542 1504/1044/1543 1423/1044/1462
f 1503/1043/1542 1423/1044/1462 1424/1043/1463
f 1501/1041/1540 1503/1043/1542 1424/1043/1463
f 1501/1041/1540 1424/1043/1463 1441/1041/1480
f 1498/1038/1537 1501/1041/1540 1441/1041/1480
f 1498/1038/1537 1441/1041/1480 1440/1038/1479
f 1495/1035/1534 1498/1038/1537 1440/1038/1479
f 1495/1035/1534 1440/1038/1479 1439/1035/1478
f 1497/1037/1536 1495/1035/1534 1439/1035/1478
f 1497/1037/1536 1439/1035/1478 1435/1037/1474
f 1497/1037/1536 1435/1037/1474 1436/1036/1475
f 1496/1036/1535 1497/1037/1536 1436/1036/1475
f 1496/1036/1535 1436/1036/1475 1437/1039/1476
f 1499/1039/1538 1496/1036/1535 1437/1039/1476
f 1499/1039/1538 1437/1039/1476 1448/1040/1487
f 1500/1040/1539 1499/1039/1538 1448/1040/1487
f 1500/1040/1539 1448/1040/1487 1431/1042/1470
f 1502/1042/1541 1500/1040/1539 1431/1042/1470
f 1502/1042/1541 1431/1042/1470 1428/1045/1467
f 1505/1045/1544 1502/1042/1541 1428/1045/1467
f 1505/1045/1544 1428/1045/1467 1427/1046/1466
f 1507/1026/1546 1509/1024/1548 1508/1023/1547
f 1510/1027/1549 1507/1026/1546 1508/1023/1547
f 1510/1027/1549 1508/1023/1547 1511/1028/1550
f 1512/1029/1551 1510/1027/1549 1511/1028/1550
f 1512/1029/1551 1511/1028/1550 1513/1030/1552
f 1512/1029/1551 1513/1030/1552 1514/1031/1553
f 1515/1032/1554 1512/1029/1551 1514/1031/1553
f 1515/1032/1554 1514/1031/1553 1516/1033/1555
f 1517/1034/1556 1515/1032/1554 1516/1033/1555
f 1518/1032/1557 1517/1034/1556 1516/1033/1555
f 1518/1032/1557 1516/1033/1555 1519/1031/1558
f 1520/1029/1559 1518/1032/1557 1519/1031/1558
f 1520/1029/1559 1519/1031/1558 1521/1030/1560
f 1520/1029/1559 1521/1030/1560 1522/1025/1561
f 1509/1024/1548 1520/1029/1559 1522/1025/1561
f 1509/1024/1548 1522/1025/1561 1508/1023/1547
f 1523/1041/1562 1525/1040/1564 1524/1038/1563
f 1396/1041/1435 1523/1041/1562 1524/1038/1563
f 1395/1038/1434 1396/1041/1435 1524/1038/1563
f 1395/1038/1434 1524/1038/1563 1526/1035/1565
f 1478/1035/1517 1395/1038/1434 1526/1035/1565
f 1478/1035/1517 1526/1035/1565 1527/1037/1566
f 1475/1037/1514 1478/1035/1517 1527/1037/1566
f 1476/1036/1515 1475/1037/1514 1527/1037/1566
f 1528/1036/1567 1476/1036/1515 1527/1037/1566
f 1528/1036/1567 1527/1037/1566 1526/1035/1565
f 1528/1036/1567 1526/1035/1565 1524/1038/1563
f 1529/1039/1568 1528/1036/1567 1524/1038/1563
f 1529/1039/1568 1524/1038/1563 1525/1040/1564
f 1529/1039/1568 1525/1040/1564 1394/1040/1433
f 1529/1039/1568 1394/1040/1433 1392/1039/1431
f 1528/1036/1567 1529/1039/1568 1392/1039/1431
f 1528/1036/1567 1392/1039/1431 1476/1036/1515
f 1530/1044/1569 1532/1044/1571 1531/1046/1570
f 1533/1010/1572 1535/1011/1574 1534/1012/1573
f 1536/1018/1575 1533/1019/1572 1534/1016/1573
f 1532/983/1571 1538/984/1577 1537/982/1576
f 1532/983/1571 1537/982/1576 1539/985/1578
f 1540/986/1579 1532/983/1571 1539/985/1578
f 1540/986/1579 1539/985/1578 1537/982/1576
f 1540/986/1579 1537/982/1576 1541/992/1580
f 1540/986/1579 1541/992/1580 1542/990/1581
f 1543/989/1582 1540/986/1579 1542/990/1581
f 1544/988/1583 1543/989/1582 1542/990/1581
f 1544/988/1583 1542/990/1581 1545/991/1584
f 1531/987/1570 1532/983/1571 1540/986/1579
f 1544/988/1583 1531/987/1570 1540/986/1579
f 1544/988/1583 1540/986/1579 1543/989/1582
f 1545/1042/1584 1394/1040/1433 1525/1040/1564
f 1546/1042/1585 1545/1042/1584 1525/1040/1564
f 1546/1042/1585 1525/1040/1564 1523/1041/1562
f 1547/1043/1586 1546/1042/1585 1523/1041/1562
f 1538/1043/1577 1547/1043/1586 1523/1041/1562
f 1538/1043/1577 1523/1041/1562 1396/1041/1435
f 1537/1007/1576 1538/1008/1577 1396/960/1435
f 1537/1007/1576 1396/960/1435 1397/961/1436
f 1541/1009/1580 1537/1007/1576 1397/961/1436
f 1533/1010/1572 1541/1009/1580 1397/961/1436
f 1535/1011/1574 1533/1010/1572 1397/961/1436
f 1535/1011/1574 1397/961/1436 1395/959/1434
f 1535/1011/1574 1395/959/1434 1471/1006/1510
f 1535/1011/1574 1471/1006/1510 1472/1013/1511
f 1534/1012/1573 1535/1011/1574 1472/1013/1511
f 1534/1012/1573 1472/1013/1511 1468/1014/1507
f 1394/958/1433 1545/1022/1584 1542/1021/1581
f 1393/957/1432 1394/958/1433 1542/1021/1581
f 1393/957/1432 1542/1021/1581 1541/1020/1580
f 1393/957/1432 1541/1020/1580 1533/1019/1572
f 1393/957/1432 1533/1019/1572 1536/1018/1575
f 1392/956/1431 1393/957/1432 1536/1018/1575
f 1454/999/1493 1392/956/1431 1536/1018/1575
f 1453/1015/1492 1454/999/1493 1536/1018/1575
f 1453/1015/1492 1536/1018/1575 1534/1016/1573
f 1468/1017/1507 1453/1015/1492 1534/1016/1573
f 1544/1045/1583 1545/1042/1584 1546/1042/1585
f 1544/1045/1583 1546/1042/1585 1548/1045/1587
f 1531/1046/1570 1544/1045/1583 1548/1045/1587
f 1531/1046/1570 1548/1045/1587 1549/1046/1588
f 1530/1044/1569 1531/1046/1570 1549/1046/1588
f 1530/1044/1569 1549/1046/1588 1548/1045/1587
f 1530/1044/1569 1548/1045/1587 1546/1042/1585
f 1530/1044/1569 1546/1042/1585 1547/1043/1586
f 1532/1044/1571 1530/1044/1569 1547/1043/1586
f 1532/1044/1571 1547/1043/1586 1538/1043/1577
v -0.21320948 13.972248 0.6871549
vt 0.34127998 0.50909
vn 0.35093695 0.9023372 -0.25026152
vt 0.33081 0.51933
vn 0.12035707 0.88456213 -0.4506262
vt 0.33885002 0.5194
vn 0.24315754 0.8421593 -0.4812922
v 5.008392E-07 13.931803 0.6871549
vt 0.32373 0.50752
vn -2.6088387E-07 0.9868476 -0.16165349
vt 0.32375002 0.51913
vn -1.4075256E-07 0.9054282 -0.42449957
vn -0.12035737 0.88456213 -0.45062616
v 0.21321046 13.972248 0.6871549
vn -0.35093746 0.902337 -0.25026155
vn -0.24315763 0.8421593 -0.48129213
vt 0.34589 0.51962
vn -0.36575806 0.8119095 -0.45499906
vt 0.34995997 0.52016
vn -0.53158396 0.75504714 -0.3838259
v 0.31529045 14.119623 0.6871549
vt 0.34967 0.51635
vn -0.8985556 0.1649361 0.40668657
vt 0.35038996 0.52047
vn -0.37475744 -0.8948754 -0.24239402
v 0.31218046 14.202664 0.6871549
vt 0.34941 0.5232
vn -0.82343113 -0.55840355 0.10073031
v 0.19428042 14.260913 0.6821848
vt 0.33972 0.52938
vn -0.23364884 -0.8956558 -0.37842965
vt 0.34569 0.52022
vn -0.23908184 -0.75850266 -0.606229
vt 0.33767998 0.52043
vn -0.25548396 -0.76840776 -0.58675164
vt 0.32950997 0.52069
vn -0.11660548 -0.81597525 -0.56620455
v 4.5495744E-07 14.278014 0.6871548
vt 0.32373 0.53109
vn 1.6073076E-07 -0.9228835 -0.38507932
vt 0.32373 0.52019
vn 8.246418E-08 -0.82853633 -0.5599353
vn 0.11660565 -0.81597525 -0.5662045
v -0.19427952 14.260913 0.6821848
vn 0.23023236 -0.8973407 -0.37652725
v 4.309661E-07 14.279164 0.5335848
vt 0.32373 0.53119
vn 2.8258253E-07 -0.90145487 0.43287313
v 0.2139304 14.264874 0.5335848
vt 0.34133 0.52989
vn -0.5264611 -0.4629763 0.713086
v 0.21393043 13.989621 0.53358483
vt 0.34133 0.5109
vn -0.43855065 0.73916596 0.511182
v 4.7453113E-07 13.950434 0.53358483
vt 0.32373 0.50927
vn 3.9878575E-08 0.42207658 0.9065602
v -0.21392953 14.264874 0.5335848
vn 0.5264615 -0.46297607 0.7130859
v -0.3121795 14.202664 0.6871549
vn 0.81951004 -0.56017745 0.120849445
v -0.3152895 14.119623 0.6871549
vn 0.8972557 0.30202687 0.32204354
v -0.2139295 13.989621 0.53358483
vn 0.43855038 0.7391661 0.511182
vn 0.36575794 0.8119095 -0.45499912
vn 0.749578 0.6578188 -0.07353441
vn 0.85018927 -0.5037031 -0.15317136
vn 0.2212442 -0.75555295 -0.6165961
vn 0.25548387 -0.7684078 -0.5867517
o Mesh_7
g polygon_0
usemtl Joint_0_Object_7_Material_7
f 1550/1047/1589 358/1049/1591 356/1048/1590
f 1551/1050/1592 1550/1047/1589 356/1048/1590
f 1551/1050/1592 356/1048/1590 355/1051/1593
f 1551/1050/1592 355/1051/1593 353/1048/1594
f 1552/1047/1595 1551/1050/1592 353/1048/1594
f 1552/1047/1595 353/1048/1594 351/1049/1596
f 1552/1047/1595 351/1049/1596 333/1052/1597
f 1552/1047/1595 333/1052/1597 331/1053/1598
f 1553/1054/1599 1552/1047/1595 331/1053/1598
f 1553/1054/1599 331/1053/1598 337/1055/1600
f 1554/1056/1601 1553/1054/1599 337/1055/1600
f 1555/1057/1602 1554/1056/1601 337/1055/1600
f 1555/1057/1602 337/1055/1600 306/1058/1603
f 1555/1057/1602 306/1058/1603 305/1059/1604
f 1555/1057/1602 305/1059/1604 311/1060/1605
f 1556/1061/1606 1555/1057/1602 311/1060/1605
f 1556/1061/1606 311/1060/1605 312/1062/1607
f 1556/1061/1606 312/1062/1607 326/1060/1608
f 1556/1061/1606 326/1060/1608 1557/1057/1609
f 1556/1061/1606 1557/1057/1609 1558/1063/1610
f 1555/1057/1602 1556/1061/1606 1558/1063/1610
f 1555/1057/1602 1558/1063/1610 1559/1064/1611
f 1554/1056/1601 1555/1057/1602 1559/1064/1611
f 1553/1054/1599 1554/1056/1601 1559/1064/1611
f 1553/1054/1599 1559/1064/1611 1560/1065/1612
f 1552/1047/1595 1553/1054/1599 1560/1065/1612
f 1551/1050/1592 1552/1047/1595 1560/1065/1612
f 1561/1066/1613 1551/1050/1592 1560/1065/1612
f 1561/1066/1613 1560/1065/1612 1559/1064/1611
f 1561/1066/1613 1559/1064/1611 1558/1063/1610
f 1562/1064/1614 1561/1066/1613 1558/1063/1610
f 1562/1064/1614 1558/1063/1610 1557/1057/1609
f 1562/1064/1614 1557/1057/1609 1563/1056/1615
f 1562/1064/1614 1563/1056/1615 1564/1054/1616
f 1565/1065/1617 1562/1064/1614 1564/1054/1616
f 1565/1065/1617 1564/1054/1616 1550/1047/1589
f 1565/1065/1617 1550/1047/1589 1551/1050/1592
f 1565/1065/1617 1551/1050/1592 1561/1066/1613
f 1562/1064/1614 1565/1065/1617 1561/1066/1613
f 360/1052/1618 358/1049/1591 1550/1047/1589
f 340/1053/1619 360/1052/1618 1550/1047/1589
f 340/1053/1619 1550/1047/1589 1564/1054/1616
f 342/1055/1620 340/1053/1619 1564/1054/1616
f 342/1055/1620 1564/1054/1616 1563/1056/1615
f 342/1055/1620 1563/1056/1615 1557/1057/1609
f 365/1058/1621 342/1055/1620 1557/1057/1609
f 367/1059/1622 365/1058/1621 1557/1057/1609
f 367/1059/1622 1557/1057/1609 326/1060/1608
v 2.75544 13.531441 -0.82602
vt 0.67475 0.68083
vn 0.8164956 1.3626742E-06 -0.57735175
v 2.75544 13.43084 -0.72542
vt 0.67737 0.67825
vn 0.3333351 -0.94280845 -3.5469018E-08
v 2.75544 13.531441 -0.62482
vt 0.67999 0.68083
vn 0.81649566 1.3626741E-06 0.57735157
v 2.75544 13.632041 -0.72542
vt 0.67737 0.68347
vn 0.3333337 0.9428089 -3.5468815E-08
v 1.94665 13.531441 -0.82601994
vt 0.67475 0.68082
vn -0.57734895 1.92711E-06 -0.8164975
v 1.94665 13.632041 -0.72541994
vn -0.57735074 0.81649625 6.143385E-08
v 1.94665 13.531441 -0.62481993
vt 0.67999 0.68082
vn -0.5773488 1.92711E-06 0.8164976
v 1.94665 13.43084 -0.72541994
vn -0.5773526 -0.816495 6.1433994E-08
v 2.75544 13.531441 0.16389
vn 0.81650907 1.3626966E-06 -0.5773326
v 2.75544 13.43084 0.2645
vn 0.33332774 -0.9428111 2.3329161E-05
v 2.75544 13.531441 0.3651
v 2.75544 13.632041 0.2645
vn 0.3333263 0.94281155 2.3329061E-05
v 1.94665 13.531441 0.16389
vn -0.5773681 1.9271738E-06 -0.81648403
v 1.94665 13.632041 0.2645
vn -0.57734114 0.81650305 2.0295814E-05
v 1.94665 13.531441 0.3651
v 1.94665 13.43084 0.2645
vn -0.577343 -0.81650174 2.0295878E-05
v -1.8402517 4.827382 0.3138923
vt 0.95625 0.49258
vn 0.8238337 -0.36435196 0.43421853
v -1.9678885 6.8665924 0.31389162
vt 0.95625 0.47412002
vn 0.15222 0.70723253 0.69039935
v -1.9678885 6.866592 -0.32910833
vt 0.97165 0.47412002
vn 0.7480471 0.5018761 -0.43421873
v -1.8402517 4.827382 -0.32910764
vt 0.97165 0.49258
vn 0.2727212 -0.6700543 -0.69039875
vt 0.99814 0.003970027
vt 0.99814 0.46755004
v -2.4600782 6.778432 -0.27760842
vt 0.92911 0.46755004
vn -0.49520183 0.59394276 -0.63404036
v -2.340272 4.828732 -0.27760777
vt 0.92911 0.003970027
vn -0.8050102 -0.45412245 -0.38174787
vt 0.75324 0.051800013
v -2.3402717 4.8287325 0.26239216
vn -0.38453776 -0.67091227 0.6340406
vt 0.92911 0.051800013
vt 0.75324 0.003970027
v -2.4600782 6.7784324 0.2623915
vn -0.8716393 0.30743128 0.38174728
vt 0.92911 0.49565
vt 0.75324 0.46755004
vt 0.75324 0.49565
v 3.53348 13.531371 -0.64533
vt 0.73281 0.74815
vn 0.41436177 0.0037058312 -0.91010475
v 4.079381 13.53137 -0.32635072
vt 0.75302 0.74815
vn 0.5044891 0.008223679 -0.86337894
v 3.9670005 13.591028 -0.32635075
vt 0.75302 0.74379
vn -0.0064816 0.99980915 0.01842998
v 3.9700406 13.47138 -0.32635075
vn -0.0029591182 -0.99991935 0.012352373
v 3.49777 13.471381 -0.60084
vt 0.73281 0.74379
vn 0.004208477 -0.9999886 0.002246698
v 3.46346 13.531371 -0.55593
vt 0.73281 0.73961
vn -0.4041125 -0.0011498862 0.9147086
v 3.8682408 13.53137 -0.32635075
vt 0.75302 0.73961
vn -0.49333623 -0.006082129 0.8698175
v 3.49777 13.591029 -0.60084
vn 0.0041790428 0.99998873 0.0022463605
v 2.94354 13.531371 -0.78459
vt 0.74537 0.74815
vn 0.15229166 0.0013892226 -0.98833466
v 2.94354 13.471381 -0.7247
vt 0.74537 0.74379
vn -3.4231005E-05 -1 2.5405785E-07
v 2.94354 13.531371 -0.66481
vt 0.74537 0.73961
vn -0.14363241 0.0013875536 0.98963016
v 2.94354 13.591029 -0.7247
vn -1.7598852E-08 1 2.5342337E-07
v 1.86998 13.531371 -0.78459
vt 0.63363 0.74815
vn -0.5776656 0.00094542175 -0.816273
v 1.86998 13.471491 -0.7247
vt 0.63363 0.74379
vn -0.5773746 -0.8164794 2.6789172E-07
v 1.86998 13.531371 -0.66481
vt 0.63363 0.73961
vn -0.57766527 0.00094542146 0.8162732
v 1.86998 13.591029 -0.7247
vn -0.57660496 0.8170231 2.6756447E-07
vt 0.71487 0.63416
vt 0.75165 0.73286
vt 0.71487 0.73286
vt 0.75165 0.63416
vt 0.67289 0.73286
vt 0.67289 0.63416
v 4.079381 13.53137 -0.13458075
vn 0.5044891 0.008223827 0.8633789
v 3.53348 13.531371 0.18440002
vn 0.41436195 0.0037058578 0.91010463
v 3.9670007 13.591028 -0.13458076
vn -0.006494284 0.99980885 -0.01844144
v 3.9700408 13.47138 -0.13458076
vn -0.002971658 -0.9999192 -0.012363021
v 3.49777 13.471381 0.13991
vn 0.004202292 -0.9999886 -0.002258454
v 3.46346 13.531371 0.09501
vn -0.4041153 -0.0011497415 -0.9147073
v 3.8682408 13.53137 -0.13458076
vn -0.49335253 -0.0060823234 -0.8698082
v 3.49777 13.591029 0.13991
vn 0.004172841 0.99998873 -0.0022581096
v 2.94354 13.531371 0.32366
vn 0.15229513 0.0013891608 0.9883341
v 2.94354 13.471381 0.26378
vn -3.1203428E-05 -1 4.1469077E-05
v 2.94354 13.531371 0.20389
vn -0.14364 0.0013875556 -0.98962903
v 2.94354 13.591029 0.26378
vn 3.0165743E-06 1 4.1478717E-05
v 1.86998 13.531371 0.32366
vn -0.57763314 0.0009454033 0.8162959
v 1.86998 13.471491 0.26378
vn -0.5773907 -0.816468 3.419635E-05
v 1.86998 13.531371 0.20389001
vn -0.5776655 0.00094542163 -0.81627303
v 1.86998 13.591029 0.26378
vn -0.576621 0.81701183 3.422443E-05
v 2.35069 13.61346 -0.23046
vt 0.8763 0.62656
vn -3.69784E-14 1 3.190121E-14
v 2.35069 13.61346 0.20416
vt 0.75723 0.62656
vn 6.5543313E-06 0.1504142 0.9886231
v 2.04376 13.61346 0.07703
vt 0.79206 0.7118
vn -0.6994141 0.1505071 0.6986899
v 2.65761 13.61346 0.07703
vt 0.79206 0.54132
vn 0.69942033 0.15050854 0.6986833
v 2.35069 13.498301 -0.23046
vn 2.243984E-06 -1 1.4620772E-06
v 1.91663 13.61346 -0.23046
vt 0.8763 0.74379
vn -0.9886071 0.15051912 9.075194E-08
v 2.04376 13.61346 -0.53795
vt 0.96054 0.7118
vn -0.69942564 0.15050545 -0.6986787
v 2.35069 13.61346 -0.66509
vt 0.99537 0.62656
vn 6.3440825E-06 0.15041429 -0.9886231
v 2.65761 13.61346 -0.53795
vt 0.96054 0.54132
vn 0.6994317 0.15050688 -0.6986723
v 2.78474 13.61346 -0.23046
vt 0.8763 0.50602
vn 0.9886067 0.15052205 -1.3407787E-07
v 4.5946407 13.53144 -0.3345007
vt 0.67085 0.63179
vn 0.5879203 1.8285228E-06 -0.80891883
v 4.5946407 13.432819 -0.2304607
vt 0.65246 0.63179
vn 0.5673402 -0.8234835 1.9954834E-05
v 4.5946407 13.630059 -0.23046073
vn 0.5673385 0.82348466 1.966347E-05
v 3.6894605 13.53144 -0.3345008
vt 0.67085 0.73567
vn -0.34154597 2.234528E-06 -0.93986505
v 3.6894605 13.630059 -0.23046078
vt 0.65246 0.73567
vn -0.80932426 0.5873622 1.3967987E-05
v 3.6894605 13.432819 -0.23046073
vn -0.80932564 -0.58736026 1.4175787E-05
v 3.6894605 13.53144 -0.12643078
vt 0.63463 0.73567
vn -0.34153053 2.3988368E-06 0.9398707
v 4.5946407 13.53144 -0.12643075
vt 0.63463 0.63179
vn 0.5879009 1.9699662E-06 0.808933
v 1.572029 8.399051 -0.7456867
vt 0.68987 0.27674
vn -0.12234108 -0.168863 0.9780174
v 1.5122491 7.7419505 -0.9119565
vt 0.69095 0.05781001
vn -0.09461355 -0.52398604 0.8464555
v 0.27983925 8.43259 -1.4684567
vn -0.6847339 -0.16201314 0.7105569
v 1.8407791 8.42813 -0.81464666
vt 0.73923 0.27674
vn 0.63273525 -0.08477098 0.76971424
v 1.4251391 9.061541 -0.695017
vt 0.66496 0.42825
vn -0.14305416 0.21014974 0.96714664
v 0.33962914 9.089701 -1.3021868
vn -0.7663049 0.29370862 0.5714123
v 0.19927931 8.47072 -1.7328167
vn -0.98955 -0.04267361 -0.13773076
v 0.4267293 7.7701197 -1.5191263
vt 0.69095 0.051240027
vn -0.71020085 -0.5560947 0.43170998
v 1.0797193 7.5450697 -1.4224162
vt 0.50379 0.013809979
vn -0.052377224 -0.99750364 0.047361474
v 1.6166991 7.6185393 -1.1044264
vt 0.73644 0.013809979
vn 0.4591055 -0.8856185 -0.07001428
v 1.759459 7.7715697 -0.9929665
vt 0.73644 0.051240027
vn 0.84275854 -0.4707487 0.2610626
v 1.845629 8.496791 -1.2302862
vn 0.9454971 0.112642094 -0.30552745
v 1.672349 9.09116 -0.77602696
vt 0.73644 0.42825
vn 0.7809031 0.46670088 0.41518754
v 1.508879 9.25217 -0.8358669
vt 0.69095 0.49376
vn 0.34045935 0.91278577 0.22563177
v 0.9603391 9.35379 -1.1250569
vt 0.50379 0.49376
vn -0.17860934 0.91499496 0.36177742
v 0.42334905 9.28034 -1.4430369
vn -0.33403626 0.93028677 -0.15161264
v 0.28060916 9.12728 -1.5544968
vn -0.74327123 0.5062406 -0.43734235
v 0.55343926 8.53032 -1.9530765
vn -0.22947133 0.14312242 -0.9627351
v 0.36770937 7.8076897 -1.7714365
vn -0.6813648 -0.4311899 -0.59145355
v 0.5311893 7.6467094 -1.7116063
vn -0.2152998 -0.86810756 -0.44725314
v 1.2405294 7.852849 -1.6956263
vt 0.50379 0.07095003
vn 0.4037018 -0.5292213 -0.7462906
v 1.7054191 7.8109393 -1.2541063
vn 0.76892555 -0.35270306 -0.5332486
v 1.2949692 8.547641 -1.7607365
vt 0.50379 0.29982996
vn 0.4842284 0.17296313 -0.8576751
v 0.61990935 7.8391094 -1.8612864
vn 0.03836318 -0.33374545 -0.9418823
v 0.5327991 9.1587 -1.6443567
vn -0.024514845 0.6185907 -0.7853309
v 1.153429 9.17243 -1.4786867
vt 0.50379 0.42825
vn 0.3168586 0.7865876 -0.52998173
v 1.6183189 9.13053 -1.0371667
vn 0.7060959 0.5996186 -0.37667778
o Mesh_8
g polygon_0
usemtl Joint_0_Object_8_Material_8
f 1566/1067/1623 1568/1069/1625 1567/1068/1624
f 1568/1069/1625 1566/1067/1623 1569/1070/1626
f 1570/1071/1627 1572/1072/1629 1571/1070/1628
f 1572/1072/1629 1570/1071/1627 1573/1068/1630
f 1574/1069/1631 1576/1067/1625 1575/1068/1632
f 1576/1067/1625 1574/1069/1631 1577/1070/1633
f 1578/1072/1634 1580/1071/1629 1579/1070/1635
f 1580/1071/1629 1578/1072/1634 1581/1068/1636
f 1582/1073/1637 1584/1075/1639 1583/1074/1638
f 1584/1075/1639 1582/1073/1637 1585/1076/1640
f 1585/1077/1640 1586/1079/1641 1584/1078/1639
f 1586/1079/1641 1585/1077/1640 1587/1080/1642
f 1585/1081/1640 1582/1082/1637 1588/1080/1643
f 1587/1083/1642 1585/1081/1640 1588/1080/1643
f 1589/1079/1644 1587/1083/1642 1588/1080/1643
f 1583/1078/1638 1589/1079/1644 1588/1080/1643
f 1583/1078/1638 1588/1080/1643 1582/1077/1637
f 1583/1084/1638 1584/1086/1639 1586/1085/1641
f 1589/1079/1644 1583/1084/1638 1586/1085/1641
f 1589/1079/1644 1586/1085/1641 1587/1083/1642
f 1590/1087/1645 1592/1089/1647 1591/1088/1646
f 1590/1087/1645 1591/1088/1646 1593/1089/1648
f 1594/1090/1649 1590/1087/1645 1593/1089/1648
f 1595/1091/1650 1594/1090/1649 1593/1089/1648
f 1595/1091/1650 1593/1089/1648 1596/1092/1651
f 1595/1091/1650 1596/1092/1651 1592/1089/1647
f 1597/1090/1652 1595/1091/1650 1592/1089/1647
f 1597/1090/1652 1592/1089/1647 1590/1087/1645
f 1598/1093/1653 1597/1090/1652 1590/1087/1645
f 1598/1093/1653 1590/1087/1645 1594/1090/1649
f 1599/1094/1654 1598/1093/1653 1594/1090/1649
f 1600/1095/1655 1599/1094/1654 1594/1090/1649
f 1600/1095/1655 1594/1090/1649 1595/1091/1650
f 1600/1095/1655 1595/1091/1650 1597/1090/1652
f 1601/1094/1656 1600/1095/1655 1597/1090/1652
f 1601/1094/1656 1597/1090/1652 1598/1093/1653
f 1602/1096/1657 1601/1094/1656 1598/1093/1653
f 1602/1096/1657 1598/1093/1653 1599/1094/1654
f 1603/1097/1658 1602/1096/1657 1599/1094/1654
f 1604/1098/1659 1603/1097/1658 1599/1094/1654
f 1604/1098/1659 1599/1094/1654 1600/1095/1655
f 1604/1098/1659 1600/1095/1655 1601/1094/1656
f 1605/1097/1660 1604/1098/1659 1601/1094/1656
f 1605/1097/1660 1601/1094/1656 1602/1096/1657
f 1604/1098/1659 1605/1097/1660 1602/1096/1657
f 1604/1098/1659 1602/1096/1657 1603/1097/1658
f 1569/1099/1626 1571/1101/1628 1572/1100/1629
f 1568/1102/1625 1569/1099/1626 1572/1100/1629
f 1567/1099/1624 1568/1102/1625 1572/1100/1629
f 1567/1099/1624 1572/1100/1629 1573/1101/1630
f 1567/1099/1624 1573/1101/1630 1570/1103/1627
f 1566/1104/1623 1567/1099/1624 1570/1103/1627
f 1569/1099/1626 1566/1104/1623 1570/1103/1627
f 1569/1099/1626 1570/1103/1627 1571/1101/1628
f 1606/1088/1661 1608/1089/1663 1607/1087/1662
f 1609/1089/1664 1606/1088/1661 1607/1087/1662
f 1609/1089/1664 1607/1087/1662 1610/1090/1665
f 1609/1089/1664 1610/1090/1665 1611/1091/1666
f 1612/1092/1667 1609/1089/1664 1611/1091/1666
f 1608/1089/1663 1612/1092/1667 1611/1091/1666
f 1608/1089/1663 1611/1091/1666 1613/1090/1668
f 1607/1087/1662 1608/1089/1663 1613/1090/1668
f 1607/1087/1662 1613/1090/1668 1614/1093/1669
f 1610/1090/1665 1607/1087/1662 1614/1093/1669
f 1610/1090/1665 1614/1093/1669 1615/1094/1670
f 1610/1090/1665 1615/1094/1670 1616/1095/1671
f 1611/1091/1666 1610/1090/1665 1616/1095/1671
f 1613/1090/1668 1611/1091/1666 1616/1095/1671
f 1613/1090/1668 1616/1095/1671 1617/1094/1672
f 1614/1093/1669 1613/1090/1668 1617/1094/1672
f 1614/1093/1669 1617/1094/1672 1618/1096/1673
f 1615/1094/1670 1614/1093/1669 1618/1096/1673
f 1615/1094/1670 1618/1096/1673 1619/1097/1674
f 1615/1094/1670 1619/1097/1674 1620/1098/1675
f 1616/1095/1671 1615/1094/1670 1620/1098/1675
f 1617/1094/1672 1616/1095/1671 1620/1098/1675
f 1617/1094/1672 1620/1098/1675 1621/1097/1676
f 1618/1096/1673 1617/1094/1672 1621/1097/1676
f 1618/1096/1673 1621/1097/1676 1620/1098/1675
f 1619/1097/1674 1618/1096/1673 1620/1098/1675
f 1579/1101/1635 1580/1103/1629 1577/1099/1633
f 1578/1100/1634 1579/1101/1635 1577/1099/1633
f 1578/1100/1634 1577/1099/1633 1574/1102/1631
f 1578/1100/1634 1574/1102/1631 1575/1099/1632
f 1581/1101/1636 1578/1100/1634 1575/1099/1632
f 1580/1103/1629 1581/1101/1636 1575/1099/1632
f 1580/1103/1629 1575/1099/1632 1576/1104/1625
f 1577/1099/1633 1580/1103/1629 1576/1104/1625
f 1622/1105/1677 1624/1107/1679 1623/1106/1678
f 1625/1108/1680 1622/1105/1677 1623/1106/1678
f 1626/1105/1681 1625/1108/1680 1623/1106/1678
f 1626/1105/1681 1623/1106/1678 1624/1107/1679
f 1627/1109/1682 1626/1105/1681 1624/1107/1679
f 1627/1109/1682 1624/1107/1679 1622/1105/1677
f 1627/1109/1682 1622/1105/1677 1628/1110/1683
f 1626/1105/1681 1627/1109/1682 1628/1110/1683
f 1629/1111/1684 1626/1105/1681 1628/1110/1683
f 1629/1111/1684 1628/1110/1683 1622/1105/1677
f 1629/1111/1684 1622/1105/1677 1630/1112/1685
f 1626/1105/1681 1629/1111/1684 1630/1112/1685
f 1626/1105/1681 1630/1112/1685 1631/1113/1686
f 1625/1108/1680 1626/1105/1681 1631/1113/1686
f 1622/1105/1677 1625/1108/1680 1631/1113/1686
f 1622/1105/1677 1631/1113/1686 1630/1112/1685
f 1632/1114/1687 1634/1115/1689 1633/1115/1688
f 1632/1114/1687 1633/1115/1688 1635/1116/1690
f 1634/1115/1689 1632/1114/1687 1635/1116/1690
f 1636/1117/1691 1634/1115/1689 1635/1116/1690
f 1637/1117/1692 1636/1117/1691 1635/1116/1690
f 1637/1117/1692 1635/1116/1690 1633/1115/1688
f 1637/1117/1692 1633/1115/1688 1638/1118/1693
f 1636/1117/1691 1637/1117/1692 1638/1118/1693
f 1634/1115/1689 1636/1117/1691 1638/1118/1693
f 1634/1115/1689 1638/1118/1693 1639/1119/1694
f 1633/1115/1688 1634/1115/1689 1639/1119/1694
f 1633/1115/1688 1639/1119/1694 1638/1118/1693
f 1640/1120/1695 1642/1120/1697 1641/1121/1696
f 1640/1120/1695 1641/1121/1696 1643/1122/1698
f 1640/1120/1695 1643/1122/1698 1644/1123/1699
f 1642/1120/1697 1640/1120/1695 1644/1123/1699
f 1642/1120/1697 1644/1123/1699 1645/1123/1700
f 1642/1120/1697 1645/1123/1700 1646/1122/1701
f 1642/1120/1697 1646/1122/1701 1647/1124/1702
f 1641/1121/1696 1642/1120/1697 1647/1124/1702
f 1641/1121/1696 1647/1124/1702 1648/1125/1703
f 1641/1121/1696 1648/1125/1703 1649/1126/1704
f 1641/1121/1696 1649/1126/1704 1650/1127/1705
f 1643/1122/1698 1641/1121/1696 1650/1127/1705
f 1643/1122/1698 1650/1127/1705 1651/1120/1706
f 1643/1122/1698 1651/1120/1706 1652/1128/1707
f 1644/1123/1699 1643/1122/1698 1652/1128/1707
f 1644/1123/1699 1652/1128/1707 1653/1129/1708
f 1644/1123/1699 1653/1129/1708 1654/1130/1709
f 1645/1123/1700 1644/1123/1699 1654/1130/1709
f 1645/1123/1700 1654/1130/1709 1655/1129/1710
f 1645/1123/1700 1655/1129/1710 1656/1128/1711
f 1646/1122/1701 1645/1123/1700 1656/1128/1711
f 1646/1122/1701 1656/1128/1711 1657/1120/1712
f 1646/1122/1701 1657/1120/1712 1658/1127/1713
f 1647/1124/1702 1646/1122/1701 1658/1127/1713
f 1647/1124/1702 1658/1127/1713 1659/1126/1714
f 1648/1125/1703 1647/1124/1702 1659/1126/1714
f 1648/1125/1703 1659/1126/1714 1660/1131/1715
f 1649/1126/1704 1648/1125/1703 1660/1131/1715
f 1649/1126/1704 1660/1131/1715 1661/1124/1716
f 1650/1127/1705 1649/1126/1704 1661/1124/1716
f 1651/1120/1706 1650/1127/1705 1661/1124/1716
f 1662/1132/1717 1651/1120/1706 1661/1124/1716
f 1662/1132/1717 1661/1124/1716 1660/1131/1715
f 1663/1124/1718 1662/1132/1717 1660/1131/1715
f 1663/1124/1718 1660/1131/1715 1659/1126/1714
f 1663/1124/1718 1659/1126/1714 1658/1127/1713
f 1663/1124/1718 1658/1127/1713 1657/1120/1712
f 1662/1132/1717 1663/1124/1718 1657/1120/1712
f 1664/1123/1719 1662/1132/1717 1657/1120/1712
f 1664/1123/1719 1657/1120/1712 1656/1128/1711
f 1664/1123/1719 1656/1128/1711 1655/1129/1710
f 1665/1133/1720 1664/1123/1719 1655/1129/1710
f 1665/1133/1720 1655/1129/1710 1654/1130/1709
f 1665/1133/1720 1654/1130/1709 1653/1129/1708
f 1666/1123/1721 1665/1133/1720 1653/1129/1708
f 1666/1123/1721 1653/1129/1708 1652/1128/1707
f 1666/1123/1721 1652/1128/1707 1651/1120/1706
f 1666/1123/1721 1651/1120/1706 1662/1132/1717
f 1665/1133/1720 1666/1123/1721 1662/1132/1717
f 1665/1133/1720 1662/1132/1717 1664/1123/1719
v -0.2185295 14.205324 0.8109948
vt 0.34055 0.56172
vn -0.61598885 -0.012274408 0.7876592
v -0.3512395 14.124824 0.65241486
vt 0.35047996 0.55086
vn -0.710563 -0.36202538 0.60335547
v -0.3518795 14.205113 0.6560148
vt 0.35047996 0.56172
vn -0.75752735 -0.035265885 0.6518501
v -0.21852948 14.125653 0.8109948
vt 0.34055 0.55086
vn -0.4092899 -0.55095583 0.7272754
v -0.3319695 14.112613 0.63478494
vt 0.34961998 0.54923
vn -0.31948128 -0.90746576 0.27283272
v -0.20010948 14.1131735 0.79062486
vt 0.34029 0.54923
vn -0.1775041 -0.90832216 0.3787389
v 5.029601E-07 14.125653 0.8663148
vt 0.32413 0.55086
vn 2.7819394E-07 -0.70096755 0.71319324
v 5.003685E-07 14.1131735 0.8389648
vt 0.32413 0.54923
vn 2.8181287E-07 -0.9097645 0.41512474
v 0.20011047 14.1131735 0.7906248
vn 0.17750466 -0.9083221 0.3787389
v 0.21853046 14.125653 0.8109948
vn 0.4092903 -0.5509556 0.7272753
v 0.33197045 14.112613 0.6347849
vn 0.3194818 -0.9074656 0.2728327
v 0.35124046 14.124824 0.65241486
vn 0.7105633 -0.3620251 0.60335535
v 0.21853045 14.205324 0.8109948
vn 0.61598915 -0.012274223 0.78765905
v 0.35188046 14.205113 0.6560148
vn 0.7575275 -0.035265654 0.65185004
v 4.924018E-07 14.205324 0.86631477
vt 0.32413 0.56172
vn 1.5523126E-07 -9.081935E-09 1
v 0.20431046 14.021294 0.80446476
vt 0.33948004 0.53806
vn 0.5832917 0.02087119 0.8119946
v 0.33736044 14.103034 0.66100484
vt 0.34875 0.54809
vn 0.690411 0.3207954 0.64840037
v 0.33710045 14.020764 0.6607194
vt 0.34875 0.53806
vn 0.71449274 0.0603538 0.6970349
v 0.20431045 14.105214 0.8044647
vt 0.33948004 0.54809
vn 0.41726938 0.50478673 0.7556962
v 0.32163045 14.117503 0.64824486
vt 0.34796 0.54959
vn 0.3920128 0.8461861 0.36096406
v 0.19140047 14.117495 0.7856548
vt 0.33924 0.54959
vn 0.19178362 0.8860933 0.4219688
v 5.0387416E-07 14.105214 0.85475475
vt 0.32413 0.54809
vn -5.444118E-08 0.6805459 0.73270535
v 4.983722E-07 14.117495 0.82979476
vt 0.32413 0.54959
vn -9.739149E-08 0.89727783 0.4414664
v -0.19139948 14.117495 0.78565484
vn -0.19178386 0.8860934 0.4219687
v -0.2043095 14.105214 0.80446476
vn -0.4172695 0.5047867 0.7556961
v -0.3216295 14.117503 0.64824486
vn -0.3920129 0.8461861 0.360964
v -0.3373595 14.103034 0.66100484
vn -0.690411 0.32079533 0.6484003
v -0.20430948 14.021294 0.8044648
vn -0.58329165 0.020871146 0.8119946
v -0.3370995 14.020764 0.6607194
vn -0.7144927 0.06035375 0.6970349
v 5.149964E-07 14.021294 0.85475475
vt 0.32413 0.53806
vn 4.8824752E-08 -2.0378519E-07 1
o Mesh_9
g polygon_0
usemtl Joint_0_Object_9_Material_9
f 1667/1134/1722 1669/1136/1724 1668/1135/1723
f 1670/1137/1725 1667/1134/1722 1668/1135/1723
f 1670/1137/1725 1668/1135/1723 1671/1138/1726
f 1670/1137/1725 1671/1138/1726 1672/1139/1727
f 1673/1140/1728 1670/1137/1725 1672/1139/1727
f 1673/1140/1728 1672/1139/1727 1674/1141/1729
f 1673/1140/1728 1674/1141/1729 1675/1139/1730
f 1676/1137/1731 1673/1140/1728 1675/1139/1730
f 1676/1137/1731 1675/1139/1730 1677/1138/1732
f 1676/1137/1731 1677/1138/1732 1678/1135/1733
f 1679/1134/1734 1676/1137/1731 1678/1135/1733
f 1679/1134/1734 1678/1135/1733 1680/1136/1735
f 1676/1137/1731 1679/1134/1734 1681/1142/1736
f 1673/1140/1728 1676/1137/1731 1681/1142/1736
f 1670/1137/1725 1673/1140/1728 1681/1142/1736
f 1670/1137/1725 1681/1142/1736 1667/1134/1722
f 1682/1143/1737 1684/1145/1739 1683/1144/1738
f 1685/1146/1740 1682/1143/1737 1683/1144/1738
f 1685/1146/1740 1683/1144/1738 1686/1147/1741
f 1685/1146/1740 1686/1147/1741 1687/1148/1742
f 1688/1149/1743 1685/1146/1740 1687/1148/1742
f 1688/1149/1743 1687/1148/1742 1689/1150/1744
f 1688/1149/1743 1689/1150/1744 1690/1148/1745
f 1691/1146/1746 1688/1149/1743 1690/1148/1745
f 1691/1146/1746 1690/1148/1745 1692/1147/1747
f 1691/1146/1746 1692/1147/1747 1693/1144/1748
f 1694/1143/1749 1691/1146/1746 1693/1144/1748
f 1694/1143/1749 1693/1144/1748 1695/1145/1750
f 1691/1146/1746 1694/1143/1749 1696/1151/1751
f 1688/1149/1743 1691/1146/1746 1696/1151/1751
f 1685/1146/1740 1688/1149/1743 1696/1151/1751
f 1685/1146/1740 1696/1151/1751 1682/1143/1737
v 7.104001 12.666532 -0.84994113
vt 0.376799 0.535338
vn 3.7721165E-05 0.9871889 0.15955617
v 7.104001 12.666532 0.15493873
vt 0.48381698 0.535338
vn 5.0790277E-05 1 -1.7687552E-07
v 7.012742 12.594892 0.24620873
vt 0.49288702 0.505168
vn -1 2.6748288E-05 5.9236154E-08
v 7.195241 12.594892 0.24620873
vt 0.49288702 0.565573
vn 1 -2.6746653E-05 -5.9236154E-08
v 7.195241 12.594892 -0.84994113
vt 0.376799 0.565573
vn 0.960913 -2.8090004E-05 0.27685055
v 7.103991 12.523252 -0.84994113
vn -1.5918696E-06 -0.9871887 0.15955721
v 7.103991 12.523252 0.15493873
vn -2.5565714E-06 -1 1.7687265E-07
v 7.012742 12.594892 -0.84994113
vt 0.376799 0.505168
vn -0.96091235 2.8140048E-05 0.27685294
v 6.7428203 12.594892 -1.303541
vt 0.369857 0.555186
vn -0.95751834 1.6648015E-05 0.28837234
v 7.104 12.594891 -4.319601
vt 0.36487997 0.538814
vn 7.94443E-05 1.7380191E-05 -1
v 7.1040006 12.804231 -1.5617511
vt 0.36487997 0.553784
vn 1.1680888E-05 0.9980057 0.06312405
v 7.1039906 12.3855505 -1.5617511
vn -2.5209815E-07 -0.9980056 0.06312549
v 7.4651604 12.594892 -1.303541
vt 0.359905 0.555186
vn 0.9575179 -1.4180438E-05 0.28837398
vt 0.36487997 0.558336
vt 0.36613703 0.558336
vt 0.36362398 0.558336
v 6.806801 12.594892 0.6114087
vt 0.36508703 0.51259
vn 0.9486911 2.7827487E-05 0.3162045
v 6.618381 12.691271 0.6114087
vt 0.36508703 0.510618
vn -0.3116502 0.86278504 -0.39809072
v 7.104001 12.691271 0.12578875
vt 0.358306 0.51717
vn 0.39809322 0.8627853 -0.31164625
v 7.104001 12.594892 0.9085887
vt 0.369237 0.51717
vn 0.31621292 3.567442E-05 -0.94868827
v 7.104001 12.691271 1.0970187
vt 0.371871 0.51717
vn -0.3980902 0.8627838 0.31165424
v 7.4011807 12.594892 0.6114087
vt 0.36508703 0.521751
vn -0.9486824 4.1436448E-05 -0.31623057
v 7.589602 12.691271 0.61140865
vt 0.36508703 0.523721
vn 0.3116548 0.86278135 0.3980949
v 7.104001 12.594892 0.31421876
vt 0.360937 0.51717
vn -0.3162626 3.36348E-05 0.9486717
v 7.103991 12.498502 0.12578878
vn -0.1125327 -0.9345559 -0.33755246
v 6.618381 12.498502 0.61140877
vn -0.3375628 -0.93455344 0.112522066
v 7.1039915 12.498502 1.0970187
vn 0.11250714 -0.9345579 0.33755535
v 7.589602 12.498502 0.6114087
vn 0.33755034 -0.93455917 -0.11251198
o Mesh_10
g polygon_0
usemtl Joint_0_Object_10_Material_10
f 1697/1152/1752 1699/1154/1754 1698/1153/1753
f 1697/1152/1752 1698/1153/1753 1700/1155/1755
f 1701/1156/1756 1697/1152/1752 1700/1155/1755
f 1702/1152/1757 1701/1156/1756 1700/1155/1755
f 1702/1152/1757 1700/1155/1755 1703/1153/1758
f 1702/1152/1757 1703/1153/1758 1699/1154/1754
f 1704/1157/1759 1702/1152/1757 1699/1154/1754
f 1704/1157/1759 1699/1154/1754 1697/1152/1752
f 1705/1158/1760 1707/1160/1762 1706/1159/1761
f 1708/1160/1763 1705/1158/1760 1706/1159/1761
f 1709/1161/1764 1708/1160/1763 1706/1159/1761
f 1709/1161/1764 1706/1159/1761 1707/1160/1762
f 1697/1162/1752 1709/1161/1764 1707/1160/1762
f 1697/1162/1752 1707/1160/1762 1705/1158/1760
f 1704/1163/1759 1697/1162/1752 1705/1158/1760
f 1702/1162/1757 1704/1163/1759 1705/1158/1760
f 1702/1162/1757 1705/1158/1760 1708/1160/1763
f 1702/1162/1757 1708/1160/1763 1709/1161/1764
f 1701/1164/1756 1702/1162/1757 1709/1161/1764
f 1701/1164/1756 1709/1161/1764 1697/1162/1752
f 1710/1165/1765 1712/1167/1767 1711/1166/1766
f 1713/1168/1768 1710/1165/1765 1711/1166/1766
f 1713/1168/1768 1711/1166/1766 1714/1169/1769
f 1715/1170/1770 1713/1168/1768 1714/1169/1769
f 1715/1170/1770 1714/1169/1769 1716/1171/1771
f 1717/1172/1772 1715/1170/1770 1716/1171/1771
f 1717/1172/1772 1716/1171/1771 1712/1167/1767
f 1717/1172/1772 1712/1167/1767 1710/1165/1765
f 1718/1167/1773 1717/1172/1772 1710/1165/1765
f 1719/1166/1774 1718/1167/1773 1710/1165/1765
f 1719/1166/1774 1710/1165/1765 1713/1168/1768
f 1720/1169/1775 1719/1166/1774 1713/1168/1768
f 1720/1169/1775 1713/1168/1768 1715/1170/1770
f 1721/1171/1776 1720/1169/1775 1715/1170/1770
f 1721/1171/1776 1715/1170/1770 1717/1172/1772
f 1721/1171/1776 1717/1172/1772 1718/1167/1773
f 1712/1167/1767 1721/1171/1776 1718/1167/1773
f 1711/1166/1766 1712/1167/1767 1718/1167/1773
f 1711/1166/1766 1718/1167/1773 1719/1166/1774
f 1714/1169/1769 1711/1166/1766 1719/1166/1774
f 1714/1169/1769 1719/1166/1774 1720/1169/1775
f 1716/1171/1771 1714/1169/1769 1720/1169/1775
f 1716/1171/1771 1720/1169/1775 1721/1171/1776
f 1712/1167/1767 1716/1171/1771 1721/1171/1776
v 7.104001 12.708251 0.15493873
vn 1 0 0
v 7.104001 12.708251 -0.84994113
v 6.949942 12.594892 0.31105882
v 7.258041 12.594892 0.31105882
v 7.258041 12.594892 -0.8499411
v 7.1039906 12.481531 -0.84994113
v 7.103991 12.481531 0.15493876
v 6.949942 12.594892 -0.8499411
v 6.6782002 12.594892 -1.303541
v 7.1039906 12.338051 -1.5617511
v 7.5297804 12.594891 -1.303541
v 7.1040006 12.85173 -1.5617511
v 7.104 12.594891 -4.6648607
v 7.104001 12.747391 0.080926746
v 7.646916 12.747391 0.61140865
v 7.646916 12.44237 0.6114087
v 7.104001 12.594892 0.36674875
v 7.346221 12.594892 0.6114087
v 7.103991 12.44237 1.1659896
v 7.104001 12.747391 1.1659896
v 7.104001 12.594892 0.8560588
v 6.578918 12.44237 0.61140877
v 6.578918 12.747391 0.6114087
v 6.861761 12.594892 0.61140877
v 7.103991 12.44237 0.080926806
o Mesh_11
g polygon_0
usemtl Joint_0_Object_11_Material_11
f 1722//1777 1724//1777 1723//1777
f 1725//1777 1722//1777 1723//1777
f 1725//1777 1723//1777 1726//1777
f 1725//1777 1726//1777 1727//1777
f 1728//1777 1725//1777 1727//1777
f 1724//1777 1728//1777 1727//1777
f 1724//1777 1727//1777 1729//1777
f 1723//1777 1724//1777 1729//1777
f 1730//1777 1723//1777 1729//1777
f 1730//1777 1729//1777 1727//1777
f 1731//1777 1730//1777 1727//1777
f 1732//1777 1731//1777 1727//1777
f 1732//1777 1727//1777 1726//1777
f 1732//1777 1726//1777 1723//1777
f 1733//1777 1732//1777 1723//1777
f 1733//1777 1723//1777 1730//1777
f 1734//1777 1733//1777 1730//1777
f 1734//1777 1730//1777 1731//1777
f 1734//1777 1731//1777 1732//1777
f 1733//1777 1734//1777 1732//1777
f 1735//1777 1737//1777 1736//1777
f 1738//1777 1735//1777 1736//1777
f 1738//1777 1736//1777 1739//1777
f 1737//1777 1738//1777 1739//1777
f 1737//1777 1739//1777 1740//1777
f 1736//1777 1737//1777 1740//1777
f 1736//1777 1740//1777 1741//1777
f 1739//1777 1736//1777 1741//1777
f 1739//1777 1741//1777 1742//1777
f 1740//1777 1739//1777 1742//1777
f 1740//1777 1742//1777 1743//1777
f 1741//1777 1740//1777 1743//1777
f 1741//1777 1743//1777 1744//1777
f 1742//1777 1741//1777 1744//1777
f 1742//1777 1744//1777 1745//1777
f 1743//1777 1742//1777 1745//1777
f 1743//1777 1745//1777 1746//1777
f 1744//1777 1743//1777 1746//1777
f 1735//1777 1744//1777 1746//1777
f 1737//1777 1735//1777 1746//1777
f 1738//1777 1737//1777 1746//1777
f 1738//1777 1746//1777 1745//1777
f 1735//1777 1738//1777 1745//1777
f 1735//1777 1745//1777 1744//1777
v 3.94396E-07 13.620151 -1.0489928
v 8.2668066E-07 13.620151 0.5489098
v -1.3947592 13.394632 0.39358997
v 1.4146506 13.394632 0.39358965
v 1.4647323 11.581161 1.0643097
v -1.4699497 11.581161 1.0643101
v -1.3947594 13.394632 -0.8807226
v -1.4699502 11.581161 -1.0489924
v -1.3027829 10.34616 1.0643102
v 1.2902416 10.34616 1.06431
v 1.4647318 11.581161 -1.0489928
v 1.4146503 13.394632 -0.8807228
v -1.3027834 10.34616 -0.8561832
v -1.3144146 9.14836 1.0643102
v 1.3017617 9.14836 1.0643101
v 1.2902411 10.34616 -0.85618347
v -1.3144152 9.14836 -0.79870903
v -1.5700434 7.5384007 0.74940044
v 1.78697E-06 7.1581516 0.92375016
v 1.5700468 7.5384007 0.74940014
v 1.3017612 9.14836 -0.79870933
v 1.2762971E-06 7.1581516 -0.93926907
v -1.5700438 7.5384007 -0.62436867
v 1.5700464 7.538401 -0.62436897
v 4.146328 13.186847 -0.67300445
v 1.7576507 13.300217 -0.789934
v 1.7576506 12.170547 -0.7899338
v 1.757651 13.300217 0.39692545
v 1.0207307 12.751747 -0.20530444
v 1.7576509 12.170547 0.39692563
v 4.146328 13.186847 0.27999526
v 4.146328 12.283917 0.27999544
v 4.1463275 12.283917 -0.67300427
v 4.4382005 13.186846 0.2799952
v 3.8101637 12.749136 -0.20530464
v 4.4382005 13.186846 -0.67300445
v 4.4382005 12.283916 0.27999538
v 4.4382005 12.283916 -0.67300427
v 6.194521 13.031506 -0.60271484
v 6.194521 13.031507 0.20970516
v 6.194521 12.446606 0.20970528
v 6.194521 12.446605 -0.6027147
v 6.412701 12.474826 0.2799952
v 5.9689507 12.801266 -0.20530477
v 6.412701 13.015586 0.27999514
v 6.412701 12.474826 -0.67300445
v 6.412701 13.015586 -0.6730045
v 8.032511 12.927726 -0.51464486
v 8.032511 12.637495 -0.51464486
v 8.032511 12.637496 0.121625125
v 8.032511 12.927727 0.121625066
v -4.146326 13.186849 -0.67300344
v -1.7576492 12.1705475 -0.7899335
v -1.7576493 13.300218 -0.78993356
v -4.1463256 12.283919 -0.6730034
v -4.146325 12.283919 0.27999628
v -1.7576488 12.1705475 0.39692593
v -1.0207293 12.751748 -0.20530424
v -1.757649 13.300218 0.39692587
v -4.1463256 13.186849 0.27999628
v -4.438198 13.186848 0.27999628
v -4.438198 13.186848 -0.67300344
v -3.8101618 12.749138 -0.20530376
v -6.1945186 13.0315075 -0.6027134
v -4.438198 12.283918 -0.6730033
v -4.438198 12.283918 0.27999634
v -6.194518 13.0315075 0.20970659
v -6.194518 12.446608 0.20970665
v -6.1945186 12.446608 -0.60271335
v -1.5003481 4.6380005 0.7560018
v -1.5003482 4.6380005 -0.724978
v -1.64453 6.85186 -0.8957288
v -6.412698 12.474827 0.2799967
v -6.412698 13.015587 0.27999663
v -5.9689474 12.801267 -0.20530343
v -8.032507 12.927728 0.1216269
v -8.032507 12.637497 0.12162693
v -8.032507 12.927728 -0.5146431
v -6.412698 13.015587 -0.6730031
v -6.412698 12.474827 -0.6730031
v -8.032507 12.637497 -0.514643
v 1.4204301 0.04300213 0.53973275
v 1.2656288 1.1475718 0.39877248
v 1.2656288 1.1475717 -0.5502375
v 1.2373472 0.45636243 1.9132822
v 0.5065465 1.1475718 0.39877236
v 0.90640223 1.6210018 -0.09242578
v 0.5065465 1.1475716 -0.5502376
v 0.32289588 0.04300189 0.53973264
v 0.5400969 0.45636225 1.913282
v 0.540097 0.043002293 1.9132822
v 1.2373474 0.043002486 1.9132822
v 0.32289582 0.04300165 -0.70485723
v 1.42043 0.04300177 -0.7048571
v 0.24667847 4.638001 0.7560016
v 0.24667841 4.6380005 -0.7249782
v 0.091293156 6.85186 -0.895729
v 1.5003519 4.638001 0.7560017
v 1.5003519 4.6380005 -0.7249781
v 1.6445332 6.8518605 -0.8957288
v 0.9064014 7.6195507 0.0015506437
v 0.091293156 6.8342505 0.9024108
v 1.6445332 6.8342505 0.902411
v 1.4661487 4.429002 0.7118618
v 1.2780228 1.4137921 0.4166243
v 0.44618267 1.4137921 0.41662422
v 1.4661486 4.4290013 -0.67350805
v 0.90640175 5.0506225 0.0015514626
v 0.28357428 4.4290013 0.71186167
v 0.28357422 4.4290013 -0.67350817
v 0.44618264 1.436702 -0.5327557
v 1.2780228 1.436702 -0.5327555
v -1.420425 0.043001413 0.5397328
v -1.265624 1.147571 -0.5502374
v -1.265624 1.1475712 0.3987725
v -1.420425 0.043001056 -0.704857
v -0.32289082 0.043001175 -0.7048569
v -0.5065417 1.1475711 -0.5502373
v -0.90639764 1.6210012 -0.0924256
v -0.5065417 1.1475713 0.39877263
v -0.32289082 0.043001413 0.53973293
v -1.2373422 0.043001696 1.9132824
v -1.2373424 0.45636165 1.9132822
v -0.540092 0.45636183 1.9132823
v -0.5400919 0.04300189 1.9132824
v -0.2466746 4.638001 0.7560019
v -0.09128994 6.85186 -0.89572865
v -0.24667466 4.6380005 -0.7249779
v -0.09128988 6.8342505 0.9024112
v -1.64453 6.8342505 0.902411
v -0.9063984 7.6195507 0.0015508258
v -1.4661448 4.429001 0.71186185
v -0.44617808 1.4137912 0.41662452
v -1.2780181 1.4137912 0.4166244
v -0.28357047 4.429001 0.71186197
v -0.90639806 5.050622 0.0015516446
v -0.28357047 4.429001 -0.67350787
v -0.44617808 1.4367013 -0.53275526
v -1.2780181 1.436701 -0.53275543
v -1.4661448 4.429001 -0.673508
v 0.740622 14.263422 0.47835964
v 0.87751347 16.312891 0.4783594
v 0.8775132 16.312891 -0.7679505
v 4.889728E-07 16.615263 0.78942955
v 1.157332E-10 16.615263 -1.0790203
v 0.7406216 14.263422 -0.76795024
v 3.797545E-07 13.778599 -1.07902
v -0.7406209 14.263422 -0.76795006
v -0.87751293 16.312891 -0.7679502
v -0.74062055 14.263422 0.47835982
v 8.686111E-07 13.778599 0.7894297
v -0.87751263 16.312891 0.4783597
o Mesh_12
g polygon_0
usemtl Joint_0_Object_12_Material_12
f 1747//1777 1749//1777 1748//1777
f 1750//1777 1747//1777 1748//1777
f 1751//1777 1750//1777 1748//1777
f 1752//1777 1751//1777 1748//1777
f 1752//1777 1748//1777 1749//1777
f 1753//1777 1752//1777 1749//1777
f 1753//1777 1749//1777 1747//1777
f 1753//1777 1747//1777 1754//1777
f 1752//1777 1753//1777 1754//1777
f 1752//1777 1754//1777 1755//1777
f 1751//1777 1752//1777 1755//1777
f 1751//1777 1755//1777 1756//1777
f 1751//1777 1756//1777 1757//1777
f 1751//1777 1757//1777 1758//1777
f 1750//1777 1751//1777 1758//1777
f 1747//1777 1750//1777 1758//1777
f 1747//1777 1758//1777 1757//1777
f 1754//1777 1747//1777 1757//1777
f 1754//1777 1757//1777 1759//1777
f 1755//1777 1754//1777 1759//1777
f 1755//1777 1759//1777 1760//1777
f 1756//1777 1755//1777 1760//1777
f 1756//1777 1760//1777 1761//1777
f 1756//1777 1761//1777 1762//1777
f 1757//1777 1756//1777 1762//1777
f 1759//1777 1757//1777 1762//1777
f 1759//1777 1762//1777 1763//1777
f 1760//1777 1759//1777 1763//1777
f 1760//1777 1763//1777 1764//1777
f 1760//1777 1764//1777 1765//1777
f 1761//1777 1760//1777 1765//1777
f 1761//1777 1765//1777 1766//1777
f 1761//1777 1766//1777 1767//1777
f 1762//1777 1761//1777 1767//1777
f 1763//1777 1762//1777 1767//1777
f 1763//1777 1767//1777 1768//1777
f 1763//1777 1768//1777 1769//1777
f 1764//1777 1763//1777 1769//1777
f 1764//1777 1769//1777 1768//1777
f 1765//1777 1764//1777 1768//1777
f 1766//1777 1765//1777 1768//1777
f 1766//1777 1768//1777 1770//1777
f 1767//1777 1766//1777 1770//1777
f 1767//1777 1770//1777 1768//1777
f 1771//1777 1773//1777 1772//1777
f 1774//1777 1771//1777 1772//1777
f 1775//1777 1774//1777 1772//1777
f 1775//1777 1772//1777 1773//1777
f 1775//1777 1773//1777 1776//1777
f 1774//1777 1775//1777 1776//1777
f 1774//1777 1776//1777 1777//1777
f 1771//1777 1774//1777 1777//1777
f 1778//1777 1771//1777 1777//1777
f 1778//1777 1777//1777 1776//1777
f 1779//1777 1778//1777 1776//1777
f 1779//1777 1776//1777 1773//1777
f 1779//1777 1773//1777 1771//1777
f 1778//1777 1779//1777 1771//1777
f 1780//1777 1782//1777 1781//1777
f 1783//1777 1780//1777 1781//1777
f 1784//1777 1783//1777 1781//1777
f 1784//1777 1781//1777 1782//1777
f 1785//1777 1784//1777 1782//1777
f 1785//1777 1782//1777 1780//1777
f 1786//1777 1785//1777 1780//1777
f 1786//1777 1780//1777 1783//1777
f 1786//1777 1783//1777 1787//1777
f 1785//1777 1786//1777 1787//1777
f 1785//1777 1787//1777 1788//1777
f 1784//1777 1785//1777 1788//1777
f 1783//1777 1784//1777 1788//1777
f 1783//1777 1788//1777 1787//1777
f 1789//1777 1791//1777 1790//1777
f 1792//1777 1789//1777 1790//1777
f 1793//1777 1792//1777 1790//1777
f 1793//1777 1790//1777 1791//1777
f 1793//1777 1791//1777 1794//1777
f 1792//1777 1793//1777 1794//1777
f 1792//1777 1794//1777 1795//1777
f 1789//1777 1792//1777 1795//1777
f 1796//1777 1789//1777 1795//1777
f 1796//1777 1795//1777 1794//1777
f 1797//1777 1796//1777 1794//1777
f 1797//1777 1794//1777 1791//1777
f 1797//1777 1791//1777 1789//1777
f 1796//1777 1797//1777 1789//1777
f 1798//1777 1800//1777 1799//1777
f 1798//1777 1799//1777 1801//1777
f 1802//1777 1798//1777 1801//1777
f 1803//1777 1802//1777 1801//1777
f 1803//1777 1801//1777 1799//1777
f 1804//1777 1803//1777 1799//1777
f 1804//1777 1799//1777 1800//1777
f 1805//1777 1804//1777 1800//1777
f 1805//1777 1800//1777 1798//1777
f 1806//1777 1805//1777 1798//1777
f 1806//1777 1798//1777 1802//1777
f 1806//1777 1802//1777 1803//1777
f 1805//1777 1806//1777 1803//1777
f 1805//1777 1803//1777 1804//1777
f 1807//1777 1809//1777 1808//1777
f 1810//1777 1807//1777 1808//1777
f 1811//1777 1810//1777 1808//1777
f 1811//1777 1808//1777 1809//1777
f 1812//1777 1811//1777 1809//1777
f 1812//1777 1809//1777 1807//1777
f 1813//1777 1812//1777 1807//1777
f 1813//1777 1807//1777 1810//1777
f 1813//1777 1810//1777 1814//1777
f 1812//1777 1813//1777 1814//1777
f 1812//1777 1814//1777 1815//1777
f 1811//1777 1812//1777 1815//1777
f 1810//1777 1811//1777 1815//1777
f 1810//1777 1815//1777 1814//1777
f 1816//1777 1818//1777 1817//1777
f 1819//1777 1821//1777 1820//1777
f 1819//1777 1820//1777 1822//1777
f 1823//1777 1819//1777 1822//1777
f 1824//1777 1823//1777 1822//1777
f 1824//1777 1822//1777 1820//1777
f 1825//1777 1824//1777 1820//1777
f 1825//1777 1820//1777 1821//1777
f 1826//1777 1825//1777 1821//1777
f 1826//1777 1821//1777 1819//1777
f 1827//1777 1826//1777 1819//1777
f 1827//1777 1819//1777 1823//1777
f 1827//1777 1823//1777 1824//1777
f 1826//1777 1827//1777 1824//1777
f 1826//1777 1824//1777 1825//1777
f 1828//1777 1830//1777 1829//1777
f 1831//1777 1828//1777 1829//1777
f 1832//1777 1831//1777 1829//1777
f 1833//1777 1832//1777 1829//1777
f 1833//1777 1829//1777 1830//1777
f 1833//1777 1830//1777 1834//1777
f 1832//1777 1833//1777 1834//1777
f 1832//1777 1834//1777 1835//1777
f 1832//1777 1835//1777 1836//1777
f 1831//1777 1832//1777 1836//1777
f 1837//1777 1831//1777 1836//1777
f 1837//1777 1836//1777 1835//1777
f 1837//1777 1835//1777 1838//1777
f 1831//1777 1837//1777 1838//1777
f 1828//1777 1831//1777 1838//1777
f 1828//1777 1838//1777 1835//1777
f 1839//1777 1828//1777 1835//1777
f 1839//1777 1835//1777 1834//1777
f 1839//1777 1834//1777 1830//1777
f 1840//1777 1839//1777 1830//1777
f 1840//1777 1830//1777 1828//1777
f 1839//1777 1840//1777 1828//1777
f 1841//1777 1843//1777 1842//1777
f 1844//1777 1841//1777 1842//1777
f 1844//1777 1842//1777 1845//1777
f 1846//1777 1844//1777 1845//1777
f 1846//1777 1845//1777 1842//1777
f 1846//1777 1842//1777 1843//1777
f 1847//1777 1846//1777 1843//1777
f 1848//1777 1847//1777 1843//1777
f 1848//1777 1843//1777 1841//1777
f 1849//1777 1848//1777 1841//1777
f 1849//1777 1841//1777 1844//1777
f 1849//1777 1844//1777 1846//1777
f 1849//1777 1846//1777 1847//1777
f 1848//1777 1849//1777 1847//1777
f 1850//1777 1852//1777 1851//1777
f 1850//1777 1851//1777 1853//1777
f 1850//1777 1853//1777 1854//1777
f 1850//1777 1854//1777 1855//1777
f 1852//1777 1850//1777 1855//1777
f 1856//1777 1852//1777 1855//1777
f 1856//1777 1855//1777 1854//1777
f 1856//1777 1854//1777 1853//1777
f 1856//1777 1853//1777 1857//1777
f 1852//1777 1856//1777 1857//1777
f 1851//1777 1852//1777 1857//1777
f 1851//1777 1857//1777 1858//1777
f 1853//1777 1851//1777 1858//1777
f 1853//1777 1858//1777 1857//1777
f 1859//1777 1861//1777 1860//1777
f 1859//1777 1860//1777 1862//1777
f 1863//1777 1859//1777 1862//1777
f 1863//1777 1862//1777 1860//1777
f 1864//1777 1863//1777 1860//1777
f 1865//1777 1864//1777 1860//1777
f 1865//1777 1860//1777 1861//1777
f 1865//1777 1861//1777 1866//1777
f 1864//1777 1865//1777 1866//1777
f 1864//1777 1866//1777 1867//1777
f 1863//1777 1864//1777 1867//1777
f 1859//1777 1863//1777 1867//1777
f 1859//1777 1867//1777 1868//1777
f 1859//1777 1868//1777 1869//1777
f 1861//1777 1859//1777 1869//1777
f 1866//1777 1861//1777 1869//1777
f 1866//1777 1869//1777 1870//1777
f 1867//1777 1866//1777 1870//1777
f 1867//1777 1870//1777 1871//1777
f 1868//1777 1867//1777 1871//1777
f 1869//1777 1868//1777 1871//1777
f 1869//1777 1871//1777 1870//1777
f 1872//1777 1874//1777 1873//1777
f 1872//1777 1873//1777 1875//1777
f 1876//1777 1872//1777 1875//1777
f 1877//1777 1876//1777 1875//1777
f 1877//1777 1875//1777 1873//1777
f 1818//1777 1877//1777 1873//1777
f 1818//1777 1873//1777 1874//1777
f 1817//1777 1818//1777 1874//1777
f 1816//1777 1817//1777 1874//1777
f 1816//1777 1874//1777 1872//1777
f 1816//1777 1872//1777 1876//1777
f 1818//1777 1816//1777 1876//1777
f 1818//1777 1876//1777 1877//1777
f 1878//1777 1880//1777 1879//1777
f 1878//1777 1879//1777 1881//1777
f 1882//1777 1878//1777 1881//1777
f 1883//1777 1882//1777 1881//1777
f 1883//1777 1881//1777 1879//1777
f 1884//1777 1883//1777 1879//1777
f 1884//1777 1879//1777 1880//1777
f 1885//1777 1884//1777 1880//1777
f 1885//1777 1880//1777 1886//1777
f 1884//1777 1885//1777 1886//1777
f 1883//1777 1884//1777 1886//1777
f 1882//1777 1883//1777 1886//1777
f 1878//1777 1882//1777 1886//1777
f 1878//1777 1886//1777 1880//1777
f 1887//1777 1889//1777 1888//1777
f 1890//1777 1887//1777 1888//1777
f 1891//1777 1890//1777 1888//1777
f 1891//1777 1888//1777 1889//1777
f 1892//1777 1891//1777 1889//1777
f 1892//1777 1889//1777 1887//1777
f 1892//1777 1887//1777 1893//1777
f 1891//1777 1892//1777 1893//1777
f 1891//1777 1893//1777 1894//1777
f 1895//1777 1891//1777 1894//1777
f 1896//1777 1895//1777 1894//1777
f 1896//1777 1894//1777 1893//1777
f 1897//1777 1896//1777 1893//1777
f 1897//1777 1893//1777 1887//1777
f 1897//1777 1887//1777 1890//1777
f 1896//1777 1897//1777 1890//1777
f 1896//1777 1890//1777 1898//1777
f 1895//1777 1896//1777 1898//1777
f 1891//1777 1895//1777 1898//1777
f 1891//1777 1898//1777 1890//1777
v -7.1039877 12.5232525 -0.8499395
vn 1.8873687E-06 -0.9871887 0.15955716
v -7.1952376 12.5948925 0.24621032
vn -1 -2.6782598E-05 1.6601345E-07
v -7.1039877 12.5232525 0.15494029
vn 2.7713293E-06 -1 8.7465274E-08
v -7.1952376 12.5948925 -0.8499395
vn -0.96091294 -2.8149298E-05 0.27685082
v -7.1039977 12.6665325 -0.8499396
vn -3.7849673E-05 0.9871888 0.15955627
v -7.103997 12.6665325 0.15494029
vn -5.1005038E-05 1 -8.745727E-08
v -7.0127387 12.5948925 0.24621029
vn 1 2.6784233E-05 -1.6601345E-07
v -7.0127387 12.5948925 -0.8499395
vn 0.9609124 2.814983E-05 0.27685276
v -6.742818 12.5948925 -1.3035395
vn 0.9575184 1.6581125E-05 0.28837216
v -7.103999 12.5948925 -4.319599
vn -7.996756E-05 1.7236687E-05 -1
v -7.103988 12.385551 -1.5617495
vn 4.9945976E-07 -0.9980056 0.063125424
v -7.103998 12.804232 -1.5617496
vn -1.1862184E-05 0.9980057 0.063124135
v -7.4651575 12.5948925 -1.3035394
vn -0.9575178 -1.42783965E-05 0.28837425
v -6.6183777 12.691272 0.6114102
vn 0.31164983 0.8627851 -0.39809075
v -7.1039977 12.691272 0.12579034
vn -0.39809355 0.8627852 -0.3116461
v -7.1039877 12.498503 0.12579034
vn 0.11253273 -0.9345559 -0.33755264
v -6.806797 12.5948925 0.61141026
vn -0.948691 2.783334E-05 0.3162048
v -7.103997 12.5948925 0.31422037
vn 0.31626302 3.360681E-05 0.9486716
v -6.618377 12.498503 0.61141026
vn 0.33756307 -0.9345534 0.11252194
v -7.103997 12.691272 1.0970203
vn 0.3980902 0.86278373 0.3116543
v -7.103997 12.5948925 0.9085904
vn -0.31621334 3.5725123E-05 -0.94868815
v -7.103987 12.498503 1.0970203
vn -0.11250678 -0.93455803 0.33755538
v -7.589598 12.691272 0.6114104
vn -0.31165478 0.8627813 0.3980951
v -7.401177 12.5948925 0.6114103
vn 0.9486823 4.1544303E-05 -0.31623086
v -7.589598 12.498503 0.6114104
vn -0.33755016 -0.9345592 -0.112512
o Mesh_13
g polygon_0
usemtl Joint_0_Object_13_Material_13
f 1899/1152/1778 1901/1153/1780 1900/1155/1779
f 1902/1156/1781 1899/1152/1778 1900/1155/1779
f 1903/1152/1782 1902/1156/1781 1900/1155/1779
f 1903/1152/1782 1900/1155/1779 1904/1153/1783
f 1903/1152/1782 1904/1153/1783 1905/1154/1784
f 1906/1157/1785 1903/1152/1782 1905/1154/1784
f 1899/1152/1778 1906/1157/1785 1905/1154/1784
f 1899/1152/1778 1905/1154/1784 1901/1153/1780
f 1907/1158/1786 1909/1160/1788 1908/1159/1787
f 1910/1160/1789 1907/1158/1786 1908/1159/1787
f 1911/1161/1790 1910/1160/1789 1908/1159/1787
f 1911/1161/1790 1908/1159/1787 1909/1160/1788
f 1899/1162/1778 1911/1161/1790 1909/1160/1788
f 1899/1162/1778 1909/1160/1788 1907/1158/1786
f 1906/1163/1785 1899/1162/1778 1907/1158/1786
f 1903/1162/1782 1906/1163/1785 1907/1158/1786
f 1903/1162/1782 1907/1158/1786 1910/1160/1789
f 1903/1162/1782 1910/1160/1789 1911/1161/1790
f 1902/1164/1781 1903/1162/1782 1911/1161/1790
f 1902/1164/1781 1911/1161/1790 1899/1162/1778
f 1912/1166/1791 1914/1167/1793 1913/1167/1792
f 1915/1165/1794 1912/1166/1791 1913/1167/1792
f 1915/1165/1794 1913/1167/1792 1916/1172/1795
f 1915/1165/1794 1916/1172/1795 1914/1167/1793
f 1917/1166/1796 1915/1165/1794 1914/1167/1793
f 1917/1166/1796 1914/1167/1793 1912/1166/1791
f 1918/1169/1797 1917/1166/1796 1912/1166/1791
f 1919/1168/1798 1918/1169/1797 1912/1166/1791
f 1919/1168/1798 1912/1166/1791 1915/1165/1794
f 1919/1168/1798 1915/1165/1794 1917/1166/1796
f 1920/1169/1799 1919/1168/1798 1917/1166/1796
f 1920/1169/1799 1917/1166/1796 1918/1169/1797
f 1921/1171/1800 1920/1169/1799 1918/1169/1797
f 1922/1170/1801 1921/1171/1800 1918/1169/1797
f 1922/1170/1801 1918/1169/1797 1919/1168/1798
f 1922/1170/1801 1919/1168/1798 1920/1169/1799
f 1923/1171/1802 1922/1170/1801 1920/1169/1799
f 1923/1171/1802 1920/1169/1799 1921/1171/1800
f 1913/1167/1792 1923/1171/1802 1921/1171/1800
f 1916/1172/1795 1913/1167/1792 1921/1171/1800
f 1916/1172/1795 1921/1171/1800 1922/1170/1801
f 1916/1172/1795 1922/1170/1801 1923/1171/1802
f 1914/1167/1793 1916/1172/1795 1923/1171/1802
f 1914/1167/1793 1923/1171/1802 1913/1167/1792
v -7.1039877 12.481532 -0.8499395
v -7.1039877 12.481532 0.15494032
v -7.2580376 12.5948925 0.31106037
v -6.949939 12.5948925 0.3110603
v -6.949939 12.5948925 -0.8499396
v -7.1039977 12.708252 -0.8499396
v -7.103997 12.708252 0.15494029
v -7.2580376 12.5948925 -0.8499395
v -7.5297775 12.5948925 -1.3035395
v -7.103998 12.851731 -1.5617496
v -6.678198 12.5948925 -1.3035395
v -7.103988 12.338052 -1.5617495
v -7.103999 12.5948925 -4.664859
v -7.646912 12.442371 0.61141044
v -7.1039977 12.747392 0.08092831
v -7.1039877 12.442371 0.08092834
v -7.646912 12.747392 0.6114104
v -7.103987 12.442371 1.1659913
v -7.103997 12.747392 1.1659912
v -6.578914 12.442371 0.61141026
v -6.5789146 12.747392 0.6114102
v -6.8617573 12.5948925 0.6114103
v -7.103997 12.5948925 0.36675036
v -7.346217 12.5948925 0.6114104
v -7.103997 12.5948925 0.8560603
o Mesh_14
g polygon_0
usemtl Joint_0_Object_14_Material_14
f 1924//1777 1926//1777 1925//1777
f 1924//1777 1925//1777 1927//1777
f 1928//1777 1924//1777 1927//1777
f 1929//1777 1928//1777 1927//1777
f 1929//1777 1927//1777 1930//1777
f 1929//1777 1930//1777 1926//1777
f 1931//1777 1929//1777 1926//1777
f 1931//1777 1926//1777 1924//1777
f 1931//1777 1924//1777 1932//1777
f 1929//1777 1931//1777 1932//1777
f 1929//1777 1932//1777 1933//1777
f 1929//1777 1933//1777 1934//1777
f 1928//1777 1929//1777 1934//1777
f 1924//1777 1928//1777 1934//1777
f 1924//1777 1934//1777 1935//1777
f 1932//1777 1924//1777 1935//1777
f 1932//1777 1935//1777 1936//1777
f 1933//1777 1932//1777 1936//1777
f 1934//1777 1933//1777 1936//1777
f 1934//1777 1936//1777 1935//1777
f 1937//1777 1939//1777 1938//1777
f 1937//1777 1938//1777 1940//1777
f 1941//1777 1937//1777 1940//1777
f 1941//1777 1940//1777 1942//1777
f 1943//1777 1941//1777 1942//1777
f 1943//1777 1942//1777 1944//1777
f 1939//1777 1943//1777 1944//1777
f 1938//1777 1939//1777 1944//1777
f 1938//1777 1944//1777 1945//1777
f 1938//1777 1945//1777 1946//1777
f 1940//1777 1938//1777 1946//1777
f 1940//1777 1946//1777 1947//1777
f 1942//1777 1940//1777 1947//1777
f 1942//1777 1947//1777 1948//1777
f 1944//1777 1942//1777 1948//1777
f 1945//1777 1944//1777 1948//1777
f 1945//1777 1948//1777 1943//1777
f 1945//1777 1943//1777 1939//1777
f 1946//1777 1945//1777 1939//1777
f 1946//1777 1939//1777 1937//1777
f 1947//1777 1946//1777 1937//1777
f 1947//1777 1937//1777 1941//1777
f 1948//1777 1947//1777 1941//1777
f 1948//1777 1941//1777 1943//1777
v 7.986961 12.680668 -0.40059578
v 8.106972 12.712667 -0.38469577
v 8.106972 12.712667 -0.28439578
v 7.167592 12.673669 0.20233417
v 7.4858637 12.686619 0.04412408
v 7.4858637 12.686619 0.1876741
v 7.167592 12.673669 0.024564117
v 7.219321 12.829078 0.0013340786
v 7.5146008 12.804077 -0.0030059367
v 7.4858637 12.910988 0.043044038
v 7.265602 12.936988 0.028344043
v 7.265602 12.936988 0.19811408
v 7.4858637 12.910988 0.18640406
v 7.219321 12.829078 0.2438041
v 7.5146008 12.804077 0.22991413
v 6.872461 12.688409 0.2749042
v 6.889171 12.941689 0.1954341
v 6.6667113 12.795858 0.26963407
v 6.4483604 12.96505 0.049753547
v 6.4516006 12.819797 0.21559471
v 6.6818514 12.697518 0.46818405
v 6.4516006 12.510594 0.21787772
v 6.6818514 12.480819 0.46818408
v 6.6667113 12.422738 0.26963413
v 6.532171 12.433779 0.09082419
v 6.738852 12.459199 0.17493415
v 6.8172317 12.420539 0.4309741
v 6.806021 12.47384 0.55927396
v 6.806021 12.659869 0.55927396
v 6.8182616 12.705798 0.42993405
v 6.8591614 12.6844 0.30550408
v 6.8591614 12.463058 0.3055041
v 6.9356103 12.46552 0.376674
v 6.9356103 12.663968 0.37667394
v 7.0428624 12.637999 0.47942394
v 7.0428624 12.46626 0.479424
v 7.0187216 12.423159 0.583714
v 6.9024825 12.473009 0.64582396
v 6.9024825 12.638861 0.64582396
v 7.0183425 12.6544695 0.598844
v 6.912621 12.975088 0.03909406
v 6.4516006 13.026046 -0.21973442
v 6.920631 13.013199 -0.2300458
v 6.907961 12.945688 -0.5853257
v 6.4516006 12.955759 -0.46224183
v 6.898431 12.762059 -0.65910566
v 6.4516006 12.7555485 -0.5301298
v 6.50033 12.588328 -0.5501457
v 6.904661 12.656569 -0.63087565
v 7.137601 12.652669 -0.6378257
v 7.137601 12.652669 -0.4806857
v 6.9232807 12.66609 -0.46391568
v 7.158601 12.700668 -0.4287157
v 7.187601 12.766288 -0.47197577
v 7.482447 12.691969 -0.42135575
v 7.5146008 12.804077 -0.46781576
v 7.482447 12.900988 -0.42160577
v 7.265602 12.936988 -0.42525578
v 7.482447 12.900988 -0.2721058
v 7.265602 12.936988 -0.2674258
v 7.219321 12.829078 -0.2300458
v 7.5146008 12.804077 -0.2210758
v 7.5432057 12.892708 -0.27459583
v 7.5432057 12.892708 -0.42125577
v 7.80527 12.880987 -0.41126582
v 7.80527 12.880987 -0.27883583
v 7.827591 12.806078 -0.23450582
v 7.8516765 12.876258 -0.2788858
v 7.8516765 12.876258 -0.40713578
v 7.827591 12.806078 -0.45299578
v 7.80527 12.681348 -0.4084558
v 7.5432057 12.687438 -0.41984576
v 7.5432057 12.689438 -0.27210578
v 7.482447 12.694017 -0.27069575
v 7.158601 12.700668 -0.26339576
v 6.939511 12.675428 -0.23004575
v 6.580441 12.571508 -0.22945571
v 6.565732 12.531479 -0.40005565
v 6.2680006 12.493691 -0.22097147
v 6.569071 12.494799 -0.12636569
v 6.930431 12.632699 0.05462411
v 7.167592 12.71256 -0.04137586
v 7.167592 12.71256 -0.19611576
v 7.80527 12.681348 -0.2746058
v 7.8516765 12.679668 -0.27289575
v 7.974591 12.680668 -0.2746558
v 7.8516765 12.679668 -0.40811577
v 8.141971 12.809078 -0.2476958
v 8.141971 12.809078 -0.4178058
v 8.107541 12.8699875 -0.28563583
v 8.107541 12.8699875 -0.3858758
v 8.175961 12.7386675 -0.0618559
v 8.070971 12.704668 -0.05601591
v 8.175961 12.7386675 -0.16749583
v 8.213971 12.828077 -0.032445952
v 8.213971 12.828077 -0.19491583
v 8.058601 12.704668 -0.17287582
v 7.9386916 12.706779 -0.051995896
v 7.9386916 12.706779 -0.17853582
v 7.915601 12.828077 -0.21874583
v 8.175961 12.898988 -0.16749586
v 8.175961 12.898988 -0.061855927
v 7.915601 12.828077 -0.010655962
v 7.892625 12.709667 -0.051995892
v 7.892625 12.709667 -0.1819058
v 7.590601 12.828077 -0.2321058
v 7.892625 12.915438 -0.17922583
v 7.9386916 12.914259 -0.17819583
v 7.9386916 12.914259 -0.053575933
v 7.892625 12.915438 -0.05213592
v 7.621777 12.924707 -0.04466591
v 7.621777 12.924707 -0.1896058
v 7.561374 12.932987 -0.18812582
v 7.561374 12.932987 -0.04466591
v 7.590601 12.828077 0.0040940493
v 7.621777 12.717668 -0.04680588
v 7.621777 12.717668 -0.18866578
v 7.5616946 12.722637 -0.18957579
v 7.5616946 12.722637 -0.04501587
v 7.265602 12.978988 -0.041455917
v 7.265602 12.978988 -0.19538581
v 6.2680006 12.626352 0.033143133
v 6.2680006 12.896935 0.033143073
v 6.2680006 13.025002 -0.22097155
v 6.2680006 12.896935 -0.4913965
v 6.2680006 12.626352 -0.49139643
v 6.1505103 12.549434 -0.22461918
v 6.1505103 12.651778 -0.035008892
v 6.1505103 12.870464 -0.035008922
v 6.1505103 12.969261 -0.22461925
v 6.1505103 12.870464 -0.43119484
v 6.1505103 12.651778 -0.43119484
v 6.0517607 12.748929 -0.21973434
v 7.167591 12.995989 -0.039905388
v 7.167591 12.995989 -0.19614528
v 7.1586 12.94808 -0.2682553
v 7.1586 12.96399 -0.42857534
v 7.1376 12.90599 -0.49377528
v 7.227591 12.885987 -0.48772573
v 7.1376 12.90599 -0.6303053
v 7.227591 12.885987 -0.6287657
v 7.187601 12.743077 -0.66827565
v 7.3921967 12.844988 -0.6195457
v 7.418602 12.738077 -0.6531457
v 7.3921967 12.641217 -0.6308157
v 7.443275 12.637669 -0.62534565
v 7.443275 12.637669 -0.4908057
v 7.3921967 12.641217 -0.48669568
v 7.418602 12.738077 -0.4398257
v 7.3921967 12.844988 -0.48799574
v 7.443275 12.836707 -0.49269575
v 7.622515 12.825128 -0.49642575
v 7.443275 12.836707 -0.6140857
v 7.622515 12.825128 -0.6073457
v 7.662535 12.820397 -0.4961857
v 7.642592 12.726078 -0.4534457
v 7.622515 12.631667 -0.49544567
v 7.622515 12.631667 -0.61859566
v 7.642592 12.726078 -0.6334057
v 7.662535 12.820397 -0.60186565
v 7.841971 12.807278 -0.5033257
v 7.874971 12.742078 -0.47344568
v 7.841971 12.806738 -0.5862357
v 7.874971 12.742078 -0.60635567
v 7.841971 12.656668 -0.5975057
v 7.74959 12.634667 -0.6052257
v 7.662535 12.631667 -0.6131257
v 7.662535 12.631667 -0.49684566
v 7.74959 12.634667 -0.4963357
v 7.841971 12.656668 -0.50332564
v 7.5442023 12.681929 0.1858741
v 7.768016 12.680788 0.054624047
v 7.768016 12.680788 0.17499405
v 7.5442023 12.681929 0.048654057
v 7.789601 12.803078 0.21290407
v 7.768016 12.887987 0.17674401
v 7.5442023 12.902709 0.18463406
v 7.768016 12.887987 0.05282401
v 7.5442023 12.902709 0.04337403
v 7.789601 12.803078 0.015414037
v 7.167591 12.968989 0.024564577
v 7.167591 12.968989 0.20233466
v -6.1505075 12.969262 -0.22461785
v -6.051758 12.748754 -0.21973298
v -6.1505075 12.870465 -0.43119347
v -7.2655983 12.93699 -0.42525414
v -7.4824433 12.90099 -0.2721041
v -7.2655983 12.93699 -0.26742414
v -7.4824433 12.90099 -0.4216041
v -7.1875973 12.76629 -0.47197413
v -7.514597 12.804079 -0.46781406
v -7.4824433 12.691971 -0.4213541
v -7.1585975 12.700669 -0.4287141
v -7.1375976 12.65267 -0.4806841
v -6.9232774 12.666091 -0.46391413
v -6.904658 12.6565695 -0.6308741
v -7.1375976 12.65267 -0.63782406
v -6.8984275 12.76206 -0.6591041
v -6.5003266 12.588329 -0.55014426
v -6.5657287 12.53148 -0.40005422
v -6.5804377 12.571509 -0.22945425
v -6.9395075 12.675429 -0.2300442
v -7.1585975 12.700669 -0.26339415
v -7.4824433 12.694019 -0.27069408
v -7.543202 12.68944 -0.27210408
v -7.514597 12.804079 -0.2210741
v -7.8052664 12.68135 -0.27460405
v -7.543202 12.68744 -0.41984406
v -7.8052664 12.68135 -0.40845406
v -7.8516726 12.67967 -0.27289405
v -7.827587 12.80608 -0.23450406
v -7.8052664 12.880989 -0.27883407
v -7.543202 12.89271 -0.27459413
v -7.543202 12.89271 -0.4212541
v -7.8052664 12.880989 -0.41126406
v -7.1675887 12.712561 -0.19611417
v -7.1675887 12.712561 -0.041374266
v -6.9304276 12.6327 0.054625645
v -7.1675887 12.67367 0.024565712
v -7.167588 12.67367 0.20233573
v -6.8724575 12.68841 0.27490574
v -6.7388487 12.4592 0.17493565
v -6.859157 12.6844 0.30550575
v -6.666707 12.795858 0.2696357
v -6.889168 12.9416895 0.19543569
v -6.4483576 12.965051 0.04975505
v -6.9126177 12.975089 0.039095655
v -6.4515977 13.026047 -0.21973294
v -6.9206276 13.0132 -0.23004423
v -6.9079576 12.945689 -0.58532417
v -6.4515977 12.95576 -0.46224037
v -6.4515977 12.755549 -0.53012836
v -6.2679977 12.626353 -0.49139506
v -6.2679977 12.493692 -0.22097008
v -6.5690675 12.4948 -0.12636425
v -7.042858 12.637998 0.4794257
v -6.935606 12.465519 0.3766757
v -7.042858 12.466259 0.4794257
v -6.935606 12.663967 0.37667567
v -6.859157 12.463058 0.3055058
v -6.8172274 12.420539 0.43097576
v -7.0187173 12.423158 0.58371574
v -6.902478 12.473007 0.6458257
v -6.806017 12.473838 0.5592757
v -6.681847 12.480819 0.4681857
v -6.666707 12.422738 0.26963574
v -6.4515977 12.510595 0.21787913
v -6.681847 12.697518 0.4681857
v -6.4515977 12.8197975 0.21559615
v -6.2679977 12.626353 0.03314452
v -6.1505075 12.549435 -0.22461782
v -6.1505075 12.651779 -0.43119347
v -6.2679977 12.896936 -0.49139512
v -6.2679977 13.0250025 -0.22097012
v -6.2679977 12.896936 0.03314446
v -6.8182573 12.705798 0.42993575
v -6.5321674 12.43378 0.0908256
v -7.018338 12.654469 0.5988457
v -6.902478 12.638859 0.6458257
v -6.806017 12.659867 0.5592757
v -6.1505075 12.870465 -0.035007536
v -6.1505075 12.651779 -0.035007536
v 7.120522 12.613889 0.5528641
v 7.120522 12.4689 0.55286413
v 7.188262 12.470709 0.64802414
v 7.188262 12.592949 0.6480241
v 7.177822 12.609649 0.7620441
v 7.177822 12.454489 0.7620441
v 7.084682 12.485298 0.7939341
v 7.084682 12.594039 0.7939341
v 6.973472 12.621979 0.7061541
v 6.973472 12.4764385 0.7061541
v 7.8136625 12.88326 0.056374002
v 7.8136625 12.88326 0.17313403
v 8.035971 12.875989 0.154904
v 8.035971 12.875989 0.065864
v 8.067971 12.803079 0.033944003
v 8.067971 12.803079 0.18594405
v 7.928591 12.675669 0.16921407
v 7.8136625 12.677669 0.17268407
v 7.8136625 12.677669 0.057124045
v 7.928591 12.675669 0.05685406
v 8.035971 12.711669 0.06837404
v 8.035971 12.711669 0.15396403
v -7.8516726 12.87626 -0.27888408
v -7.8516726 12.87626 -0.40713406
v -7.827587 12.80608 -0.45299405
v -7.8516726 12.67967 -0.40811408
v -7.974587 12.68067 -0.27465403
v -8.141967 12.80908 -0.24769402
v -8.107537 12.869989 -0.28563404
v -8.107537 12.869989 -0.385874
v -8.141967 12.80908 -0.417804
v -8.106968 12.712669 -0.384694
v -7.986957 12.68067 -0.40059403
v -8.106968 12.712669 -0.28439403
v -7.2193174 12.82908 -0.23004417
v -7.1586 12.94808 -0.26825374
v -7.1586 12.96399 -0.4285738
v -7.1376 12.90599 -0.4937738
v -7.2275877 12.885989 -0.48772418
v -7.1376 12.90599 -0.63030374
v -7.2275877 12.885989 -0.62876415
v -7.1875978 12.743079 -0.6682741
v -7.3921933 12.84499 -0.6195441
v -7.4185987 12.738079 -0.6531441
v -7.392193 12.641219 -0.63081414
v -7.4432716 12.6376705 -0.62534404
v -7.443271 12.6376705 -0.4908041
v -7.392193 12.641219 -0.4866941
v -7.418598 12.738079 -0.4398241
v -7.392193 12.84499 -0.48799416
v -7.4432716 12.836709 -0.49269414
v -7.622512 12.8251295 -0.49642408
v -7.4432716 12.836709 -0.6140841
v -7.622512 12.8251295 -0.60734403
v -7.662532 12.820399 -0.49618405
v -7.642588 12.72608 -0.45344406
v -7.6225114 12.631669 -0.49544406
v -7.622512 12.631669 -0.61859405
v -7.6425886 12.72608 -0.6334041
v -7.662532 12.820399 -0.60186404
v -7.841967 12.80728 -0.503324
v -7.874967 12.74208 -0.47344398
v -7.8419676 12.80674 -0.586234
v -7.874967 12.74208 -0.606354
v -7.8419676 12.65667 -0.597504
v -7.749586 12.634669 -0.605224
v -7.662532 12.631669 -0.613124
v -7.6625314 12.631669 -0.49684402
v -7.749586 12.634669 -0.49633405
v -7.841967 12.65667 -0.503324
v -7.167591 12.995989 -0.19614376
v -7.265599 12.97899 -0.19538417
v -7.167591 12.995989 -0.03990386
v -7.265599 12.97899 -0.041454278
v -7.561371 12.932989 -0.18812412
v -7.561371 12.932989 -0.04466421
v -7.6217737 12.924709 -0.1896041
v -7.6217737 12.924709 -0.044664197
v -7.5905976 12.828079 0.004095748
v -7.8926215 12.91544 -0.052134145
v -7.8926215 12.91544 -0.17922404
v -7.5905976 12.828079 -0.23210411
v -7.5616913 12.722639 -0.18957411
v -7.6217737 12.7176695 -0.18866408
v -7.5616913 12.722639 -0.045014188
v -7.6217737 12.7176695 -0.046804175
v -7.8926215 12.709669 -0.05199413
v -7.9155974 12.828079 -0.010654189
v -7.9386883 12.91426 -0.05357414
v -7.9386883 12.91426 -0.17819405
v -7.9155974 12.828079 -0.21874407
v -7.8926215 12.709669 -0.18190405
v -7.9386883 12.7067795 -0.17853403
v -8.0585985 12.70467 -0.17287403
v -7.9386883 12.7067795 -0.051994123
v -8.070968 12.70467 -0.056014106
v -8.175958 12.738669 -0.167494
v -8.213968 12.828079 -0.19491398
v -8.175958 12.89899 -0.16749401
v -8.175958 12.89899 -0.061854083
v -8.213968 12.828079 -0.032444112
v -8.175957 12.738669 -0.061854072
v -7.167591 12.968989 0.0245661
v -7.2193174 12.82908 0.0013357103
v -7.9285874 12.67567 0.05685581
v -8.067967 12.80308 0.03394582
v -7.7895975 12.80308 0.015415788
v -8.035967 12.71167 0.06837582
v -8.035967 12.71167 0.15396583
v -7.9285874 12.67567 0.16921584
v -7.813659 12.67767 0.1726858
v -7.813659 12.67767 0.057125803
v -7.7680125 12.68079 0.05462579
v -7.7680125 12.68079 0.1749958
v -7.7895975 12.80308 0.21290582
v -8.067967 12.80308 0.18594587
v -8.035967 12.87599 0.15490583
v -7.813659 12.883261 0.17313577
v -8.035967 12.87599 0.06586583
v -7.813659 12.883261 0.05637578
v -7.7680125 12.887989 0.17674577
v -7.5145974 12.804079 0.22991578
v -7.544199 12.68193 0.18587574
v -7.544199 12.68193 0.048655752
v -7.5145974 12.804079 -0.0030042455
v -7.7680125 12.887989 0.05282577
v -7.544199 12.90271 0.18463576
v -7.4858603 12.91099 0.18640573
v -7.544199 12.90271 0.043375745
v -7.4858603 12.91099 0.043045737
v -7.265599 12.93699 0.1981157
v -7.265599 12.93699 0.028345674
v -7.167591 12.968989 0.20233615
v -7.2193174 12.82908 0.24380574
v -7.4858603 12.686621 0.18767574
v -7.4858603 12.686621 0.044125736
v -7.1205173 12.613889 0.5528656
v -7.1205173 12.4689 0.5528657
v -7.188257 12.470709 0.6480257
v -7.188257 12.592949 0.64802563
v -7.1778173 12.609649 0.7620456
v -7.1778173 12.454489 0.7620456
v -7.084677 12.485298 0.79393566
v -7.084677 12.594039 0.79393566
v -6.9734674 12.621979 0.70615566
v -6.9734674 12.4764385 0.70615566
o Mesh_15
g polygon_0
usemtl Joint_0_Object_15_Material_15
f 1949//1777 1951//1777 1950//1777
f 1952//1777 1954//1777 1953//1777
f 1955//1777 1952//1777 1953//1777
f 1956//1777 1955//1777 1953//1777
f 1956//1777 1953//1777 1957//1777
f 1956//1777 1957//1777 1958//1777
f 1959//1777 1956//1777 1958//1777
f 1960//1777 1959//1777 1958//1777
f 1960//1777 1958//1777 1961//1777
f 1962//1777 1960//1777 1961//1777
f 1962//1777 1961//1777 1963//1777
f 1962//1777 1963//1777 1954//1777
f 1962//1777 1954//1777 1952//1777
f 1962//1777 1952//1777 1964//1777
f 1965//1777 1962//1777 1964//1777
f 1965//1777 1964//1777 1966//1777
f 1967//1777 1965//1777 1966//1777
f 1968//1777 1967//1777 1966//1777
f 1968//1777 1966//1777 1969//1777
f 1970//1777 1968//1777 1969//1777
f 1970//1777 1969//1777 1971//1777
f 1970//1777 1971//1777 1972//1777
f 1973//1777 1970//1777 1972//1777
f 1974//1777 1973//1777 1972//1777
f 1975//1777 1974//1777 1972//1777
f 1975//1777 1972//1777 1971//1777
f 1976//1777 1975//1777 1971//1777
f 1977//1777 1976//1777 1971//1777
f 1977//1777 1971//1777 1969//1777
f 1978//1777 1977//1777 1969//1777
f 1978//1777 1969//1777 1966//1777
f 1979//1777 1978//1777 1966//1777
f 1979//1777 1966//1777 1964//1777
f 1979//1777 1964//1777 1974//1777
f 1980//1777 1979//1777 1974//1777
f 1980//1777 1974//1777 1975//1777
f 1980//1777 1975//1777 1981//1777
f 1980//1777 1981//1777 1982//1777
f 1979//1777 1980//1777 1982//1777
f 1978//1777 1979//1777 1982//1777
f 1983//1777 1978//1777 1982//1777
f 1983//1777 1982//1777 1981//1777
f 1984//1777 1983//1777 1981//1777
f 1984//1777 1981//1777 1975//1777
f 1985//1777 1984//1777 1975//1777
f 1986//1777 1985//1777 1975//1777
f 1986//1777 1975//1777 1976//1777
f 1987//1777 1986//1777 1976//1777
f 1987//1777 1976//1777 1977//1777
f 1987//1777 1977//1777 1978//1777
f 1988//1777 1987//1777 1978//1777
f 1988//1777 1978//1777 1983//1777
f 1989//1777 1965//1777 1967//1777
f 1989//1777 1967//1777 1990//1777
f 1991//1777 1989//1777 1990//1777
f 1992//1777 1991//1777 1990//1777
f 1992//1777 1990//1777 1993//1777
f 1994//1777 1992//1777 1993//1777
f 1994//1777 1993//1777 1995//1777
f 1994//1777 1995//1777 1996//1777
f 1994//1777 1996//1777 1997//1777
f 1998//1777 1994//1777 1997//1777
f 1999//1777 1998//1777 1997//1777
f 1999//1777 1997//1777 2000//1777
f 1999//1777 2000//1777 2001//1777
f 2002//1777 1999//1777 2001//1777
f 2002//1777 2001//1777 2003//1777
f 2002//1777 2003//1777 2004//1777
f 2002//1777 2004//1777 2005//1777
f 2006//1777 2002//1777 2005//1777
f 2006//1777 2005//1777 2007//1777
f 2008//1777 2006//1777 2007//1777
f 2009//1777 2008//1777 2007//1777
f 2010//1777 2009//1777 2007//1777
f 2011//1777 2010//1777 2007//1777
f 2011//1777 2007//1777 2005//1777
f 2012//1777 2011//1777 2005//1777
f 2012//1777 2005//1777 2004//1777
f 2012//1777 2004//1777 2013//1777
f 2012//1777 2013//1777 2014//1777
f 2011//1777 2012//1777 2014//1777
f 2010//1777 2011//1777 2014//1777
f 2015//1777 2010//1777 2014//1777
f 2016//1777 2015//1777 2014//1777
f 2016//1777 2014//1777 2013//1777
f 2017//1777 2016//1777 2013//1777
f 2018//1777 2017//1777 2013//1777
f 2018//1777 2013//1777 2004//1777
f 2019//1777 2018//1777 2004//1777
f 2020//1777 2019//1777 2004//1777
f 2020//1777 2004//1777 2003//1777
f 2021//1777 2020//1777 2003//1777
f 2022//1777 2021//1777 2003//1777
f 2022//1777 2003//1777 2001//1777
f 2023//1777 2022//1777 2001//1777
f 2024//1777 2023//1777 2001//1777
f 2024//1777 2001//1777 2000//1777
f 2025//1777 2024//1777 2000//1777
f 2026//1777 2025//1777 2000//1777
f 2026//1777 2000//1777 1997//1777
f 2026//1777 1997//1777 1996//1777
f 2026//1777 1996//1777 2027//1777
f 2025//1777 2026//1777 2027//1777
f 2025//1777 2027//1777 2028//1777
f 2025//1777 2028//1777 2029//1777
f 2024//1777 2025//1777 2029//1777
f 2024//1777 2029//1777 2030//1777
f 2024//1777 2030//1777 2031//1777
f 2023//1777 2024//1777 2031//1777
f 2023//1777 2031//1777 2009//1777
f 2022//1777 2023//1777 2009//1777
f 2022//1777 2009//1777 2010//1777
f 2021//1777 2022//1777 2010//1777
f 2021//1777 2010//1777 2032//1777
f 2020//1777 2021//1777 2032//1777
f 2019//1777 2020//1777 2032//1777
f 2033//1777 2019//1777 2032//1777
f 2015//1777 2033//1777 2032//1777
f 2015//1777 2032//1777 2010//1777
f 1949//1777 2035//1777 2034//1777
f 1951//1777 1949//1777 2034//1777
f 1951//1777 2034//1777 2036//1777
f 1950//1777 1951//1777 2036//1777
f 1950//1777 2036//1777 2037//1777
f 1949//1777 1950//1777 2037//1777
f 1949//1777 2037//1777 2018//1777
f 2035//1777 1949//1777 2018//1777
f 2035//1777 2018//1777 2019//1777
f 2035//1777 2019//1777 2033//1777
f 2034//1777 2035//1777 2033//1777
f 2034//1777 2033//1777 2015//1777
f 2036//1777 2034//1777 2015//1777
f 2038//1777 2036//1777 2015//1777
f 2038//1777 2015//1777 2016//1777
f 2038//1777 2016//1777 2017//1777
f 2039//1777 2038//1777 2017//1777
f 2039//1777 2017//1777 2018//1777
f 2039//1777 2018//1777 2037//1777
f 2039//1777 2037//1777 2036//1777
f 2038//1777 2039//1777 2036//1777
f 2040//1777 2042//1777 2041//1777
f 2040//1777 2041//1777 2043//1777
f 2040//1777 2043//1777 2044//1777
f 2042//1777 2040//1777 2044//1777
f 2042//1777 2044//1777 2045//1777
f 2041//1777 2042//1777 2045//1777
f 2046//1777 2041//1777 2045//1777
f 2047//1777 2046//1777 2045//1777
f 2048//1777 2047//1777 2045//1777
f 2048//1777 2045//1777 2044//1777
f 2049//1777 2048//1777 2044//1777
f 2050//1777 2049//1777 2044//1777
f 2050//1777 2044//1777 2043//1777
f 2051//1777 2050//1777 2043//1777
f 2051//1777 2043//1777 2041//1777
f 2051//1777 2041//1777 2046//1777
f 2052//1777 2051//1777 2046//1777
f 2052//1777 2046//1777 2047//1777
f 2053//1777 2052//1777 2047//1777
f 2053//1777 2047//1777 2048//1777
f 2054//1777 2053//1777 2048//1777
f 2055//1777 2054//1777 2048//1777
f 2056//1777 2055//1777 2048//1777
f 2056//1777 2048//1777 2049//1777
f 2057//1777 2056//1777 2049//1777
f 2057//1777 2049//1777 2050//1777
f 2057//1777 2050//1777 2051//1777
f 2057//1777 2051//1777 2058//1777
f 2056//1777 2057//1777 2058//1777
f 2055//1777 2056//1777 2058//1777
f 2055//1777 2058//1777 2059//1777
f 2055//1777 2059//1777 2060//1777
f 2054//1777 2055//1777 2060//1777
f 2061//1777 2054//1777 2060//1777
f 2062//1777 2061//1777 2060//1777
f 2062//1777 2060//1777 2059//1777
f 2063//1777 2062//1777 2059//1777
f 2063//1777 2059//1777 2058//1777
f 2063//1777 2058//1777 2051//1777
f 2063//1777 2051//1777 2052//1777
f 2064//1777 2063//1777 2052//1777
f 2064//1777 2052//1777 2053//1777
f 2065//1777 2064//1777 2053//1777
f 2065//1777 2053//1777 2054//1777
f 2065//1777 2054//1777 2066//1777
f 2065//1777 2066//1777 2067//1777
f 2064//1777 2065//1777 2067//1777
f 2063//1777 2064//1777 2067//1777
f 2063//1777 2067//1777 1956//1777
f 2062//1777 2063//1777 1956//1777
f 2062//1777 1956//1777 2068//1777
f 2061//1777 2062//1777 2068//1777
f 2061//1777 2068//1777 2069//1777
f 2061//1777 2069//1777 2009//1777
f 2054//1777 2061//1777 2009//1777
f 2066//1777 2054//1777 2009//1777
f 2066//1777 2009//1777 2031//1777
f 2066//1777 2031//1777 2030//1777
f 2067//1777 2066//1777 2030//1777
f 1956//1777 2067//1777 2030//1777
f 1955//1777 1956//1777 2030//1777
f 1955//1777 2030//1777 2029//1777
f 1952//1777 1955//1777 2029//1777
f 1964//1777 1952//1777 2029//1777
f 1974//1777 1964//1777 2029//1777
f 1974//1777 2029//1777 2028//1777
f 1973//1777 1974//1777 2028//1777
f 1973//1777 2028//1777 2027//1777
f 1970//1777 1973//1777 2027//1777
f 1970//1777 2027//1777 2070//1777
f 1968//1777 1970//1777 2070//1777
f 1968//1777 2070//1777 2071//1777
f 1967//1777 1968//1777 2071//1777
f 1967//1777 2071//1777 2072//1777
f 1990//1777 1967//1777 2072//1777
f 1993//1777 1990//1777 2072//1777
f 1993//1777 2072//1777 2073//1777
f 1995//1777 1993//1777 2073//1777
f 1995//1777 2073//1777 2074//1777
f 1996//1777 1995//1777 2074//1777
f 2027//1777 1996//1777 2074//1777
f 2027//1777 2074//1777 2075//1777
f 2070//1777 2027//1777 2075//1777
f 2070//1777 2075//1777 2076//1777
f 2070//1777 2076//1777 2077//1777
f 2071//1777 2070//1777 2077//1777
f 2071//1777 2077//1777 2078//1777
f 2072//1777 2071//1777 2078//1777
f 2073//1777 2072//1777 2078//1777
f 2073//1777 2078//1777 2079//1777
f 2073//1777 2079//1777 2080//1777
f 2074//1777 2073//1777 2080//1777
f 2075//1777 2074//1777 2080//1777
f 2075//1777 2080//1777 2081//1777
f 2076//1777 2075//1777 2081//1777
f 2077//1777 2076//1777 2081//1777
f 2078//1777 2077//1777 2081//1777
f 2079//1777 2078//1777 2081//1777
f 2079//1777 2081//1777 2080//1777
f 2068//1777 1956//1777 2082//1777
f 2069//1777 2068//1777 2082//1777
f 2069//1777 2082//1777 2083//1777
f 2009//1777 2069//1777 2083//1777
f 2009//1777 2083//1777 2084//1777
f 2008//1777 2009//1777 2084//1777
f 2008//1777 2084//1777 2085//1777
f 2006//1777 2008//1777 2085//1777
f 2002//1777 2006//1777 2085//1777
f 2002//1777 2085//1777 2086//1777
f 2087//1777 2002//1777 2086//1777
f 2087//1777 2086//1777 2088//1777
f 2089//1777 2087//1777 2088//1777
f 2089//1777 2088//1777 2090//1777
f 2091//1777 2089//1777 2090//1777
f 2092//1777 2091//1777 2090//1777
f 2092//1777 2090//1777 2093//1777
f 2094//1777 2092//1777 2093//1777
f 2095//1777 2094//1777 2093//1777
f 2095//1777 2093//1777 2096//1777
f 2097//1777 2095//1777 2096//1777
f 2097//1777 2096//1777 2002//1777
f 2098//1777 2097//1777 2002//1777
f 2098//1777 2002//1777 2087//1777
f 2098//1777 2087//1777 2089//1777
f 2098//1777 2089//1777 2091//1777
f 2098//1777 2091//1777 2099//1777
f 2097//1777 2098//1777 2099//1777
f 2100//1777 2097//1777 2099//1777
f 2101//1777 2100//1777 2099//1777
f 2101//1777 2099//1777 2091//1777
f 2101//1777 2091//1777 2092//1777
f 2101//1777 2092//1777 2102//1777
f 2100//1777 2101//1777 2102//1777
f 2100//1777 2102//1777 2103//1777
f 2100//1777 2103//1777 2104//1777
f 2097//1777 2100//1777 2104//1777
f 2097//1777 2104//1777 2105//1777
f 2095//1777 2097//1777 2105//1777
f 2094//1777 2095//1777 2105//1777
f 2094//1777 2105//1777 2106//1777
f 2092//1777 2094//1777 2106//1777
f 2092//1777 2106//1777 2107//1777
f 2102//1777 2092//1777 2107//1777
f 2102//1777 2107//1777 2108//1777
f 2103//1777 2102//1777 2108//1777
f 2103//1777 2108//1777 2109//1777
f 2104//1777 2103//1777 2109//1777
f 2110//1777 2104//1777 2109//1777
f 2111//1777 2110//1777 2109//1777
f 2111//1777 2109//1777 2108//1777
f 2111//1777 2108//1777 2107//1777
f 2111//1777 2107//1777 2112//1777
f 2110//1777 2111//1777 2112//1777
f 2113//1777 2110//1777 2112//1777
f 2114//1777 2113//1777 2112//1777
f 2114//1777 2112//1777 2107//1777
f 2115//1777 2114//1777 2107//1777
f 2115//1777 2107//1777 2106//1777
f 2116//1777 2115//1777 2106//1777
f 2116//1777 2106//1777 2105//1777
f 2116//1777 2105//1777 2104//1777
f 2116//1777 2104//1777 2117//1777
f 2115//1777 2116//1777 2117//1777
f 2114//1777 2115//1777 2117//1777
f 2114//1777 2117//1777 2118//1777
f 2113//1777 2114//1777 2118//1777
f 2110//1777 2113//1777 2118//1777
f 2110//1777 2118//1777 2117//1777
f 2104//1777 2110//1777 2117//1777
f 2119//1777 2121//1777 2120//1777
f 2122//1777 2119//1777 2120//1777
f 2122//1777 2120//1777 1957//1777
f 2122//1777 1957//1777 1953//1777
f 2122//1777 1953//1777 1954//1777
f 2119//1777 2122//1777 1954//1777
f 2119//1777 1954//1777 1963//1777
f 2121//1777 2119//1777 1963//1777
f 2123//1777 2121//1777 1963//1777
f 2124//1777 2123//1777 1963//1777
f 2124//1777 1963//1777 2125//1777
f 2126//1777 2124//1777 2125//1777
f 2127//1777 2126//1777 2125//1777
f 1961//1777 2127//1777 2125//1777
f 1961//1777 2125//1777 1963//1777
f 2127//1777 1961//1777 1958//1777
f 2127//1777 1958//1777 1957//1777
f 2126//1777 2127//1777 1957//1777
f 2128//1777 2126//1777 1957//1777
f 2128//1777 1957//1777 2120//1777
f 1999//1777 2002//1777 2096//1777
f 1998//1777 1999//1777 2096//1777
f 1998//1777 2096//1777 2093//1777
f 1998//1777 2093//1777 2090//1777
f 1994//1777 1998//1777 2090//1777
f 1994//1777 2090//1777 2088//1777
f 1992//1777 1994//1777 2088//1777
f 1992//1777 2088//1777 2086//1777
f 1992//1777 2086//1777 2085//1777
f 1991//1777 1992//1777 2085//1777
f 1991//1777 2085//1777 2084//1777
f 1991//1777 2084//1777 2083//1777
f 1991//1777 2083//1777 2082//1777
f 1989//1777 1991//1777 2082//1777
f 2129//1777 1989//1777 2082//1777
f 2129//1777 2082//1777 1956//1777
f 2129//1777 1956//1777 1959//1777
f 2130//1777 2129//1777 1959//1777
f 2130//1777 1959//1777 1960//1777
f 2130//1777 1960//1777 1962//1777
f 2130//1777 1962//1777 1965//1777
f 2130//1777 1965//1777 1989//1777
f 2129//1777 2130//1777 1989//1777
f 2131//1777 2133//1777 2132//1777
f 2134//1777 2136//1777 2135//1777
f 2134//1777 2135//1777 2137//1777
f 2138//1777 2134//1777 2137//1777
f 2138//1777 2137//1777 2139//1777
f 2138//1777 2139//1777 2140//1777
f 2138//1777 2140//1777 2141//1777
f 2142//1777 2138//1777 2141//1777
f 2142//1777 2141//1777 2143//1777
f 2142//1777 2143//1777 2144//1777
f 2145//1777 2142//1777 2144//1777
f 2146//1777 2145//1777 2144//1777
f 2147//1777 2146//1777 2144//1777
f 2148//1777 2147//1777 2144//1777
f 2148//1777 2144//1777 2143//1777
f 2149//1777 2148//1777 2143//1777
f 2150//1777 2149//1777 2143//1777
f 2150//1777 2143//1777 2141//1777
f 2151//1777 2150//1777 2141//1777
f 2152//1777 2151//1777 2141//1777
f 2152//1777 2141//1777 2140//1777
f 2152//1777 2140//1777 2153//1777
f 2154//1777 2152//1777 2153//1777
f 2155//1777 2154//1777 2153//1777
f 2156//1777 2155//1777 2153//1777
f 2156//1777 2153//1777 2140//1777
f 2156//1777 2140//1777 2139//1777
f 2156//1777 2139//1777 2157//1777
f 2155//1777 2156//1777 2157//1777
f 2155//1777 2157//1777 2158//1777
f 2155//1777 2158//1777 2159//1777
f 2154//1777 2155//1777 2159//1777
f 2154//1777 2159//1777 2160//1777
f 2154//1777 2160//1777 2161//1777
f 2135//1777 2154//1777 2161//1777
f 2137//1777 2135//1777 2161//1777
f 2137//1777 2161//1777 2162//1777
f 2139//1777 2137//1777 2162//1777
f 2163//1777 2139//1777 2162//1777
f 2160//1777 2163//1777 2162//1777
f 2160//1777 2162//1777 2161//1777
f 2150//1777 2151//1777 2164//1777
f 2150//1777 2164//1777 2165//1777
f 2166//1777 2150//1777 2165//1777
f 2166//1777 2165//1777 2167//1777
f 2166//1777 2167//1777 2168//1777
f 2166//1777 2168//1777 2169//1777
f 2170//1777 2166//1777 2169//1777
f 2171//1777 2170//1777 2169//1777
f 2172//1777 2171//1777 2169//1777
f 2172//1777 2169//1777 2173//1777
f 2174//1777 2172//1777 2173//1777
f 2174//1777 2173//1777 2175//1777
f 2176//1777 2174//1777 2175//1777
f 2176//1777 2175//1777 2177//1777
f 2176//1777 2177//1777 2178//1777
f 2179//1777 2176//1777 2178//1777
f 2179//1777 2178//1777 2146//1777
f 2180//1777 2179//1777 2146//1777
f 2180//1777 2146//1777 2147//1777
f 2181//1777 2180//1777 2147//1777
f 2182//1777 2181//1777 2147//1777
f 2182//1777 2147//1777 2148//1777
f 2182//1777 2148//1777 2149//1777
f 2183//1777 2182//1777 2149//1777
f 2166//1777 2183//1777 2149//1777
f 2166//1777 2149//1777 2150//1777
f 2184//1777 2186//1777 2185//1777
f 2187//1777 2184//1777 2185//1777
f 2188//1777 2187//1777 2185//1777
f 2189//1777 2188//1777 2185//1777
f 2189//1777 2185//1777 2186//1777
f 2189//1777 2186//1777 2190//1777
f 2189//1777 2190//1777 2191//1777
f 2189//1777 2191//1777 2192//1777
f 2189//1777 2192//1777 2193//1777
f 2194//1777 2189//1777 2193//1777
f 2195//1777 2194//1777 2193//1777
f 2195//1777 2193//1777 2196//1777
f 2195//1777 2196//1777 2197//1777
f 2195//1777 2197//1777 2198//1777
f 2182//1777 2195//1777 2198//1777
f 2182//1777 2198//1777 2199//1777
f 2181//1777 2182//1777 2199//1777
f 2181//1777 2199//1777 2200//1777
f 2181//1777 2200//1777 2201//1777
f 2180//1777 2181//1777 2201//1777
f 2179//1777 2180//1777 2201//1777
f 2179//1777 2201//1777 2202//1777
f 2176//1777 2179//1777 2202//1777
f 2174//1777 2176//1777 2202//1777
f 2174//1777 2202//1777 2203//1777
f 2174//1777 2203//1777 2197//1777
f 2172//1777 2174//1777 2197//1777
f 2172//1777 2197//1777 2196//1777
f 2172//1777 2196//1777 2204//1777
f 2171//1777 2172//1777 2204//1777
f 2171//1777 2204//1777 2187//1777
f 2171//1777 2187//1777 2188//1777
f 2170//1777 2171//1777 2188//1777
f 2170//1777 2188//1777 2189//1777
f 2170//1777 2189//1777 2194//1777
f 2205//1777 2170//1777 2194//1777
f 2205//1777 2194//1777 2195//1777
f 2205//1777 2195//1777 2182//1777
f 2205//1777 2182//1777 2183//1777
f 2170//1777 2205//1777 2183//1777
f 2170//1777 2183//1777 2166//1777
f 2184//1777 2187//1777 2204//1777
f 2206//1777 2184//1777 2204//1777
f 2207//1777 2206//1777 2204//1777
f 2208//1777 2207//1777 2204//1777
f 2208//1777 2204//1777 2196//1777
f 2208//1777 2196//1777 2193//1777
f 2208//1777 2193//1777 2192//1777
f 2207//1777 2208//1777 2192//1777
f 2207//1777 2192//1777 2191//1777
f 2132//1777 2210//1777 2209//1777
f 2131//1777 2132//1777 2209//1777
f 2131//1777 2209//1777 2203//1777
f 2131//1777 2203//1777 2202//1777
f 2131//1777 2202//1777 2201//1777
f 2133//1777 2131//1777 2201//1777
f 2133//1777 2201//1777 2200//1777
f 2132//1777 2133//1777 2200//1777
f 2132//1777 2200//1777 2199//1777
f 2210//1777 2132//1777 2199//1777
f 2210//1777 2199//1777 2198//1777
f 2209//1777 2210//1777 2198//1777
f 2203//1777 2209//1777 2198//1777
f 2203//1777 2198//1777 2197//1777
f 2211//1777 1988//1777 1983//1777
f 2211//1777 1983//1777 1984//1777
f 2212//1777 2211//1777 1984//1777
f 2212//1777 1984//1777 1985//1777
f 2212//1777 1985//1777 2213//1777
f 2212//1777 2213//1777 2214//1777
f 2211//1777 2212//1777 2214//1777
f 1988//1777 2211//1777 2214//1777
f 2215//1777 1988//1777 2214//1777
f 2216//1777 2215//1777 2214//1777
f 2216//1777 2214//1777 2213//1777
f 2216//1777 2213//1777 1985//1777
f 2216//1777 1985//1777 2217//1777
f 2215//1777 2216//1777 2217//1777
f 2215//1777 2217//1777 2218//1777
f 1988//1777 2215//1777 2218//1777
f 1988//1777 2218//1777 2219//1777
f 1987//1777 1988//1777 2219//1777
f 1986//1777 1987//1777 2219//1777
f 1986//1777 2219//1777 2220//1777
f 1985//1777 1986//1777 2220//1777
f 2217//1777 1985//1777 2220//1777
f 2218//1777 2217//1777 2220//1777
f 2218//1777 2220//1777 2219//1777
f 2126//1777 2128//1777 2221//1777
f 2124//1777 2126//1777 2221//1777
f 2124//1777 2221//1777 2222//1777
f 2123//1777 2124//1777 2222//1777
f 2223//1777 2123//1777 2222//1777
f 2224//1777 2223//1777 2222//1777
f 2224//1777 2222//1777 2221//1777
f 2224//1777 2221//1777 2128//1777
f 2224//1777 2128//1777 2225//1777
f 2223//1777 2224//1777 2225//1777
f 2223//1777 2225//1777 2226//1777
f 2123//1777 2223//1777 2226//1777
f 2123//1777 2226//1777 2227//1777
f 2123//1777 2227//1777 2228//1777
f 2121//1777 2123//1777 2228//1777
f 2121//1777 2228//1777 2229//1777
f 2120//1777 2121//1777 2229//1777
f 2128//1777 2120//1777 2229//1777
f 2230//1777 2128//1777 2229//1777
f 2230//1777 2229//1777 2228//1777
f 2230//1777 2228//1777 2227//1777
f 2230//1777 2227//1777 2231//1777
f 2230//1777 2231//1777 2225//1777
f 2128//1777 2230//1777 2225//1777
f 2227//1777 2226//1777 2232//1777
f 2231//1777 2227//1777 2232//1777
f 2225//1777 2231//1777 2232//1777
f 2225//1777 2232//1777 2226//1777
f 2160//1777 2159//1777 2233//1777
f 2163//1777 2160//1777 2233//1777
f 2163//1777 2233//1777 2234//1777
f 2163//1777 2234//1777 2235//1777
f 2139//1777 2163//1777 2235//1777
f 2157//1777 2139//1777 2235//1777
f 2157//1777 2235//1777 2236//1777
f 2158//1777 2157//1777 2236//1777
f 2158//1777 2236//1777 2237//1777
f 2159//1777 2158//1777 2237//1777
f 2159//1777 2237//1777 2238//1777
f 2159//1777 2238//1777 2239//1777
f 2233//1777 2159//1777 2239//1777
f 2234//1777 2233//1777 2239//1777
f 2234//1777 2239//1777 2240//1777
f 2235//1777 2234//1777 2240//1777
f 2241//1777 2235//1777 2240//1777
f 2238//1777 2241//1777 2240//1777
f 2238//1777 2240//1777 2239//1777
f 2241//1777 2238//1777 2242//1777
f 2241//1777 2242//1777 2243//1777
f 2235//1777 2241//1777 2243//1777
f 2236//1777 2235//1777 2243//1777
f 2237//1777 2236//1777 2243//1777
f 2237//1777 2243//1777 2244//1777
f 2238//1777 2237//1777 2244//1777
f 2242//1777 2238//1777 2244//1777
f 2242//1777 2244//1777 2243//1777
f 2245//1777 2152//1777 2154//1777
f 2245//1777 2154//1777 2135//1777
f 2245//1777 2135//1777 2136//1777
f 2246//1777 2245//1777 2136//1777
f 2247//1777 2246//1777 2136//1777
f 2247//1777 2136//1777 2134//1777
f 2247//1777 2134//1777 2138//1777
f 2248//1777 2247//1777 2138//1777
f 2248//1777 2138//1777 2249//1777
f 2250//1777 2248//1777 2249//1777
f 2250//1777 2249//1777 2251//1777
f 2252//1777 2250//1777 2251//1777
f 2252//1777 2251//1777 2253//1777
f 2252//1777 2253//1777 2254//1777
f 2255//1777 2252//1777 2254//1777
f 2255//1777 2254//1777 2256//1777
f 2255//1777 2256//1777 2257//1777
f 2258//1777 2255//1777 2257//1777
f 2258//1777 2257//1777 2259//1777
f 2138//1777 2258//1777 2259//1777
f 2138//1777 2259//1777 2260//1777
f 2249//1777 2138//1777 2260//1777
f 2251//1777 2249//1777 2260//1777
f 2253//1777 2251//1777 2260//1777
f 2261//1777 2253//1777 2260//1777
f 2261//1777 2260//1777 2259//1777
f 2261//1777 2259//1777 2262//1777
f 2261//1777 2262//1777 2263//1777
f 2253//1777 2261//1777 2263//1777
f 2254//1777 2253//1777 2263//1777
f 2264//1777 2254//1777 2263//1777
f 2264//1777 2263//1777 2262//1777
f 2265//1777 2264//1777 2262//1777
f 2266//1777 2265//1777 2262//1777
f 2266//1777 2262//1777 2259//1777
f 2267//1777 2266//1777 2259//1777
f 2267//1777 2259//1777 2257//1777
f 2267//1777 2257//1777 2256//1777
f 2268//1777 2267//1777 2256//1777
f 2268//1777 2256//1777 2254//1777
f 2269//1777 2268//1777 2254//1777
f 2269//1777 2254//1777 2264//1777
f 2270//1777 2269//1777 2264//1777
f 2270//1777 2264//1777 2265//1777
f 2271//1777 2270//1777 2265//1777
f 2271//1777 2265//1777 2266//1777
f 2271//1777 2266//1777 2272//1777
f 2271//1777 2272//1777 2273//1777
f 2270//1777 2271//1777 2273//1777
f 2269//1777 2270//1777 2273//1777
f 2274//1777 2269//1777 2273//1777
f 2274//1777 2273//1777 2272//1777
f 2274//1777 2272//1777 2275//1777
f 2274//1777 2275//1777 2276//1777
f 2269//1777 2274//1777 2276//1777
f 2269//1777 2276//1777 2277//1777
f 2268//1777 2269//1777 2277//1777
f 2268//1777 2277//1777 2278//1777
f 2267//1777 2268//1777 2278//1777
f 2266//1777 2267//1777 2278//1777
f 2279//1777 2266//1777 2278//1777
f 2279//1777 2278//1777 2277//1777
f 2279//1777 2277//1777 2276//1777
f 2280//1777 2279//1777 2276//1777
f 2280//1777 2276//1777 2275//1777
f 2280//1777 2275//1777 2272//1777
f 2279//1777 2280//1777 2272//1777
f 2279//1777 2272//1777 2266//1777
f 2245//1777 2246//1777 2281//1777
f 2282//1777 2245//1777 2281//1777
f 2282//1777 2281//1777 2283//1777
f 2282//1777 2283//1777 2284//1777
f 2285//1777 2282//1777 2284//1777
f 2285//1777 2284//1777 2286//1777
f 2287//1777 2285//1777 2286//1777
f 2288//1777 2287//1777 2286//1777
f 2288//1777 2286//1777 2289//1777
f 2288//1777 2289//1777 2290//1777
f 2288//1777 2290//1777 2291//1777
f 2287//1777 2288//1777 2291//1777
f 2287//1777 2291//1777 2292//1777
f 2285//1777 2287//1777 2292//1777
f 2285//1777 2292//1777 2245//1777
f 2282//1777 2285//1777 2245//1777
f 2293//1777 2245//1777 2292//1777
f 2293//1777 2292//1777 2294//1777
f 2295//1777 2293//1777 2294//1777
f 2295//1777 2294//1777 2296//1777
f 2289//1777 2295//1777 2296//1777
f 2289//1777 2296//1777 2297//1777
f 2289//1777 2297//1777 2298//1777
f 2290//1777 2289//1777 2298//1777
f 2290//1777 2298//1777 2299//1777
f 2290//1777 2299//1777 2300//1777
f 2291//1777 2290//1777 2300//1777
f 2291//1777 2300//1777 2301//1777
f 2292//1777 2291//1777 2301//1777
f 2292//1777 2301//1777 2302//1777
f 2294//1777 2292//1777 2302//1777
f 2296//1777 2294//1777 2302//1777
f 2297//1777 2296//1777 2302//1777
f 2303//1777 2297//1777 2302//1777
f 2303//1777 2302//1777 2301//1777
f 2303//1777 2301//1777 2304//1777
f 2303//1777 2304//1777 2305//1777
f 2297//1777 2303//1777 2305//1777
f 2298//1777 2297//1777 2305//1777
f 2306//1777 2298//1777 2305//1777
f 2306//1777 2305//1777 2304//1777
f 2307//1777 2306//1777 2304//1777
f 2308//1777 2307//1777 2304//1777
f 2308//1777 2304//1777 2301//1777
f 2309//1777 2308//1777 2301//1777
f 2309//1777 2301//1777 2300//1777
f 2309//1777 2300//1777 2299//1777
f 2310//1777 2309//1777 2299//1777
f 2310//1777 2299//1777 2298//1777
f 2311//1777 2310//1777 2298//1777
f 2311//1777 2298//1777 2306//1777
f 2312//1777 2311//1777 2306//1777
f 2312//1777 2306//1777 2307//1777
f 2312//1777 2307//1777 2308//1777
f 2311//1777 2312//1777 2308//1777
f 2310//1777 2311//1777 2308//1777
f 2310//1777 2308//1777 2309//1777
f 2258//1777 2142//1777 2145//1777
f 2255//1777 2258//1777 2145//1777
f 2252//1777 2255//1777 2145//1777
f 2252//1777 2145//1777 2146//1777
f 2250//1777 2252//1777 2146//1777
f 2250//1777 2146//1777 2178//1777
f 2248//1777 2250//1777 2178//1777
f 2247//1777 2248//1777 2178//1777
f 2247//1777 2178//1777 2177//1777
f 2246//1777 2247//1777 2177//1777
f 2281//1777 2246//1777 2177//1777
f 2283//1777 2281//1777 2177//1777
f 2283//1777 2177//1777 2175//1777
f 2283//1777 2175//1777 2313//1777
f 2283//1777 2313//1777 2314//1777
f 2284//1777 2283//1777 2314//1777
f 2286//1777 2284//1777 2314//1777
f 2289//1777 2286//1777 2314//1777
f 2295//1777 2289//1777 2314//1777
f 2295//1777 2314//1777 2165//1777
f 2293//1777 2295//1777 2165//1777
f 2293//1777 2165//1777 2164//1777
f 2245//1777 2293//1777 2164//1777
f 2245//1777 2164//1777 2151//1777
f 2315//1777 2317//1777 2316//1777
f 2318//1777 2315//1777 2316//1777
f 2318//1777 2316//1777 2319//1777
f 2318//1777 2319//1777 2320//1777
f 2315//1777 2318//1777 2320//1777
f 2315//1777 2320//1777 2321//1777
f 2315//1777 2321//1777 2322//1777
f 2317//1777 2315//1777 2322//1777
f 2323//1777 2317//1777 2322//1777
f 2324//1777 2323//1777 2322//1777
f 2324//1777 2322//1777 2321//1777
f 2325//1777 2324//1777 2321//1777
f 2325//1777 2321//1777 2320//1777
f 2326//1777 2325//1777 2320//1777
f 2326//1777 2320//1777 2319//1777
f 2326//1777 2319//1777 2316//1777
f 2326//1777 2316//1777 2327//1777
f 2325//1777 2326//1777 2327//1777
f 2328//1777 2325//1777 2327//1777
f 2329//1777 2328//1777 2327//1777
f 2329//1777 2327//1777 2316//1777
f 2329//1777 2316//1777 2317//1777
f 2329//1777 2317//1777 2330//1777
f 2328//1777 2329//1777 2330//1777
f 2328//1777 2330//1777 2331//1777
f 2325//1777 2328//1777 2331//1777
f 2325//1777 2331//1777 2332//1777
f 2324//1777 2325//1777 2332//1777
f 2324//1777 2332//1777 2333//1777
f 2323//1777 2324//1777 2333//1777
f 2323//1777 2333//1777 2334//1777
f 2323//1777 2334//1777 2335//1777
f 2317//1777 2323//1777 2335//1777
f 2317//1777 2335//1777 2336//1777
f 2330//1777 2317//1777 2336//1777
f 2331//1777 2330//1777 2336//1777
f 2331//1777 2336//1777 2337//1777
f 2332//1777 2331//1777 2337//1777
f 2338//1777 2332//1777 2337//1777
f 2339//1777 2338//1777 2337//1777
f 2339//1777 2337//1777 2336//1777
f 2339//1777 2336//1777 2335//1777
f 2339//1777 2335//1777 2340//1777
f 2338//1777 2339//1777 2340//1777
f 2341//1777 2338//1777 2340//1777
f 2341//1777 2340//1777 2342//1777
f 2341//1777 2342//1777 2343//1777
f 2341//1777 2343//1777 2344//1777
f 2338//1777 2341//1777 2344//1777
f 2332//1777 2338//1777 2344//1777
f 2332//1777 2344//1777 2345//1777
f 2333//1777 2332//1777 2345//1777
f 2334//1777 2333//1777 2345//1777
f 2334//1777 2345//1777 2346//1777
f 2335//1777 2334//1777 2346//1777
f 2335//1777 2346//1777 2314//1777
f 2340//1777 2335//1777 2314//1777
f 2342//1777 2340//1777 2314//1777
f 2342//1777 2314//1777 2313//1777
f 2343//1777 2342//1777 2313//1777
f 2343//1777 2313//1777 2175//1777
f 2343//1777 2175//1777 2173//1777
f 2344//1777 2343//1777 2173//1777
f 2344//1777 2173//1777 2169//1777
f 2344//1777 2169//1777 2168//1777
f 2345//1777 2344//1777 2168//1777
f 2346//1777 2345//1777 2168//1777
f 2346//1777 2168//1777 2167//1777
f 2314//1777 2346//1777 2167//1777
f 2314//1777 2167//1777 2165//1777
f 2151//1777 2152//1777 2245//1777
f 2138//1777 2142//1777 2258//1777
f 2184//1777 2206//1777 2347//1777
f 2186//1777 2184//1777 2347//1777
f 2186//1777 2347//1777 2348//1777
f 2190//1777 2186//1777 2348//1777
f 2349//1777 2190//1777 2348//1777
f 2350//1777 2349//1777 2348//1777
f 2350//1777 2348//1777 2347//1777
f 2350//1777 2347//1777 2206//1777
f 2350//1777 2206//1777 2351//1777
f 2350//1777 2351//1777 2352//1777
f 2349//1777 2350//1777 2352//1777
f 2190//1777 2349//1777 2352//1777
f 2353//1777 2190//1777 2352//1777
f 2353//1777 2352//1777 2351//1777
f 2354//1777 2353//1777 2351//1777
f 2354//1777 2351//1777 2206//1777
f 2355//1777 2354//1777 2206//1777
f 2355//1777 2206//1777 2207//1777
f 2355//1777 2207//1777 2191//1777
f 2356//1777 2355//1777 2191//1777
f 2356//1777 2191//1777 2190//1777
f 2356//1777 2190//1777 2353//1777
f 2356//1777 2353//1777 2354//1777
f 2355//1777 2356//1777 2354//1777
v -0.30657947 13.824373 0.6240348
v -0.16248955 13.837104 0.21205479
v -0.16760947 13.766634 0.7095548
v -0.32860956 13.912503 0.11252484
v 0.30215046 14.030063 0.7781748
v 0.41770047 13.929243 0.70434475
v 0.40580043 14.059443 0.74929476
v 0.29170048 13.875533 0.7638148
v 0.30658048 13.824373 0.62403476
v 0.16761051 13.766634 0.7095548
v 0.16249041 13.837104 0.2120548
v 0.3286104 13.912503 0.11252482
v 0.14802046 13.550994 0.19869873
v 0.3099304 13.620833 0.059018746
v 0.15631051 13.13889 0.1312718
v 0.29973045 13.22038 -0.0006582286
v 0.43056032 13.718235 -0.14613129
v 0.44248036 13.43911 -0.21668823
v 0.4961203 13.816665 -0.43052107
v 0.49661025 13.60087 -0.497528
v 0.32642025 13.931773 -0.735751
v 0.3222703 13.68463 -0.778438
v 2.6518865E-07 13.950695 -0.814781
v 2.8890554E-07 13.702021 -0.8742979
v -0.32226965 13.68463 -0.7784379
v -0.3264197 13.931773 -0.7357509
v -0.4966096 13.60087 -0.49752802
v -0.4961196 13.816665 -0.43052107
v -0.44247952 13.43911 -0.21668825
v -0.43055955 13.718235 -0.1461313
v -0.2997295 13.22038 -0.00065822486
v -0.30992952 13.620833 0.059018746
v -0.15630947 13.13889 0.1312718
v -0.14801951 13.550994 0.19869873
v 5.348056E-07 13.09228 0.18924172
v 4.8951506E-07 13.517314 0.2603387
v 0.20380045 14.007644 0.82249475
v 0.15940052 13.827273 0.8437847
v 5.339648E-07 13.751004 0.7461947
v 4.5753904E-07 13.790354 0.28745478
v -0.4176994 13.929243 0.70434475
v -0.3021495 14.030063 0.77817476
v -0.40579948 14.059443 0.74929476
v -0.29169947 13.875533 0.76381475
v -0.20379947 14.007644 0.8224948
v -0.15939945 13.827273 0.8437847
v -0.097509466 13.995183 0.8623348
v 5.482066E-07 13.811355 0.8894648
v 5.255479E-07 13.986724 0.89321476
v 0.09751051 13.995183 0.8623348
v -0.4726596 14.061783 -0.03469517
v -0.5464196 14.092624 -0.41187513
v -0.3703397 14.188033 -0.739035
v 2.3261259E-07 14.189105 -0.821095
v 0.37034023 14.188033 -0.73903507
v 0.5464202 14.092624 -0.4118752
v 0.4726603 14.061783 -0.034695175
v 0.6341504 14.040934 0.01673482
v 0.65358025 14.176303 -0.067195185
v 0.7413003 14.170104 -0.026275188
v 0.63101035 14.0342045 0.3554847
v 0.73910034 14.157483 0.2666147
v 0.83146024 14.318573 -0.0332152
v 0.82582027 14.338685 0.20322473
v 0.67441 14.157634 0.63860583
v 0.7627503 14.396364 0.6438948
v 0.53996 14.222304 0.78021586
v 0.59433043 14.419484 0.7976847
v 0.29697 14.303334 0.8827558
v 0.37074 14.189903 0.82110584
v 0.30587 14.210685 0.8656858
v 0.30743 14.151053 0.86747587
v 0.6139202 14.393964 -0.40369517
v 0.7580902 14.356354 -0.11768522
v 0.9181902 14.295064 -0.2004552
v 0.8732202 14.5415945 -0.020425217
v 0.88251024 14.541133 0.17782472
v 0.7936603 14.545684 0.6253848
v 0.5997604 14.552524 0.7826147
v 0.3011004 14.462634 0.88899475
v 0.16322002 14.326454 0.92644584
v 0.14879002 14.469203 0.92492586
v 0.2869404 14.571854 0.84812474
v 0.63211036 14.843004 0.7980248
v 0.8195903 14.843414 0.64489484
v 0.92080015 14.825614 0.1807447
v 1.0006802 14.836223 0.05084475
v 0.95732015 14.839515 -0.06318523
v 0.98886013 14.881973 -0.06583524
v 1.0275402 14.903444 0.07895475
v 0.91289026 14.916175 0.28784466
v 0.8235403 14.950244 0.6624148
v 0.6442603 14.942594 0.8067748
v 0.27135035 14.842025 0.8733448
v 0.15614042 14.705294 0.86608475
v 0.13220042 14.592664 0.8772648
v 0.072730444 14.611045 0.94864476
v 0.089070424 14.730364 0.9238847
v 0.15808038 14.8607435 0.9597348
v 0.37301037 14.947234 0.9091047
v 0.7166903 14.963063 0.84855473
v 0.88676023 14.943234 0.6820848
v 0.99832016 14.914644 0.3117947
v 1.0529703 14.877034 -0.065005235
v 1.0497301 14.871864 -0.41141522
v 1.0014001 14.849544 -0.39639527
v 0.8928101 14.425464 -0.41514522
v 1.1064001 14.944574 -0.23848525
v 1.1469501 14.790863 -0.40888524
v 1.0766702 14.565345 -0.41800517
v 0.9797402 14.399795 -0.34568524
v -0.63414955 14.040934 0.016734827
v -0.65357965 14.176303 -0.06719516
v -0.6139196 14.393964 -0.40369517
v -0.40136972 14.427104 -0.7460951
v 2.0817492E-07 14.408994 -0.79079497
v 0.40137014 14.427104 -0.74609506
v 0.5875602 14.2258835 -0.7555851
v 0.71558017 14.227234 -0.48414505
v 0.7717302 13.927314 -0.4488352
v 0.7592201 14.424794 -0.6865151
v 0.69987005 14.796283 -0.905555
v 0.7866601 14.804934 -0.959425
v 0.82306 15.061014 -0.980225
v 1.0779802 15.208175 -0.42604524
v 1.1021501 15.313583 -0.06390528
v 1.0369103 15.401244 0.31807464
v 0.9162202 15.467315 0.6708448
v 0.75070024 15.501793 0.8451446
v 0.39263037 14.979334 1.0272048
v 4.1862745E-07 14.945453 1.0229348
v 4.2873012E-07 14.866094 1.0202646
v 4.41363E-07 14.743784 0.99722457
v 4.6032528E-07 14.628355 1.0208347
v -0.072729535 14.611045 0.9486448
v -0.08906956 14.730364 0.92388475
v -0.15807958 14.8607435 0.95973474
v -0.3730096 14.947234 0.9091047
v -0.39262953 14.979334 1.0272048
v 4.2769238E-07 14.980234 1.1110247
v 0.40500027 15.523354 1.0475746
v 0.6860402 15.545264 0.80545473
v 0.87472016 15.518134 0.6353348
v 0.9991702 15.441943 0.30032468
v 1.0560901 15.352195 -0.065995276
v 1.03336 15.254094 -0.41456527
v 0.77344996 15.102763 -0.9583051
v 7.3019464E-08 15.029704 -1.131545
v 6.8525424E-08 14.981704 -1.201475
v -0.77344984 15.102763 -0.95830506
v -0.82305974 15.061014 -0.98022497
v -1.0333598 15.254094 -0.4145652
v -1.0779797 15.208175 -0.42604524
v -1.0560896 15.352195 -0.06599526
v -1.1021496 15.313583 -0.06390527
v -0.9991696 15.441943 0.30032468
v -1.0369096 15.401244 0.31807464
v -0.87471956 15.518134 0.63533485
v -0.9162196 15.467315 0.67084473
v -0.6860396 15.545264 0.80545473
v -0.7506995 15.501793 0.8451447
v -0.37699962 15.571353 0.99121463
v -0.4049996 15.523354 1.0475748
v 3.4170398E-07 15.575534 1.0653147
v 3.5607604E-07 15.530654 1.1195847
v 0.37700027 15.571353 0.99121475
v 0.67027026 13.914784 -0.6929551
v 0.62950015 14.425934 -0.879015
v 0.32542014 14.438033 -0.997725
v 1.1917018E-07 14.741274 -1.0804851
v 1.08086624E-07 14.745444 -1.1483251
v -0.7166896 14.963063 0.84855473
v -0.8867595 14.943234 0.68208474
v -0.99831957 14.914644 0.3117947
v -1.0529696 14.877034 -0.06500523
v -1.0497296 14.871864 -0.41141522
v -0.7866597 14.804934 -0.959425
v -0.6998698 14.796283 -0.905555
v -0.32541978 14.438033 -0.99772495
v 1.5834212E-07 14.454224 -1.073205
v 0.12977019 14.249442 -0.944495
v 0.00083021657 13.926514 -1.1475649
v 0.41060016 14.232913 -0.88536495
v 0.54121023 13.868154 -0.93501496
v 0.30102023 13.935254 -1.008615
v -0.6442596 14.942594 0.80677474
v -0.82353944 14.950244 0.66241485
v -0.91288954 14.916175 0.28784472
v -1.0275395 14.903444 0.07895475
v -0.98885965 14.881973 -0.06583522
v -1.0013996 14.849544 -0.3963952
v -0.75921965 14.424794 -0.68651503
v -0.6294997 14.425934 -0.87901497
v -0.41059974 14.232913 -0.885365
v -0.3010197 13.935254 -1.0086149
v -0.12976977 14.249442 -0.944495
v -0.00082978315 13.926514 -1.1475649
v -0.5875597 14.2258835 -0.755585
v -0.7155797 14.227234 -0.48414505
v -0.7580896 14.356354 -0.11768521
v -0.74129957 14.170104 -0.026275178
v -0.6310095 14.0342045 0.35548472
v -0.7390995 14.157483 0.26661474
v -0.8314595 14.318573 -0.033215187
v -0.9145096 14.298744 -0.20045519
v -0.96135956 14.399795 -0.34568524
v -0.8732196 14.5415945 -0.020425204
v -0.82581955 14.338685 0.20322475
v -0.67441 14.157634 0.63860583
v -0.7627495 14.396364 0.64389485
v -0.5399595 14.222304 0.7802148
v -0.5943295 14.419484 0.7976848
v -0.79365945 14.545684 0.6253848
v -0.59975946 14.552524 0.78261477
v -0.3010995 14.462634 0.88899475
v -0.28693956 14.571854 0.84812474
v -0.14878999 14.469203 0.92492586
v -0.13219956 14.592664 0.87726474
v -0.15613955 14.705294 0.86608475
v -0.27134958 14.842025 0.8733448
v -0.6321095 14.843004 0.7980247
v -0.81958944 14.843414 0.64489484
v -0.92079955 14.825614 0.1807447
v -1.0006795 14.836223 0.05084476
v -0.95731956 14.839515 -0.06318523
v -0.8928096 14.425464 -0.41514516
v -0.67026967 13.914784 -0.6929551
v -0.54120964 13.868154 -0.9350149
v -0.8825095 14.541133 0.17782472
v -1.1063997 14.944574 -0.23848523
v -0.7717296 13.927314 -0.4488352
v 1.0809101 15.420524 0.31416464
v 1.2061102 15.290713 0.37472463
v 1.0020002 15.458002 0.55166477
v 1.1407303 15.5910635 0.48709464
v 1.0499603 15.752133 0.5198246
v 1.4807502 15.4429035 0.11082469
v 1.0707101 15.758975 0.07774467
v 1.328941 16.034994 0.44408423
v 0.75889474 16.092283 0.6482836
v 1.0431782 16.142204 0.02452401
v 1.4516433 16.035215 -0.2333815
v 1.08012 15.660214 -0.3366753
v 0.8955148 16.028852 -0.47542048
v 1.1566863 16.562143 -0.4428792
v 0.80429006 16.448744 -0.025958424
v 1.2224008 16.586393 0.42872423
v 0.4311089 16.474203 0.5891519
v 0.7445045 17.009094 0.16960117
v 0.5221362 16.546926 -0.28465188
v 0.76119184 16.255795 -0.7373971
v 1.2084416 16.165625 -1.1036891
v 0.9710499 15.742194 -0.81975514
v 0.5358699 15.797744 -1.1384351
v 0.51550025 16.153433 -1.5776083
v 0.31643695 16.288755 -0.9079445
v -6.9495854E-08 16.076784 -1.1557008
v 0.23513985 15.748481 -1.7088987
v 0.47028995 15.406554 -1.1685652
v -0.23514009 15.748481 -1.7088984
v -0.53587 15.797744 -1.1384351
v -0.47028995 15.406554 -1.168565
v -0.3782599 14.916524 -1.4786851
v -0.7216299 14.925984 -1.2988951
v -0.7807198 15.4439535 -1.0225351
v -1.0202099 15.558703 -1.3539551
v -0.9710499 15.742194 -0.81975514
v -1.0516797 15.440424 -0.66719514
v -0.9743898 15.229854 -1.0221251
v -1.0094798 14.954795 -1.088605
v -0.84860975 15.177713 -0.676505
v -1.1436797 15.258763 -0.7277052
v -1.2162397 14.976834 -0.817085
v -1.0801197 15.660214 -0.33667535
v -1.4040898 15.602834 -0.77538514
v -0.89551467 16.028852 -0.47542042
v -1.4516431 16.035215 -0.23338148
v -1.0707096 15.758975 0.077744685
v -1.043178 16.142204 0.024524026
v -1.1566865 16.562143 -0.44287914
v -0.76119196 16.255795 -0.737397
v -1.2084416 16.165625 -1.103689
v -0.5155006 16.153433 -1.5776083
v -0.31643707 16.288755 -0.9079445
v -0.70068127 16.917463 -0.8006486
v -0.5221362 16.546926 -0.28465188
v -0.80428994 16.448744 -0.025958415
v -1.2224003 16.586393 0.42872423
v -0.75889426 16.092283 0.6482836
v -0.4311086 16.474203 0.58915186
v -0.7445045 17.009094 0.16960117
v 4.4012495E-08 16.697914 0.10580167
v 1.2903183E-07 16.872778 0.8027823
v -7.3995125E-08 17.064756 -0.341218
v -7.20197E-08 16.618021 -0.7098864
v -1.6093963E-07 16.710545 -1.2037188
v 0.70068103 16.917463 -0.8006486
v -1.0809096 15.420524 0.31416464
v -1.2061095 15.290713 0.37472463
v -1.1407295 15.5910635 0.48709458
v -1.0019995 15.458002 0.55166477
v -1.0499595 15.752133 0.5198246
v -0.91977984 15.947894 1.0441757
v -0.3523862 15.8944845 0.9955435
v 3.3730612E-07 15.964225 1.3688232
v 0.3523868 15.8944845 0.9955436
v 0.91978043 15.947894 1.0441759
v -1.0766697 14.565345 -0.41800523
v -1.1469496 14.790863 -0.40888518
v 2.4099336E-07 16.160963 0.91633815
v -0.8005134 16.377214 1.1482373
v 0.80051386 16.377214 1.1482376
v -1.3289405 16.034994 0.44408423
v -1.4807495 15.4429035 0.11082472
v -1.4031696 15.232764 -0.3660453
v 0.37825996 14.916524 -1.4786851
v 0.7216299 14.925984 -1.2988951
v 0.78071994 15.4439535 -1.022535
v 1.0202099 15.558703 -1.3539551
v 1.05168 15.440424 -0.66719514
v 0.9743899 15.229854 -1.022125
v 1.00948 14.954795 -1.088605
v 0.84861 15.177713 -0.6765051
v 1.14368 15.258763 -0.7277051
v 1.2162402 14.976834 -0.817085
v 1.40409 15.602834 -0.77538514
v 1.4031701 15.232764 -0.3660453
v 0.17262004 14.483184 -1.569425
v 0.41833007 14.458144 -1.332675
v 0.51998013 13.9885435 -1.5302348
v 0.37996003 14.777924 -1.1765851
v 0.18320009 14.403884 -1.4066352
v -0.019579867 14.270804 -1.417415
v -0.17154989 14.580803 -1.280735
v 0.06689009 14.6865635 -1.2610351
v 0.05674005 14.760803 -1.4709551
v -0.26913002 15.439673 -1.610255
v 0.0068199304 15.390784 -1.736505
v -0.43424007 15.400164 -2.147775
v 0.20243996 15.193653 -1.4328351
v -0.24692002 15.272824 -1.6972948
v -0.41734 15.108543 -1.7198049
v -0.30611995 14.905284 -1.4146252
v -0.10653996 15.097064 -1.385065
v -0.15650997 15.247054 -1.310295
v 0.49603 14.092964 0.73723584
v -0.49603 14.092964 0.73723584
v 0.45817 13.894304 0.4686957
v 0.20242001 14.1648245 0.9273458
v 0.19508001 14.222274 0.92275584
v 0.0794405 14.222274 0.9771448
v 0.084170505 14.166104 0.9816047
v -0.08416948 14.166104 0.9816047
v 5.228462E-07 14.160044 1.0237848
v -0.07943948 14.222274 0.9771448
v 5.1442794E-07 14.215354 1.0167748
v -0.07992949 14.262404 0.9771447
v 5.0999415E-07 14.251834 1.0193546
v 0.07993049 14.262404 0.9771447
v 0 14.330904 1.1704959
v 0.08218 14.329502 1.1203158
v 1.4210855E-14 14.414543 1.1905358
v 0.08218 14.407133 1.1414158
v 2.842171E-14 14.508524 1.1099058
v 0.0827 14.498813 1.0499458
v -0.45817 13.894304 0.46869573
v -0.08218 14.329502 1.1203158
v -0.08218 14.407133 1.1414158
v -0.0827 14.498813 1.0499458
v 0.31166 14.082354 0.8120458
v 0.37516 14.128833 0.7835658
v 0.30714 14.111943 0.81593585
v 0.38459 14.165064 0.8073958
v 0.57763 14.047245 0.6394358
v -0.57763 14.047245 0.6394358
v 0.21067 14.104274 0.8763058
v 0.10157 14.043503 0.9141358
v 0.21373 14.058444 0.87329584
v 0.0991705 14.090822 0.9245947
v 2.842171E-14 14.032043 0.9440258
v 5.2170026E-07 14.082853 0.95049477
v -0.09916947 14.090822 0.92459476
v -0.10157 14.043503 0.9141358
v -0.21067 14.104274 0.8763058
v -0.21373 14.058444 0.87329584
v -0.30714 14.111943 0.8159359
v -0.31166 14.082354 0.8120459
v -0.37516 14.128833 0.7835658
v -0.38459 14.165064 0.8073958
v -0.29697 14.303334 0.8827559
v -0.19507998 14.222274 0.92275584
v -0.16321999 14.326454 0.92644584
v -0.30587 14.210685 0.8656859
v -0.20241998 14.1648245 0.9273458
v -0.30743 14.151053 0.8674759
v -0.37074 14.189903 0.82110584
o Mesh_16
g polygon_0
usemtl Joint_0_Object_16_Material_16
f 2357//1777 2359//1777 2358//1777
f 2360//1777 2357//1777 2358//1777
f 2361//1777 2363//1777 2362//1777
f 2364//1777 2361//1777 2362//1777
f 2364//1777 2362//1777 2365//1777
f 2366//1777 2364//1777 2365//1777
f 2367//1777 2366//1777 2365//1777
f 2367//1777 2365//1777 2368//1777
f 2369//1777 2367//1777 2368//1777
f 2369//1777 2368//1777 2370//1777
f 2371//1777 2369//1777 2370//1777
f 2372//1777 2371//1777 2370//1777
f 2372//1777 2370//1777 2373//1777
f 2374//1777 2372//1777 2373//1777
f 2374//1777 2373//1777 2375//1777
f 2376//1777 2374//1777 2375//1777
f 2376//1777 2375//1777 2377//1777
f 2378//1777 2376//1777 2377//1777
f 2378//1777 2377//1777 2379//1777
f 2380//1777 2378//1777 2379//1777
f 2381//1777 2380//1777 2379//1777
f 2381//1777 2379//1777 2382//1777
f 2383//1777 2381//1777 2382//1777
f 2383//1777 2382//1777 2384//1777
f 2385//1777 2383//1777 2384//1777
f 2385//1777 2384//1777 2386//1777
f 2387//1777 2385//1777 2386//1777
f 2387//1777 2386//1777 2388//1777
f 2389//1777 2387//1777 2388//1777
f 2389//1777 2388//1777 2390//1777
f 2391//1777 2389//1777 2390//1777
f 2391//1777 2390//1777 2392//1777
f 2391//1777 2392//1777 2369//1777
f 2371//1777 2391//1777 2369//1777
f 2393//1777 2361//1777 2364//1777
f 2394//1777 2393//1777 2364//1777
f 2394//1777 2364//1777 2366//1777
f 2395//1777 2394//1777 2366//1777
f 2396//1777 2395//1777 2366//1777
f 2396//1777 2366//1777 2367//1777
f 2392//1777 2396//1777 2367//1777
f 2392//1777 2367//1777 2369//1777
f 2397//1777 2399//1777 2398//1777
f 2400//1777 2397//1777 2398//1777
f 2400//1777 2398//1777 2401//1777
f 2402//1777 2400//1777 2401//1777
f 2402//1777 2401//1777 2403//1777
f 2404//1777 2402//1777 2403//1777
f 2404//1777 2403//1777 2405//1777
f 2404//1777 2405//1777 2406//1777
f 2394//1777 2404//1777 2406//1777
f 2394//1777 2406//1777 2393//1777
f 2404//1777 2394//1777 2395//1777
f 2402//1777 2404//1777 2395//1777
f 2402//1777 2395//1777 2359//1777
f 2400//1777 2402//1777 2359//1777
f 2400//1777 2359//1777 2357//1777
f 2397//1777 2400//1777 2357//1777
f 2359//1777 2395//1777 2396//1777
f 2358//1777 2359//1777 2396//1777
f 2358//1777 2396//1777 2392//1777
f 2358//1777 2392//1777 2390//1777
f 2360//1777 2358//1777 2390//1777
f 2360//1777 2390//1777 2388//1777
f 2407//1777 2360//1777 2388//1777
f 2407//1777 2388//1777 2386//1777
f 2408//1777 2407//1777 2386//1777
f 2408//1777 2386//1777 2384//1777
f 2409//1777 2408//1777 2384//1777
f 2409//1777 2384//1777 2382//1777
f 2410//1777 2409//1777 2382//1777
f 2410//1777 2382//1777 2379//1777
f 2410//1777 2379//1777 2377//1777
f 2411//1777 2410//1777 2377//1777
f 2411//1777 2377//1777 2375//1777
f 2412//1777 2411//1777 2375//1777
f 2412//1777 2375//1777 2373//1777
f 2413//1777 2412//1777 2373//1777
f 2413//1777 2373//1777 2370//1777
f 2413//1777 2370//1777 2368//1777
f 2413//1777 2368//1777 2414//1777
f 2415//1777 2413//1777 2414//1777
f 2416//1777 2415//1777 2414//1777
f 2416//1777 2414//1777 2417//1777
f 2416//1777 2417//1777 2418//1777
f 2419//1777 2416//1777 2418//1777
f 2420//1777 2419//1777 2418//1777
f 2420//1777 2418//1777 2421//1777
f 2422//1777 2420//1777 2421//1777
f 2422//1777 2421//1777 2423//1777
f 2424//1777 2422//1777 2423//1777
f 2425//1777 2424//1777 2423//1777
f 2425//1777 2423//1777 2426//1777
f 2427//1777 2425//1777 2426//1777
f 2427//1777 2426//1777 2428//1777
f 2412//1777 2413//1777 2415//1777
f 2429//1777 2412//1777 2415//1777
f 2430//1777 2429//1777 2415//1777
f 2430//1777 2415//1777 2416//1777
f 2430//1777 2416//1777 2419//1777
f 2431//1777 2430//1777 2419//1777
f 2432//1777 2431//1777 2419//1777
f 2432//1777 2419//1777 2420//1777
f 2433//1777 2432//1777 2420//1777
f 2433//1777 2420//1777 2422//1777
f 2434//1777 2433//1777 2422//1777
f 2434//1777 2422//1777 2424//1777
f 2435//1777 2434//1777 2424//1777
f 2436//1777 2435//1777 2424//1777
f 2436//1777 2424//1777 2425//1777
f 2436//1777 2425//1777 2437//1777
f 2436//1777 2437//1777 2438//1777
f 2436//1777 2438//1777 2439//1777
f 2435//1777 2436//1777 2439//1777
f 2435//1777 2439//1777 2440//1777
f 2435//1777 2440//1777 2441//1777
f 2434//1777 2435//1777 2441//1777
f 2434//1777 2441//1777 2442//1777
f 2433//1777 2434//1777 2442//1777
f 2432//1777 2433//1777 2442//1777
f 2432//1777 2442//1777 2443//1777
f 2444//1777 2432//1777 2443//1777
f 2445//1777 2444//1777 2443//1777
f 2446//1777 2445//1777 2443//1777
f 2446//1777 2443//1777 2442//1777
f 2447//1777 2446//1777 2442//1777
f 2447//1777 2442//1777 2441//1777
f 2448//1777 2447//1777 2441//1777
f 2448//1777 2441//1777 2440//1777
f 2449//1777 2448//1777 2440//1777
f 2450//1777 2449//1777 2440//1777
f 2450//1777 2440//1777 2439//1777
f 2451//1777 2450//1777 2439//1777
f 2452//1777 2451//1777 2439//1777
f 2452//1777 2439//1777 2438//1777
f 2452//1777 2438//1777 2453//1777
f 2452//1777 2453//1777 2454//1777
f 2451//1777 2452//1777 2454//1777
f 2451//1777 2454//1777 2455//1777
f 2450//1777 2451//1777 2455//1777
f 2450//1777 2455//1777 2456//1777
f 2449//1777 2450//1777 2456//1777
f 2449//1777 2456//1777 2457//1777
f 2449//1777 2457//1777 2458//1777
f 2448//1777 2449//1777 2458//1777
f 2448//1777 2458//1777 2459//1777
f 2447//1777 2448//1777 2459//1777
f 2446//1777 2447//1777 2459//1777
f 2446//1777 2459//1777 2460//1777
f 2445//1777 2446//1777 2460//1777
f 2445//1777 2460//1777 2461//1777
f 2445//1777 2461//1777 2462//1777
f 2444//1777 2445//1777 2462//1777
f 2444//1777 2462//1777 2463//1777
f 2444//1777 2463//1777 2430//1777
f 2444//1777 2430//1777 2464//1777
f 2432//1777 2444//1777 2464//1777
f 2465//1777 2432//1777 2464//1777
f 2465//1777 2464//1777 2430//1777
f 2465//1777 2430//1777 2466//1777
f 2432//1777 2465//1777 2466//1777
f 2432//1777 2466//1777 2467//1777
f 2431//1777 2432//1777 2467//1777
f 2430//1777 2431//1777 2467//1777
f 2430//1777 2467//1777 2466//1777
f 2468//1777 2360//1777 2407//1777
f 2469//1777 2468//1777 2407//1777
f 2469//1777 2407//1777 2408//1777
f 2470//1777 2469//1777 2408//1777
f 2471//1777 2470//1777 2408//1777
f 2471//1777 2408//1777 2409//1777
f 2472//1777 2471//1777 2409//1777
f 2472//1777 2409//1777 2410//1777
f 2472//1777 2410//1777 2411//1777
f 2473//1777 2472//1777 2411//1777
f 2473//1777 2411//1777 2412//1777
f 2473//1777 2412//1777 2429//1777
f 2474//1777 2473//1777 2429//1777
f 2475//1777 2474//1777 2429//1777
f 2475//1777 2429//1777 2430//1777
f 2476//1777 2475//1777 2430//1777
f 2476//1777 2430//1777 2463//1777
f 2475//1777 2476//1777 2463//1777
f 2477//1777 2475//1777 2463//1777
f 2477//1777 2463//1777 2462//1777
f 2478//1777 2477//1777 2462//1777
f 2479//1777 2478//1777 2462//1777
f 2479//1777 2462//1777 2461//1777
f 2480//1777 2479//1777 2461//1777
f 2481//1777 2480//1777 2461//1777
f 2481//1777 2461//1777 2460//1777
f 2482//1777 2481//1777 2460//1777
f 2482//1777 2460//1777 2459//1777
f 2483//1777 2482//1777 2459//1777
f 2483//1777 2459//1777 2458//1777
f 2484//1777 2483//1777 2458//1777
f 2484//1777 2458//1777 2457//1777
f 2485//1777 2484//1777 2457//1777
f 2486//1777 2485//1777 2457//1777
f 2486//1777 2457//1777 2456//1777
f 2487//1777 2486//1777 2456//1777
f 2487//1777 2456//1777 2455//1777
f 2488//1777 2487//1777 2455//1777
f 2488//1777 2455//1777 2454//1777
f 2489//1777 2488//1777 2454//1777
f 2489//1777 2454//1777 2453//1777
f 2489//1777 2453//1777 2490//1777
f 2489//1777 2490//1777 2491//1777
f 2489//1777 2491//1777 2492//1777
f 2488//1777 2489//1777 2492//1777
f 2488//1777 2492//1777 2493//1777
f 2487//1777 2488//1777 2493//1777
f 2487//1777 2493//1777 2494//1777
f 2487//1777 2494//1777 2495//1777
f 2487//1777 2495//1777 2496//1777
f 2486//1777 2487//1777 2496//1777
f 2486//1777 2496//1777 2497//1777
f 2485//1777 2486//1777 2497//1777
f 2485//1777 2497//1777 2498//1777
f 2485//1777 2498//1777 2499//1777
f 2484//1777 2485//1777 2499//1777
f 2484//1777 2499//1777 2500//1777
f 2483//1777 2484//1777 2500//1777
f 2483//1777 2500//1777 2501//1777
f 2482//1777 2483//1777 2501//1777
f 2482//1777 2501//1777 2502//1777
f 2481//1777 2482//1777 2502//1777
f 2481//1777 2502//1777 2503//1777
f 2480//1777 2481//1777 2503//1777
f 2480//1777 2503//1777 2504//1777
f 2505//1777 2480//1777 2504//1777
f 2505//1777 2504//1777 2506//1777
f 2507//1777 2505//1777 2506//1777
f 2507//1777 2506//1777 2508//1777
f 2509//1777 2507//1777 2508//1777
f 2509//1777 2508//1777 2510//1777
f 2511//1777 2509//1777 2510//1777
f 2511//1777 2510//1777 2512//1777
f 2513//1777 2511//1777 2512//1777
f 2513//1777 2512//1777 2514//1777
f 2515//1777 2513//1777 2514//1777
f 2515//1777 2514//1777 2516//1777
f 2517//1777 2515//1777 2516//1777
f 2517//1777 2516//1777 2518//1777
f 2519//1777 2517//1777 2518//1777
f 2519//1777 2518//1777 2520//1777
f 2521//1777 2519//1777 2520//1777
f 2521//1777 2520//1777 2522//1777
f 2497//1777 2521//1777 2522//1777
f 2497//1777 2522//1777 2498//1777
f 2475//1777 2477//1777 2523//1777
f 2474//1777 2475//1777 2523//1777
f 2474//1777 2523//1777 2477//1777
f 2524//1777 2474//1777 2477//1777
f 2524//1777 2477//1777 2478//1777
f 2525//1777 2524//1777 2478//1777
f 2526//1777 2525//1777 2478//1777
f 2527//1777 2526//1777 2478//1777
f 2527//1777 2478//1777 2479//1777
f 2505//1777 2527//1777 2479//1777
f 2505//1777 2479//1777 2480//1777
f 2521//1777 2497//1777 2496//1777
f 2519//1777 2521//1777 2496//1777
f 2519//1777 2496//1777 2495//1777
f 2517//1777 2519//1777 2495//1777
f 2517//1777 2495//1777 2528//1777
f 2515//1777 2517//1777 2528//1777
f 2515//1777 2528//1777 2529//1777
f 2513//1777 2515//1777 2529//1777
f 2513//1777 2529//1777 2530//1777
f 2511//1777 2513//1777 2530//1777
f 2511//1777 2530//1777 2531//1777
f 2509//1777 2511//1777 2531//1777
f 2509//1777 2531//1777 2532//1777
f 2507//1777 2509//1777 2532//1777
f 2507//1777 2532//1777 2533//1777
f 2505//1777 2507//1777 2533//1777
f 2527//1777 2505//1777 2533//1777
f 2527//1777 2533//1777 2534//1777
f 2526//1777 2527//1777 2534//1777
f 2526//1777 2534//1777 2535//1777
f 2526//1777 2535//1777 2536//1777
f 2525//1777 2526//1777 2536//1777
f 2537//1777 2525//1777 2536//1777
f 2537//1777 2536//1777 2538//1777
f 2537//1777 2538//1777 2472//1777
f 2537//1777 2472//1777 2473//1777
f 2539//1777 2537//1777 2473//1777
f 2539//1777 2473//1777 2474//1777
f 2540//1777 2539//1777 2474//1777
f 2540//1777 2474//1777 2524//1777
f 2539//1777 2540//1777 2524//1777
f 2539//1777 2524//1777 2525//1777
f 2541//1777 2539//1777 2525//1777
f 2541//1777 2525//1777 2537//1777
f 2539//1777 2541//1777 2537//1777
f 2528//1777 2495//1777 2494//1777
f 2528//1777 2494//1777 2542//1777
f 2529//1777 2528//1777 2542//1777
f 2529//1777 2542//1777 2543//1777
f 2530//1777 2529//1777 2543//1777
f 2530//1777 2543//1777 2544//1777
f 2530//1777 2544//1777 2545//1777
f 2531//1777 2530//1777 2545//1777
f 2531//1777 2545//1777 2546//1777
f 2532//1777 2531//1777 2546//1777
f 2532//1777 2546//1777 2547//1777
f 2533//1777 2532//1777 2547//1777
f 2534//1777 2533//1777 2547//1777
f 2534//1777 2547//1777 2548//1777
f 2534//1777 2548//1777 2549//1777
f 2535//1777 2534//1777 2549//1777
f 2535//1777 2549//1777 2550//1777
f 2551//1777 2535//1777 2550//1777
f 2551//1777 2550//1777 2552//1777
f 2535//1777 2551//1777 2552//1777
f 2536//1777 2535//1777 2552//1777
f 2553//1777 2536//1777 2552//1777
f 2472//1777 2553//1777 2552//1777
f 2471//1777 2472//1777 2552//1777
f 2471//1777 2552//1777 2550//1777
f 2471//1777 2550//1777 2554//1777
f 2470//1777 2471//1777 2554//1777
f 2470//1777 2554//1777 2555//1777
f 2470//1777 2555//1777 2556//1777
f 2469//1777 2470//1777 2556//1777
f 2469//1777 2556//1777 2557//1777
f 2468//1777 2469//1777 2557//1777
f 2558//1777 2468//1777 2557//1777
f 2559//1777 2558//1777 2557//1777
f 2560//1777 2559//1777 2557//1777
f 2560//1777 2557//1777 2556//1777
f 2561//1777 2560//1777 2556//1777
f 2561//1777 2556//1777 2562//1777
f 2561//1777 2562//1777 2563//1777
f 2560//1777 2561//1777 2563//1777
f 2560//1777 2563//1777 2564//1777
f 2559//1777 2560//1777 2564//1777
f 2565//1777 2559//1777 2564//1777
f 2565//1777 2564//1777 2566//1777
f 2567//1777 2565//1777 2566//1777
f 2568//1777 2567//1777 2566//1777
f 2568//1777 2566//1777 2569//1777
f 2568//1777 2569//1777 2570//1777
f 2571//1777 2568//1777 2570//1777
f 2571//1777 2570//1777 2572//1777
f 2573//1777 2571//1777 2572//1777
f 2573//1777 2572//1777 2574//1777
f 2491//1777 2573//1777 2574//1777
f 2492//1777 2491//1777 2574//1777
f 2492//1777 2574//1777 2575//1777
f 2493//1777 2492//1777 2575//1777
f 2493//1777 2575//1777 2576//1777
f 2494//1777 2493//1777 2576//1777
f 2542//1777 2494//1777 2576//1777
f 2542//1777 2576//1777 2577//1777
f 2543//1777 2542//1777 2577//1777
f 2543//1777 2577//1777 2578//1777
f 2544//1777 2543//1777 2578//1777
f 2544//1777 2578//1777 2579//1777
f 2545//1777 2544//1777 2579//1777
f 2545//1777 2579//1777 2580//1777
f 2546//1777 2545//1777 2580//1777
f 2546//1777 2580//1777 2581//1777
f 2547//1777 2546//1777 2581//1777
f 2547//1777 2581//1777 2582//1777
f 2548//1777 2547//1777 2582//1777
f 2548//1777 2582//1777 2555//1777
f 2583//1777 2548//1777 2555//1777
f 2583//1777 2555//1777 2554//1777
f 2548//1777 2583//1777 2554//1777
f 2549//1777 2548//1777 2554//1777
f 2549//1777 2554//1777 2584//1777
f 2550//1777 2549//1777 2584//1777
f 2550//1777 2584//1777 2554//1777
f 2575//1777 2574//1777 2572//1777
f 2576//1777 2575//1777 2572//1777
f 2577//1777 2576//1777 2572//1777
f 2577//1777 2572//1777 2570//1777
f 2578//1777 2577//1777 2570//1777
f 2578//1777 2570//1777 2569//1777
f 2579//1777 2578//1777 2569//1777
f 2585//1777 2579//1777 2569//1777
f 2585//1777 2569//1777 2566//1777
f 2585//1777 2566//1777 2564//1777
f 2585//1777 2564//1777 2563//1777
f 2579//1777 2585//1777 2563//1777
f 2580//1777 2579//1777 2563//1777
f 2581//1777 2580//1777 2563//1777
f 2581//1777 2563//1777 2586//1777
f 2581//1777 2586//1777 2556//1777
f 2582//1777 2581//1777 2556//1777
f 2582//1777 2556//1777 2587//1777
f 2555//1777 2582//1777 2587//1777
f 2555//1777 2587//1777 2556//1777
f 2588//1777 2590//1777 2589//1777
f 2591//1777 2588//1777 2589//1777
f 2591//1777 2589//1777 2590//1777
f 2592//1777 2591//1777 2590//1777
f 290//1777 2592//1777 2590//1777
f 290//1777 2590//1777 2588//1777
f 289//1777 290//1777 2588//1777
f 289//1777 2588//1777 2591//1777
f 289//1777 2591//1777 2592//1777
f 289//1777 2592//1777 2593//1777
f 294//1777 289//1777 2593//1777
f 2594//1777 294//1777 2593//1777
f 2594//1777 2593//1777 2592//1777
f 2595//1777 2594//1777 2592//1777
f 2595//1777 2592//1777 2596//1777
f 2595//1777 2596//1777 2597//1777
f 2594//1777 2595//1777 2597//1777
f 2594//1777 2597//1777 2598//1777
f 2599//1777 2594//1777 2598//1777
f 2600//1777 2599//1777 2598//1777
f 2600//1777 2598//1777 2597//1777
f 2601//1777 2600//1777 2597//1777
f 2602//1777 2601//1777 2597//1777
f 2603//1777 2602//1777 2597//1777
f 2603//1777 2597//1777 2596//1777
f 2603//1777 2596//1777 2604//1777
f 2602//1777 2603//1777 2604//1777
f 2602//1777 2604//1777 2605//1777
f 2602//1777 2605//1777 2606//1777
f 2601//1777 2602//1777 2606//1777
f 2601//1777 2606//1777 2607//1777
f 2600//1777 2601//1777 2607//1777
f 2600//1777 2607//1777 2608//1777
f 2609//1777 2600//1777 2608//1777
f 2610//1777 2609//1777 2608//1777
f 2610//1777 2608//1777 2607//1777
f 2611//1777 2610//1777 2607//1777
f 2611//1777 2607//1777 2612//1777
f 2611//1777 2612//1777 2613//1777
f 2610//1777 2611//1777 2613//1777
f 2610//1777 2613//1777 2614//1777
f 2615//1777 2610//1777 2614//1777
f 202//1777 2615//1777 2614//1777
f 202//1777 2614//1777 2613//1777
f 2616//1777 202//1777 2613//1777
f 2616//1777 2613//1777 2617//1777
f 2616//1777 2617//1777 2618//1777
f 202//1777 2616//1777 2618//1777
f 202//1777 2618//1777 2619//1777
f 266//1777 202//1777 2619//1777
f 189//1777 266//1777 2619//1777
f 189//1777 2619//1777 2618//1777
f 189//1777 2618//1777 2620//1777
f 191//1777 189//1777 2620//1777
f 2621//1777 191//1777 2620//1777
f 2621//1777 2620//1777 2618//1777
f 2621//1777 2618//1777 2617//1777
f 2622//1777 2621//1777 2617//1777
f 2622//1777 2617//1777 2623//1777
f 2621//1777 2622//1777 2623//1777
f 2621//1777 2623//1777 2624//1777
f 2621//1777 2624//1777 2625//1777
f 191//1777 2621//1777 2625//1777
f 191//1777 2625//1777 2626//1777
f 2627//1777 191//1777 2626//1777
f 2627//1777 2626//1777 2625//1777
f 2627//1777 2625//1777 2624//1777
f 2627//1777 2624//1777 2628//1777
f 2627//1777 2628//1777 2629//1777
f 270//1777 2627//1777 2629//1777
f 270//1777 2629//1777 2628//1777
f 270//1777 2628//1777 2624//1777
f 2630//1777 270//1777 2624//1777
f 2631//1777 2630//1777 2624//1777
f 2631//1777 2624//1777 2623//1777
f 2631//1777 2623//1777 2632//1777
f 2630//1777 2631//1777 2632//1777
f 2630//1777 2632//1777 2633//1777
f 2634//1777 2630//1777 2633//1777
f 2635//1777 2634//1777 2633//1777
f 2635//1777 2633//1777 2632//1777
f 2636//1777 2635//1777 2632//1777
f 2637//1777 2636//1777 2632//1777
f 2638//1777 2637//1777 2632//1777
f 2638//1777 2632//1777 2623//1777
f 2638//1777 2623//1777 2617//1777
f 2637//1777 2638//1777 2617//1777
f 2639//1777 2637//1777 2617//1777
f 2639//1777 2617//1777 2613//1777
f 2639//1777 2613//1777 2640//1777
f 2637//1777 2639//1777 2640//1777
f 2637//1777 2640//1777 2641//1777
f 2637//1777 2641//1777 2642//1777
f 2636//1777 2637//1777 2642//1777
f 2636//1777 2642//1777 2643//1777
f 2635//1777 2636//1777 2643//1777
f 2635//1777 2643//1777 2644//1777
f 2645//1777 2635//1777 2644//1777
f 2646//1777 2645//1777 2644//1777
f 2646//1777 2644//1777 2643//1777
f 2647//1777 2646//1777 2643//1777
f 2647//1777 2643//1777 2642//1777
f 2647//1777 2642//1777 2648//1777
f 2646//1777 2647//1777 2648//1777
f 2649//1777 2646//1777 2648//1777
f 2604//1777 2649//1777 2648//1777
f 2605//1777 2604//1777 2648//1777
f 2606//1777 2605//1777 2648//1777
f 2650//1777 2606//1777 2648//1777
f 2650//1777 2648//1777 2642//1777
f 2651//1777 2650//1777 2642//1777
f 2651//1777 2642//1777 2641//1777
f 2651//1777 2641//1777 2640//1777
f 2652//1777 2651//1777 2640//1777
f 2652//1777 2640//1777 2613//1777
f 2652//1777 2613//1777 2612//1777
f 2651//1777 2652//1777 2612//1777
f 2653//1777 2651//1777 2612//1777
f 2653//1777 2612//1777 2607//1777
f 2653//1777 2607//1777 2606//1777
f 2651//1777 2653//1777 2606//1777
f 2651//1777 2606//1777 2650//1777
f 2654//1777 2656//1777 2655//1777
f 2657//1777 2654//1777 2655//1777
f 2657//1777 2655//1777 2656//1777
f 2658//1777 2657//1777 2656//1777
f 2658//1777 2656//1777 2654//1777
f 232//1777 2658//1777 2654//1777
f 232//1777 2654//1777 2657//1777
f 230//1777 232//1777 2657//1777
f 230//1777 2657//1777 2658//1777
f 227//1777 230//1777 2658//1777
f 227//1777 2658//1777 2659//1777
f 227//1777 2659//1777 2660//1777
f 226//1777 227//1777 2660//1777
f 225//1777 226//1777 2660//1777
f 225//1777 2660//1777 2661//1777
f 225//1777 2661//1777 2662//1777
f 241//1777 225//1777 2662//1777
f 240//1777 241//1777 2662//1777
f 2663//1777 240//1777 2662//1777
f 2663//1777 2662//1777 2596//1777
f 2663//1777 2596//1777 2592//1777
f 240//1777 2663//1777 2592//1777
f 240//1777 2592//1777 290//1777
f 2556//1777 2665//1777 2664//1777
f 2562//1777 2556//1777 2664//1777
f 2563//1777 2562//1777 2664//1777
f 2563//1777 2664//1777 2665//1777
f 2586//1777 2563//1777 2665//1777
f 2586//1777 2665//1777 2556//1777
f 2660//1777 2667//1777 2666//1777
f 2661//1777 2660//1777 2666//1777
f 2662//1777 2661//1777 2666//1777
f 2662//1777 2666//1777 2668//1777
f 2596//1777 2662//1777 2668//1777
f 2604//1777 2596//1777 2668//1777
f 2604//1777 2668//1777 2666//1777
f 2649//1777 2604//1777 2666//1777
f 2646//1777 2649//1777 2666//1777
f 2646//1777 2666//1777 2667//1777
f 2645//1777 2646//1777 2667//1777
f 2645//1777 2667//1777 2660//1777
f 2645//1777 2660//1777 2659//1777
f 2645//1777 2659//1777 2658//1777
f 2645//1777 2658//1777 2669//1777
f 2635//1777 2645//1777 2669//1777
f 2634//1777 2635//1777 2669//1777
f 2634//1777 2669//1777 2658//1777
f 2670//1777 2634//1777 2658//1777
f 2670//1777 2658//1777 232//1777
f 2670//1777 232//1777 281//1777
f 2634//1777 2670//1777 281//1777
f 2634//1777 281//1777 2671//1777
f 2630//1777 2634//1777 2671//1777
f 270//1777 2630//1777 2671//1777
f 270//1777 2671//1777 281//1777
f 266//1777 262//1777 2672//1777
f 202//1777 266//1777 2672//1777
f 2615//1777 202//1777 2672//1777
f 2615//1777 2672//1777 262//1777
f 2673//1777 2615//1777 262//1777
f 2673//1777 262//1777 260//1777
f 2673//1777 260//1777 2674//1777
f 2615//1777 2673//1777 2674//1777
f 2610//1777 2615//1777 2674//1777
f 2610//1777 2674//1777 2675//1777
f 2609//1777 2610//1777 2675//1777
f 2609//1777 2675//1777 2674//1777
f 2676//1777 2609//1777 2674//1777
f 2677//1777 2676//1777 2674//1777
f 2677//1777 2674//1777 260//1777
f 2678//1777 2677//1777 260//1777
f 2678//1777 260//1777 2679//1777
f 2677//1777 2678//1777 2679//1777
f 2676//1777 2677//1777 2679//1777
f 2680//1777 2676//1777 2679//1777
f 2681//1777 2680//1777 2679//1777
f 2681//1777 2679//1777 296//1777
f 2680//1777 2681//1777 296//1777
f 2676//1777 2680//1777 296//1777
f 2676//1777 296//1777 2599//1777
f 2682//1777 2676//1777 2599//1777
f 2682//1777 2599//1777 2600//1777
f 2682//1777 2600//1777 2609//1777
f 2676//1777 2682//1777 2609//1777
f 2599//1777 296//1777 2683//1777
f 2594//1777 2599//1777 2683//1777
f 294//1777 2594//1777 2683//1777
f 294//1777 2683//1777 296//1777
f 2684//1777 2686//1777 2685//1777
f 2687//1777 2684//1777 2685//1777
f 2688//1777 2687//1777 2685//1777
f 2688//1777 2685//1777 2686//1777
f 2689//1777 2688//1777 2686//1777
f 2689//1777 2686//1777 2684//1777
f 2689//1777 2684//1777 2690//1777
f 2688//1777 2689//1777 2690//1777
f 2688//1777 2690//1777 2691//1777
f 2687//1777 2688//1777 2691//1777
f 421//1777 2687//1777 2691//1777
f 421//1777 2691//1777 2690//1777
f 2692//1777 421//1777 2690//1777
f 2692//1777 2690//1777 2684//1777
f 2692//1777 2684//1777 2687//1777
f 421//1777 2692//1777 2687//1777
f 2693//1777 2695//1777 2694//1777
f 2696//1777 2693//1777 2694//1777
f 2697//1777 2696//1777 2694//1777
f 2697//1777 2694//1777 2695//1777
f 2698//1777 2697//1777 2695//1777
f 2698//1777 2695//1777 2693//1777
f 2698//1777 2693//1777 2699//1777
f 2697//1777 2698//1777 2699//1777
f 2697//1777 2699//1777 2700//1777
f 2696//1777 2697//1777 2700//1777
f 431//1777 2696//1777 2700//1777
f 431//1777 2700//1777 2699//1777
f 2701//1777 431//1777 2699//1777
f 2701//1777 2699//1777 2693//1777
f 2701//1777 2693//1777 2696//1777
f 431//1777 2701//1777 2696//1777
f 2702//1777 2362//1777 2363//1777
f 2397//1777 2703//1777 2399//1777
f 2365//1777 2362//1777 2704//1777
f 2368//1777 2365//1777 2704//1777
f 2414//1777 2368//1777 2704//1777
f 2414//1777 2704//1777 2417//1777
f 2428//1777 306//1777 305//1777
f 2428//1777 305//1777 2705//1777
f 2427//1777 2428//1777 2705//1777
f 2427//1777 2705//1777 2706//1777
f 2425//1777 2427//1777 2706//1777
f 2437//1777 2425//1777 2706//1777
f 2707//1777 2437//1777 2706//1777
f 2708//1777 2707//1777 2706//1777
f 2708//1777 2706//1777 2705//1777
f 311//1777 2708//1777 2705//1777
f 311//1777 2705//1777 305//1777
f 312//1777 326//1777 2709//1777
f 2710//1777 312//1777 2709//1777
f 2710//1777 2709//1777 2711//1777
f 2712//1777 2710//1777 2711//1777
f 2712//1777 2711//1777 2713//1777
f 2712//1777 2713//1777 2714//1777
f 2715//1777 2712//1777 2714//1777
f 2715//1777 2714//1777 2716//1777
f 2717//1777 2715//1777 2716//1777
f 2717//1777 2716//1777 2718//1777
f 2719//1777 2717//1777 2718//1777
f 2719//1777 2718//1777 2720//1777
f 2721//1777 2719//1777 2720//1777
f 2721//1777 2720//1777 2490//1777
f 2721//1777 2490//1777 2453//1777
f 2721//1777 2453//1777 2438//1777
f 2719//1777 2721//1777 2438//1777
f 2719//1777 2438//1777 2437//1777
f 2717//1777 2719//1777 2437//1777
f 2715//1777 2717//1777 2437//1777
f 2715//1777 2437//1777 2707//1777
f 2712//1777 2715//1777 2707//1777
f 2710//1777 2712//1777 2707//1777
f 2710//1777 2707//1777 2708//1777
f 312//1777 2710//1777 2708//1777
f 312//1777 2708//1777 311//1777
f 2468//1777 2558//1777 2722//1777
f 2360//1777 2468//1777 2722//1777
f 2357//1777 2360//1777 2722//1777
f 2357//1777 2722//1777 2397//1777
f 2716//1777 2714//1777 2713//1777
f 2716//1777 2713//1777 2723//1777
f 2718//1777 2716//1777 2723//1777
f 2718//1777 2723//1777 2724//1777
f 2720//1777 2718//1777 2724//1777
f 2720//1777 2724//1777 2725//1777
f 2490//1777 2720//1777 2725//1777
f 2491//1777 2490//1777 2725//1777
f 2573//1777 2491//1777 2725//1777
f 2573//1777 2725//1777 2724//1777
f 2361//1777 2393//1777 2726//1777
f 2727//1777 2361//1777 2726//1777
f 2727//1777 2726//1777 2728//1777
f 331//1777 2727//1777 2728//1777
f 331//1777 2728//1777 333//1777
f 2363//1777 2361//1777 2727//1777
f 2702//1777 2363//1777 2727//1777
f 2729//1777 2702//1777 2727//1777
f 2729//1777 2727//1777 331//1777
f 2729//1777 331//1777 337//1777
f 2729//1777 337//1777 306//1777
f 2729//1777 306//1777 2428//1777
f 2729//1777 2428//1777 2426//1777
f 2729//1777 2426//1777 2423//1777
f 2702//1777 2729//1777 2423//1777
f 2702//1777 2423//1777 2421//1777
f 2730//1777 2702//1777 2421//1777
f 2730//1777 2421//1777 2418//1777
f 2730//1777 2418//1777 2417//1777
f 2730//1777 2417//1777 2704//1777
f 2730//1777 2704//1777 2362//1777
f 2702//1777 2730//1777 2362//1777
f 2397//1777 2722//1777 2731//1777
f 2703//1777 2397//1777 2731//1777
f 2565//1777 2703//1777 2731//1777
f 2559//1777 2565//1777 2731//1777
f 2558//1777 2559//1777 2731//1777
f 2558//1777 2731//1777 2722//1777
f 2732//1777 2734//1777 2733//1777
f 2735//1777 2732//1777 2733//1777
f 2735//1777 2733//1777 2736//1777
f 2737//1777 2735//1777 2736//1777
f 2738//1777 2737//1777 2736//1777
f 2738//1777 2736//1777 2739//1777
f 2740//1777 2738//1777 2739//1777
f 2740//1777 2739//1777 2741//1777
f 2742//1777 2740//1777 2741//1777
f 2742//1777 2741//1777 2743//1777
f 2742//1777 2743//1777 2744//1777
f 2742//1777 2744//1777 340//1777
f 2742//1777 340//1777 360//1777
f 2740//1777 2742//1777 360//1777
f 2740//1777 360//1777 358//1777
f 2738//1777 2740//1777 358//1777
f 2738//1777 358//1777 356//1777
f 2737//1777 2738//1777 356//1777
f 2737//1777 356//1777 355//1777
f 2737//1777 355//1777 353//1777
f 2735//1777 2737//1777 353//1777
f 2735//1777 353//1777 351//1777
f 2732//1777 2735//1777 351//1777
f 2732//1777 351//1777 333//1777
f 2732//1777 333//1777 2728//1777
f 2734//1777 2732//1777 2728//1777
f 2734//1777 2728//1777 2726//1777
f 2734//1777 2726//1777 2393//1777
f 2734//1777 2393//1777 2406//1777
f 2733//1777 2734//1777 2406//1777
f 2733//1777 2406//1777 2405//1777
f 2736//1777 2733//1777 2405//1777
f 2739//1777 2736//1777 2405//1777
f 2739//1777 2405//1777 2403//1777
f 2741//1777 2739//1777 2403//1777
f 2741//1777 2403//1777 2401//1777
f 2743//1777 2741//1777 2401//1777
f 2743//1777 2401//1777 2398//1777
f 2744//1777 2743//1777 2398//1777
f 2744//1777 2398//1777 2399//1777
f 2744//1777 2399//1777 2703//1777
f 2744//1777 2703//1777 2745//1777
f 340//1777 2744//1777 2745//1777
f 340//1777 2745//1777 342//1777
f 2567//1777 2703//1777 2565//1777
f 2746//1777 2748//1777 2747//1777
f 2749//1777 2746//1777 2747//1777
f 2749//1777 2747//1777 2750//1777
f 2749//1777 2750//1777 2751//1777
f 2749//1777 2751//1777 2752//1777
f 2746//1777 2749//1777 2752//1777
f 2746//1777 2752//1777 2567//1777
f 2746//1777 2567//1777 2568//1777
f 2746//1777 2568//1777 2571//1777
f 2748//1777 2746//1777 2571//1777
f 2748//1777 2571//1777 2573//1777
f 2748//1777 2573//1777 2724//1777
f 2748//1777 2724//1777 2723//1777
f 2748//1777 2723//1777 2713//1777
f 2748//1777 2713//1777 2711//1777
f 2747//1777 2748//1777 2711//1777
f 2747//1777 2711//1777 2709//1777
f 2750//1777 2747//1777 2709//1777
f 2750//1777 2709//1777 326//1777
f 2750//1777 326//1777 367//1777
f 2751//1777 2750//1777 367//1777
f 2751//1777 367//1777 365//1777
f 365//1777 342//1777 2745//1777
f 2751//1777 365//1777 2745//1777
f 2752//1777 2751//1777 2745//1777
f 2567//1777 2752//1777 2745//1777
f 2567//1777 2745//1777 2703//1777
v -0.50596786 1.3978708 -0.072148204
v -0.45099807 2.6190007 -0.0723586
v -0.59949785 1.3979111 0.20955172
v -0.5976078 1.3979108 -0.41215816
v -0.550268 2.6190004 -0.43455857
v -0.8998678 1.3978708 -0.56770825
v -0.9005879 2.6190004 -0.62773865
v -1.2415379 2.6190007 -0.43455872
v -1.1739578 1.3979111 -0.41215828
v -1.3598579 2.6190004 -0.07235881
v -1.2718577 1.3978708 -0.07214839
v -1.1738577 1.3979111 0.20955159
v -1.241418 2.6190007 0.22550118
v -0.89986783 1.397871 0.35374168
v -0.90058804 2.6190007 0.39590126
v -0.552298 2.6190007 0.22392134
v -1.6688781 7.3410726 -0.59695035
v -1.6308644 6.6361523 -0.68617004
v -1.9599841 6.6361527 0.08709976
v -0.92712873 7.0483418 -1.0588999
v -0.9155771 6.6361523 -1.0721098
v -0.2566117 7.021109 -0.6627699
v -0.14089853 6.6361527 -0.6581697
v -0.0053786635 6.6361527 0.08710021
v -0.16912198 6.09975 -0.6317195
v -0.9212984 6.0997496 -1.0167695
v -1.6288714 6.0997496 -0.65970993
v -1.9236195 6.09076 0.051429942
v -1.6055632 6.09975 0.8089999
v -1.6002332 6.6361527 0.8533398
v -0.92230636 6.0997505 1.1840801
v -0.9174607 6.6361527 1.2461998
v -0.24608994 6.09975 0.81295025
v -0.24305862 6.618743 0.8642201
v -0.3137375 7.0897903 0.93386984
v -0.014569223 6.09076 0.051430386
v -0.1715221 5.38246 -0.62488
v -0.93419814 5.38246 -1.00407
v -1.6405683 5.38246 -0.64532
v -1.8774287 5.38246 -0.032040007
v -1.6213579 5.38245 0.70242
v -0.93419814 5.38245 1.05492
v -0.2289376 5.38245 0.70117
v -0.016501088 5.38246 -0.032040007
v -1.8245995 2.3702104 -0.032038838
v -1.6612513 2.2105803 -0.033998758
v -1.4241896 2.2105803 0.43425125
v -1.44061 2.2105806 -0.6060787
v -1.4104264 2.2572703 -0.5848287
v -1.6192895 2.2572703 -0.029608764
v -1.3948814 2.2572703 0.42323124
v -0.91899735 2.2572706 0.6630013
v -0.92147106 2.2105806 0.6796514
v -0.40251803 2.2105806 0.43360147
v -0.2896381 2.3702102 0.5650714
v -0.009138107 2.3702104 -0.032038413
v -0.173778 2.2105803 -0.03399841
v -0.27946794 2.2105803 -0.5819384
v -0.15563798 2.3702102 -0.69111836
v -0.9214709 2.2105803 -0.85808843
v -0.92167443 2.37021 -1.0148484
v -1.589472 2.3702102 -0.68522877
v -1.9226841 3.1960006 -0.032039125
v -1.5326984 2.3702104 0.55970114
v -0.92167455 2.3702104 0.83646125
v -0.22877818 3.196001 0.6560513
v 0.07747185 3.1960006 -0.03203866
v -0.09555811 3.1960006 -0.78239846
v -0.921298 3.1960006 -1.1531188
v -1.6886761 3.1960006 -0.77991885
v -1.8056242 3.3060005 -0.032039136
v -1.5918341 3.1960008 0.6545309
v -0.9212982 3.196001 0.954531
v -0.37261817 3.3060007 0.46157116
v -0.024778187 3.3060007 -0.03203872
v -0.17631805 3.3060002 -0.6398686
v -0.921298 3.3060002 -0.98253876
v -1.6281254 3.3060002 -0.633979
v -1.8602195 3.7200603 -0.032039274
v -1.4494159 3.3060007 0.46823093
v -0.92129815 3.3060007 0.7947509
v -0.29396832 4.2789006 0.51917076
v 0.02109176 3.7208405 -0.032038834
v -0.095558226 4.0890203 -0.8155988
v -0.92129815 4.05317 -1.2329991
v -1.7733741 4.1013203 -0.82117915
v -1.9789796 4.2361903 -0.03203947
v -1.5448637 4.2789006 0.5151505
v -0.9212983 4.2789006 0.8637306
v -0.25237 4.79573 0.65703
v -0.93419814 4.79573 1.01147
v -1.6035618 4.79573 0.66134
v -1.865898 4.79573 -0.032040007
v -1.623331 4.44179 -0.6849794
v -0.92129815 4.36485 -1.080809
v -0.23196822 4.4417906 -0.66656905
v 0.11885166 4.2287703 -0.032038976
v -4.2267155E-05 4.793774 -0.029954024
v 0.00073 4.79573 -0.032040007
v -0.9189972 2.2572703 -0.8294085
v -0.31044793 2.2572706 -0.56139845
v -0.21039802 2.2572703 -0.029608436
v -0.42692804 2.2572706 0.42260146
v -1.3644278 1.704701 0.32548147
v -1.3289977 1.654491 0.28699145
v -1.4759977 1.654491 -0.086008534
v -0.9013779 1.704701 0.5741916
v -0.9014679 1.654491 0.5132115
v -0.44599792 1.654491 0.28699166
v -0.40807796 1.7047012 0.32548168
v -0.3289979 1.654491 -0.086008266
v -0.28135794 1.7047007 -0.08458828
v -0.40807787 1.704701 -0.5287482
v -0.44599786 1.654491 -0.4900082
v -0.9008778 1.7047007 -0.7747383
v -0.9009978 1.6544907 -0.71375835
v -1.3289979 1.6544907 -0.4900084
v -1.3644278 1.7047007 -0.5287484
v -1.5236378 1.704701 -0.08458857
v -1.52364 1.1533297 -0.084590025
v -1.36443 1.1533297 -0.52875
v -0.90088 1.1533297 -0.77474004
v -0.40808 1.1533297 -0.52875
v -0.28136 1.1533297 -0.084590025
v -0.40808 1.1533297 0.32548
v -0.90138 1.1533297 0.57419
v -1.36443 1.1533297 0.32548
v -1.27562 1.0844697 0.25182
v -0.90138 1.0803698 0.48754
v -0.48931 1.0844697 0.25182
v -0.3814 1.0848397 -0.08501
v -0.48931 1.0844697 -0.4342
v -0.90138 1.0848397 -0.6572
v -1.27562 1.0844697 -0.4342
v -1.39398 1.0848397 -0.08501
v -1.35665 0.8415097 0.51272
v -0.89792 0.95413005 0.61734
v -0.46549 0.8415097 0.51272
v -0.36349776 0.25774103 0.20069215
v -0.35864776 0.6390007 -0.5367779
v -0.89792764 0.6357008 -0.83967805
v -1.3756576 0.63900065 -0.5367781
v -1.4556677 0.2577409 0.20069188
v -1.4683 0.70713985 0.88575
v -0.89793 0.8166498 0.94181
v -0.42796 0.70713985 0.88575
v -0.30541 0.2577399 0.83277
v -0.36304775 -0.025868893 0.20069224
v -0.30541 -0.025869954 0.83277
v -0.8974278 -0.025868475 2.0080717
v -0.4001577 -0.025868893 -0.49417773
v -0.4043777 0.2577408 -0.49417782
v -0.8974277 0.25774074 -0.8057879
v -1.3425076 0.25774074 -0.49417803
v -1.4556675 -0.025868893 0.20069197
v -1.3425076 -0.025869012 -0.49417797
v -0.8974276 -0.02586925 -0.8057878
v -1.59038 -0.025869954 0.83277
v -1.59038 0.2577399 0.83277
v -1.5303378 0.61714077 1.3754416
v -0.8979379 0.7150613 1.4207218
v -0.368608 0.6171411 1.3754418
v -0.23680782 0.2577414 1.329642
v -0.23680776 -0.025868416 1.329642
v -0.3639678 -0.025868356 1.829072
v -0.3639679 0.25774145 1.8290718
v -0.470918 0.57911146 1.6755817
v -0.899028 0.64640117 1.8217217
v -1.3925579 0.5791112 1.6755815
v -1.4944577 0.25774112 1.8290715
v -0.89742786 0.25774133 2.0080714
v -1.6571876 0.25774097 1.3296418
v -1.6571875 -0.025868833 1.3296418
v -1.4944577 -0.025868654 1.8290718
v 0.9174633 6.636153 1.2461998
v 1.5805694 7.660913 0.92191
v 0.94559634 7.5855627 1.2636
v 1.6002357 6.6361527 0.85334015
v 1.9585335 7.7114215 0.14366
v 1.9599869 6.6361527 0.08710026
v 1.6055658 6.0997505 0.80900025
v 1.9236226 6.09076 0.051430427
v 1.6308675 6.6361527 -0.6861697
v 1.6288745 6.09975 -0.6597096
v 0.9155801 6.6361523 -1.0721099
v 0.9213015 6.09975 -1.0167696
v 0.14090139 6.6361527 -0.6581701
v 0.16912502 6.09975 -0.63171995
v 0.0053814054 6.6361527 0.087099805
v 0.014572084 6.09076 0.051429983
v 0.24306124 6.618743 0.8642198
v 0.24609268 6.09975 0.81294996
v 0.9223091 6.0997505 1.1840801
v 0.92130005 5.38245 1.05492
v 1.6213579 5.38245 0.70242
v 1.8774287 5.38246 -0.032040007
v 1.6405683 5.38246 -0.64532
v 0.92130005 5.38246 -1.0040702
v 0.17152213 5.38246 -0.62488
v 0.016501088 5.38246 -0.032040007
v 0.2289376 5.38245 0.70117
v 0.25237 4.79573 0.65703
v -0.00073 4.79573 -0.032040007
v 0.23197168 4.441791 -0.66656935
v 0.9213017 4.364851 -1.0808091
v 1.6233345 4.441791 -0.684979
v 1.865898 4.79573 -0.032040007
v 1.6035618 4.79573 0.66134
v 0.92130005 4.79573 1.01147
v 0.92130154 4.2789016 0.86373067
v 1.5448672 4.278901 0.5151509
v 1.9789829 4.236191 -0.03203896
v 1.7733777 4.1013207 -0.8211788
v 0.9213018 4.053171 -1.2329992
v 0.0955618 4.0890207 -0.8155992
v -0.118848264 4.2287707 -0.032039445
v 0.2939716 4.278901 0.5191706
v 0.9213017 3.3060012 0.794751
v 1.4494196 3.3060012 0.4682311
v 1.8602228 3.7200613 -0.03203882
v 1.6281294 3.3060012 -0.63397866
v 0.92130184 3.306001 -0.9825387
v 0.1763218 3.306001 -0.63986903
v -0.021088183 3.720841 -0.032039262
v 0.37262172 3.3060012 0.46157086
v 0.92130166 3.1960015 0.954531
v 1.5918375 3.1960015 0.6545312
v 1.8056278 3.3060012 -0.0320387
v 1.6886802 3.196001 -0.77991855
v 0.92130184 3.196001 -1.153119
v 0.09556192 3.196001 -0.78239894
v 0.024781883 3.3060012 -0.032039113
v 0.22878176 3.1960015 0.6560509
v 0.92167836 2.3702111 0.83646125
v 1.5327023 2.3702111 0.5597015
v 1.9226878 3.1960013 -0.03203864
v 1.5894762 2.3702106 -0.6852284
v 0.9216785 2.3702106 -1.0148485
v 0.15564197 2.370211 -0.69111884
v -0.07746816 3.196001 -0.032039106
v 0.28964186 2.370211 0.56507117
v 0.9214749 2.2105813 0.6796514
v 1.4241935 2.210581 0.4342515
v 1.8246033 2.370211 -0.0320384
v 1.4406142 2.210581 -0.6060783
v 0.92147505 2.2105808 -0.85808843
v 0.279472 2.2105808 -0.5819387
v 0.009141982 2.370211 -0.032038826
v 0.4025219 2.210581 0.4336013
v 0.91900116 2.2572713 0.66300136
v 1.3948853 2.257271 0.42323145
v 1.6612551 2.210581 -0.033998396
v 1.6192935 2.257271 -0.02960842
v 1.4104304 2.257271 -0.5848284
v 0.4269319 2.257271 0.42260128
v 0.17378193 2.2105808 -0.033998743
v 0.31045198 2.2572708 -0.5613986
v 0.2104019 2.2572708 -0.029608747
v 0.91900134 2.2572708 -0.82940847
v 0.8998719 1.3978717 0.35374165
v 0.5523018 2.6190014 0.22392118
v 0.599502 1.3979118 0.20955157
v 0.90059173 2.6190012 0.39590123
v 1.2414218 2.6190012 0.22550136
v 1.173862 1.3979115 0.2095517
v 1.3598617 2.6190012 -0.0723586
v 1.2718619 1.3978715 -0.072148204
v 1.1739619 1.3979115 -0.41215816
v 1.2415417 2.6190012 -0.4345586
v 0.899872 1.3978715 -0.5677082
v 0.90059185 2.6190012 -0.62773865
v 0.5502719 2.6190012 -0.43455872
v 0.597612 1.3979115 -0.4121583
v 0.45100188 2.6190012 -0.07235881
v 0.505972 1.3978715 -0.07214839
v 0.9013819 1.7047014 0.5741916
v 0.9014719 1.6544914 0.51321155
v 0.44600198 1.6544917 0.28699145
v 1.3290019 1.6544917 0.28699166
v 1.3644319 1.7047017 0.32548168
v 1.4760017 1.6544914 -0.08600826
v 1.5236418 1.7047014 -0.08458828
v 1.3644319 1.7047014 -0.5287483
v 1.3290019 1.6544914 -0.4900082
v 0.90088195 1.7047012 -0.7747383
v 0.901002 1.6544912 -0.7137583
v 0.44600207 1.6544914 -0.4900084
v 0.40808204 1.7047014 -0.52874845
v 0.32900196 1.6544914 -0.08600853
v 0.28136194 1.7047012 -0.08458857
v 0.40808198 1.7047017 0.32548147
v 0.90138 1.1533297 0.57419
v 1.36443 1.1533297 0.32548
v 1.52364 1.1533297 -0.084590025
v 1.36443 1.1533297 -0.52875
v 0.90088 1.1533297 -0.77474004
v 0.40808 1.1533297 -0.52875
v 0.28136 1.1533297 -0.084590025
v 0.40808 1.1533297 0.32548
v 0.90138 1.0803698 0.48754
v 1.27562 1.0844697 0.25182
v 1.39398 1.0848397 -0.08501
v 1.27562 1.0844697 -0.4342
v 0.90138 1.0848397 -0.6572
v 0.48931 1.0844697 -0.4342
v 0.3814 1.0848397 -0.08501
v 0.48931 1.0844697 0.25182
v 0.89792 0.95413005 0.61734
v 1.35665 0.8415097 0.51272
v 1.455672 0.25774157 0.20069216
v 1.375662 0.6390013 -0.5367779
v 0.89793223 0.6357015 -0.839678
v 0.35865223 0.63900125 -0.53677815
v 0.36350217 0.2577415 0.20069192
v 0.46549 0.8415097 0.51272
v 0.89793 0.8166498 0.9418
v 1.4683 0.70713985 0.88575
v 1.59038 0.2577399 0.83277
v 1.4556721 -0.025868297 0.20069228
v 1.59038 -0.025869954 0.83277
v 1.657192 -0.02586782 1.3296422
v 1.6571919 0.25774202 1.329642
v 1.5303417 0.6171417 1.3754419
v 0.8979418 0.7150619 1.4207217
v 0.42796 0.70713985 0.88575
v 0.30541 0.2577399 0.83277
v 0.36861193 0.61714137 1.3754417
v 0.8990319 0.64640176 1.8217217
v 1.3925619 0.57911205 1.6755818
v 1.4944618 0.25774205 1.829072
v 0.8974319 0.25774193 2.0080714
v 0.36397204 0.25774175 1.8290718
v 0.4709219 0.5791118 1.6755816
v 0.23681206 0.2577416 1.3296418
v 0.23681217 -0.025868207 1.3296419
v 0.36397216 -0.025868088 1.8290718
v 0.897432 -0.02586791 2.0080717
v 1.494462 -0.02586776 1.829072
v 0.30541 -0.025869954 0.83277
v 0.36305222 -0.025868297 0.20069201
v 0.4001623 -0.025868416 -0.49417794
v 0.8974322 -0.025868416 -0.80578774
v 1.3425121 -0.025868416 -0.4941777
v 1.3425121 0.25774145 -0.49417776
v 0.8974322 0.25774133 -0.80578786
v 0.40438226 0.2577414 -0.494178
v 1.4912227 8.432942 0.97712
v 1.8177055 9.023417 0.24960108
v 1.8249282 9.037511 0.23364475
v 0.31374002 7.0897903 0.93386966
v 0.39074945 7.5317326 1.02371
v 0.8174108 8.374632 1.22319
v 0.5181728 8.344993 1.24613
v -3.3466563E-10 7.512383 1.03978
v -1.6255797E-10 8.3305025 1.3045799
v -0.5181728 8.344993 1.24613
v -0.39074945 7.5317326 1.02371
v -0.8174108 8.374632 1.22319
v -0.94559634 7.5855627 1.2636
v -1.5805694 7.660913 0.92191
v -1.9585336 7.7114215 0.14366
v -1.7684752 7.8000474 -0.5917717
v -1.7243947 8.597128 -0.46117002
v -0.9832263 7.987443 -1.2357002
v -0.96598536 8.633972 -1.1103699
v -2.842171E-14 8.617462 -1.1947101
v 1.2979339E-06 7.8891325 -1.2375802
v 0.9832289 7.987443 -1.2356999
v 0.96598536 8.633972 -1.11037
v 1.7243947 8.597128 -0.46117002
v 1.7684778 7.800048 -0.59177136
v 1.6688809 7.3410726 -0.59695
v 0.92713153 7.0483418 -1.0589
v 0.25661433 7.021109 -0.6627702
v -1.884531 8.5222225 0.22594
v -1.8249282 9.037511 0.23364475
v -1.6818955 9.037511 -0.3508548
v -1.8177055 9.023417 0.24960108
v -1.3920963 9.037511 0.93894
v -1.4912227 8.432942 0.97712
v -0.9167009 9.037511 -1.0373299
v -1.4210855E-14 9.037511 -1.15139
v 0.9167009 9.037511 -1.03745
v 1.6818955 9.037511 -0.35097474
v 1.884531 8.5222225 0.22594
v 1.8208361 9.037511 0.21354328
v 1.3913734 9.036659 0.9392956
v -0.54471177 9.037511 1.24319
v -1.4210855E-14 9.037511 1.32186
v 0.54471177 9.037511 1.24331
v 0.5464256 9.033182 1.2430629
v -0.042042274 7.10136 -0.0013800033
v -3.7186965E-10 7.3818827 -0.78057
v -3.7186965E-10 7.08843 -0.0013800033
v 0.042042274 7.10136 -0.0013800033
v -0.97335726 7.482143 -1.2062299
v -0.1951485 7.372923 -1.02027
v 0.1951485 7.372923 -1.0202699
v 0.97335726 7.482143 -1.20623
o Mesh_17
g polygon_0
usemtl Joint_0_Object_17_Material_17
f 2753//1777 2755//1777 2754//1777
f 2756//1777 2753//1777 2754//1777
f 2756//1777 2754//1777 2757//1777
f 2758//1777 2756//1777 2757//1777
f 2758//1777 2757//1777 2759//1777
f 2758//1777 2759//1777 2760//1777
f 2761//1777 2758//1777 2760//1777
f 2761//1777 2760//1777 2762//1777
f 2763//1777 2761//1777 2762//1777
f 2764//1777 2763//1777 2762//1777
f 2764//1777 2762//1777 2765//1777
f 2766//1777 2764//1777 2765//1777
f 2766//1777 2765//1777 2767//1777
f 2766//1777 2767//1777 2768//1777
f 2755//1777 2766//1777 2768//1777
f 2755//1777 2768//1777 2754//1777
f 2769//1777 2771//1777 2770//1777
f 2772//1777 2769//1777 2770//1777
f 2772//1777 2770//1777 2773//1777
f 2774//1777 2772//1777 2773//1777
f 2774//1777 2773//1777 2775//1777
f 2776//1777 2774//1777 2775//1777
f 2777//1777 2776//1777 2775//1777
f 2778//1777 2777//1777 2775//1777
f 2778//1777 2775//1777 2773//1777
f 2779//1777 2778//1777 2773//1777
f 2779//1777 2773//1777 2770//1777
f 2780//1777 2779//1777 2770//1777
f 2780//1777 2770//1777 2771//1777
f 2781//1777 2780//1777 2771//1777
f 2781//1777 2771//1777 2782//1777
f 2783//1777 2781//1777 2782//1777
f 2783//1777 2782//1777 2784//1777
f 2785//1777 2783//1777 2784//1777
f 2786//1777 2785//1777 2784//1777
f 2786//1777 2784//1777 2787//1777
f 2786//1777 2787//1777 2776//1777
f 2788//1777 2786//1777 2776//1777
f 2788//1777 2776//1777 2777//1777
f 2789//1777 2788//1777 2777//1777
f 2789//1777 2777//1777 2778//1777
f 2790//1777 2789//1777 2778//1777
f 2791//1777 2790//1777 2778//1777
f 2791//1777 2778//1777 2779//1777
f 2792//1777 2791//1777 2779//1777
f 2792//1777 2779//1777 2780//1777
f 2793//1777 2792//1777 2780//1777
f 2793//1777 2780//1777 2781//1777
f 2794//1777 2793//1777 2781//1777
f 2794//1777 2781//1777 2783//1777
f 2795//1777 2794//1777 2783//1777
f 2795//1777 2783//1777 2785//1777
f 2796//1777 2795//1777 2785//1777
f 2788//1777 2796//1777 2785//1777
f 2788//1777 2785//1777 2786//1777
f 2797//1777 2799//1777 2798//1777
f 2800//1777 2797//1777 2798//1777
f 2801//1777 2800//1777 2798//1777
f 2802//1777 2801//1777 2798//1777
f 2803//1777 2802//1777 2798//1777
f 2803//1777 2798//1777 2799//1777
f 2804//1777 2803//1777 2799//1777
f 2804//1777 2799//1777 2805//1777
f 2806//1777 2804//1777 2805//1777
f 2806//1777 2805//1777 2807//1777
f 2806//1777 2807//1777 2808//1777
f 2809//1777 2806//1777 2808//1777
f 2810//1777 2809//1777 2808//1777
f 2810//1777 2808//1777 2811//1777
f 2812//1777 2810//1777 2811//1777
f 2812//1777 2811//1777 2813//1777
f 2812//1777 2813//1777 2814//1777
f 2800//1777 2812//1777 2814//1777
f 2797//1777 2800//1777 2814//1777
f 2797//1777 2814//1777 2815//1777
f 2797//1777 2815//1777 2816//1777
f 2799//1777 2797//1777 2816//1777
f 2805//1777 2799//1777 2816//1777
f 2805//1777 2816//1777 2817//1777
f 2807//1777 2805//1777 2817//1777
f 2807//1777 2817//1777 2818//1777
f 2807//1777 2818//1777 2819//1777
f 2808//1777 2807//1777 2819//1777
f 2811//1777 2808//1777 2819//1777
f 2811//1777 2819//1777 2820//1777
f 2813//1777 2811//1777 2820//1777
f 2813//1777 2820//1777 2821//1777
f 2813//1777 2821//1777 2822//1777
f 2814//1777 2813//1777 2822//1777
f 2815//1777 2814//1777 2822//1777
f 2815//1777 2822//1777 2823//1777
f 2815//1777 2823//1777 2824//1777
f 2816//1777 2815//1777 2824//1777
f 2817//1777 2816//1777 2824//1777
f 2817//1777 2824//1777 2825//1777
f 2818//1777 2817//1777 2825//1777
f 2818//1777 2825//1777 2826//1777
f 2818//1777 2826//1777 2827//1777
f 2819//1777 2818//1777 2827//1777
f 2820//1777 2819//1777 2827//1777
f 2820//1777 2827//1777 2828//1777
f 2821//1777 2820//1777 2828//1777
f 2821//1777 2828//1777 2829//1777
f 2821//1777 2829//1777 2830//1777
f 2822//1777 2821//1777 2830//1777
f 2823//1777 2822//1777 2830//1777
f 2823//1777 2830//1777 2831//1777
f 2823//1777 2831//1777 2832//1777
f 2824//1777 2823//1777 2832//1777
f 2825//1777 2824//1777 2832//1777
f 2825//1777 2832//1777 2833//1777
f 2826//1777 2825//1777 2833//1777
f 2826//1777 2833//1777 2834//1777
f 2826//1777 2834//1777 2835//1777
f 2827//1777 2826//1777 2835//1777
f 2828//1777 2827//1777 2835//1777
f 2828//1777 2835//1777 2836//1777
f 2828//1777 2836//1777 2837//1777
f 2829//1777 2828//1777 2837//1777
f 2830//1777 2829//1777 2837//1777
f 2830//1777 2837//1777 2838//1777
f 2831//1777 2830//1777 2838//1777
f 2831//1777 2838//1777 2839//1777
f 2831//1777 2839//1777 2840//1777
f 2832//1777 2831//1777 2840//1777
f 2833//1777 2832//1777 2840//1777
f 2833//1777 2840//1777 2841//1777
f 2834//1777 2833//1777 2841//1777
f 2842//1777 2834//1777 2841//1777
f 2843//1777 2842//1777 2841//1777
f 2844//1777 2843//1777 2841//1777
f 2844//1777 2841//1777 2840//1777
f 2845//1777 2844//1777 2840//1777
f 2845//1777 2840//1777 2839//1777
f 2846//1777 2845//1777 2839//1777
f 2846//1777 2839//1777 2838//1777
f 2847//1777 2846//1777 2838//1777
f 2847//1777 2838//1777 2837//1777
f 2847//1777 2837//1777 2836//1777
f 2848//1777 2847//1777 2836//1777
f 2849//1777 2848//1777 2836//1777
f 2849//1777 2836//1777 2835//1777
f 2849//1777 2835//1777 2834//1777
f 2850//1777 2849//1777 2834//1777
f 2850//1777 2834//1777 2842//1777
f 2850//1777 2842//1777 2851//1777
f 2849//1777 2850//1777 2851//1777
f 2848//1777 2849//1777 2851//1777
f 2848//1777 2851//1777 2789//1777
f 2847//1777 2848//1777 2789//1777
f 2847//1777 2789//1777 2790//1777
f 2847//1777 2790//1777 2791//1777
f 2846//1777 2847//1777 2791//1777
f 2845//1777 2846//1777 2791//1777
f 2845//1777 2791//1777 2792//1777
f 2845//1777 2792//1777 2793//1777
f 2844//1777 2845//1777 2793//1777
f 2844//1777 2793//1777 2794//1777
f 2843//1777 2844//1777 2794//1777
f 2842//1777 2843//1777 2794//1777
f 2842//1777 2794//1777 2795//1777
f 2851//1777 2842//1777 2795//1777
f 2851//1777 2795//1777 2796//1777
f 2789//1777 2851//1777 2796//1777
f 2789//1777 2796//1777 2788//1777
f 2800//1777 2801//1777 2852//1777
f 2812//1777 2800//1777 2852//1777
f 2810//1777 2812//1777 2852//1777
f 2810//1777 2852//1777 2853//1777
f 2809//1777 2810//1777 2853//1777
f 2809//1777 2853//1777 2854//1777
f 2809//1777 2854//1777 2855//1777
f 2806//1777 2809//1777 2855//1777
f 2806//1777 2855//1777 2804//1777
f 2856//1777 2858//1777 2857//1777
f 2859//1777 2856//1777 2857//1777
f 2859//1777 2857//1777 2860//1777
f 2859//1777 2860//1777 2861//1777
f 2862//1777 2859//1777 2861//1777
f 2862//1777 2861//1777 2863//1777
f 2864//1777 2862//1777 2863//1777
f 2865//1777 2864//1777 2863//1777
f 2865//1777 2863//1777 2866//1777
f 2867//1777 2865//1777 2866//1777
f 2867//1777 2866//1777 2868//1777
f 2867//1777 2868//1777 2869//1777
f 2870//1777 2867//1777 2869//1777
f 2870//1777 2869//1777 2858//1777
f 2871//1777 2870//1777 2858//1777
f 2871//1777 2858//1777 2856//1777
f 2871//1777 2856//1777 2872//1777
f 2870//1777 2871//1777 2872//1777
f 2870//1777 2872//1777 2873//1777
f 2867//1777 2870//1777 2873//1777
f 2867//1777 2873//1777 2874//1777
f 2865//1777 2867//1777 2874//1777
f 2865//1777 2874//1777 2875//1777
f 2864//1777 2865//1777 2875//1777
f 2864//1777 2875//1777 2876//1777
f 2862//1777 2864//1777 2876//1777
f 2862//1777 2876//1777 2877//1777
f 2859//1777 2862//1777 2877//1777
f 2859//1777 2877//1777 2878//1777
f 2856//1777 2859//1777 2878//1777
f 2856//1777 2878//1777 2879//1777
f 2872//1777 2856//1777 2879//1777
f 2880//1777 2872//1777 2879//1777
f 2881//1777 2880//1777 2879//1777
f 2881//1777 2879//1777 2878//1777
f 2881//1777 2878//1777 2877//1777
f 2882//1777 2881//1777 2877//1777
f 2882//1777 2877//1777 2876//1777
f 2883//1777 2882//1777 2876//1777
f 2884//1777 2883//1777 2876//1777
f 2884//1777 2876//1777 2875//1777
f 2885//1777 2884//1777 2875//1777
f 2885//1777 2875//1777 2874//1777
f 2885//1777 2874//1777 2873//1777
f 2886//1777 2885//1777 2873//1777
f 2886//1777 2873//1777 2872//1777
f 2887//1777 2886//1777 2872//1777
f 2887//1777 2872//1777 2880//1777
f 2888//1777 2887//1777 2880//1777
f 2889//1777 2888//1777 2880//1777
f 2889//1777 2880//1777 2881//1777
f 2889//1777 2881//1777 2882//1777
f 2890//1777 2889//1777 2882//1777
f 2890//1777 2882//1777 2883//1777
f 2891//1777 2890//1777 2883//1777
f 2892//1777 2891//1777 2883//1777
f 2892//1777 2883//1777 2884//1777
f 2893//1777 2892//1777 2884//1777
f 2893//1777 2884//1777 2885//1777
f 2893//1777 2885//1777 2886//1777
f 2894//1777 2893//1777 2886//1777
f 2894//1777 2886//1777 2887//1777
f 2895//1777 2894//1777 2887//1777
f 2895//1777 2887//1777 2888//1777
f 2896//1777 2895//1777 2888//1777
f 2897//1777 2896//1777 2888//1777
f 2897//1777 2888//1777 2889//1777
f 2897//1777 2889//1777 2890//1777
f 2898//1777 2897//1777 2890//1777
f 2898//1777 2890//1777 2891//1777
f 2899//1777 2898//1777 2891//1777
f 2899//1777 2891//1777 2900//1777
f 2901//1777 2899//1777 2900//1777
f 2902//1777 2901//1777 2900//1777
f 2903//1777 2902//1777 2900//1777
f 2903//1777 2900//1777 2891//1777
f 2904//1777 2903//1777 2891//1777
f 2904//1777 2891//1777 2892//1777
f 2905//1777 2904//1777 2892//1777
f 2905//1777 2892//1777 2893//1777
f 2905//1777 2893//1777 2894//1777
f 2906//1777 2905//1777 2894//1777
f 2906//1777 2894//1777 2895//1777
f 2906//1777 2895//1777 2907//1777
f 2906//1777 2907//1777 2908//1777
f 2905//1777 2906//1777 2908//1777
f 2905//1777 2908//1777 2909//1777
f 2904//1777 2905//1777 2909//1777
f 2903//1777 2904//1777 2909//1777
f 2902//1777 2903//1777 2909//1777
f 2902//1777 2909//1777 2908//1777
f 2902//1777 2908//1777 2907//1777
f 2910//1777 2902//1777 2907//1777
f 2910//1777 2907//1777 2895//1777
f 2911//1777 2910//1777 2895//1777
f 2911//1777 2895//1777 2896//1777
f 2912//1777 2911//1777 2896//1777
f 2913//1777 2912//1777 2896//1777
f 2913//1777 2896//1777 2897//1777
f 2913//1777 2897//1777 2898//1777
f 2914//1777 2913//1777 2898//1777
f 2914//1777 2898//1777 2899//1777
f 2915//1777 2914//1777 2899//1777
f 2915//1777 2899//1777 2901//1777
f 2916//1777 2915//1777 2901//1777
f 2916//1777 2901//1777 2902//1777
f 2916//1777 2902//1777 2917//1777
f 2916//1777 2917//1777 2918//1777
f 2915//1777 2916//1777 2918//1777
f 2914//1777 2915//1777 2918//1777
f 2914//1777 2918//1777 2919//1777
f 2914//1777 2919//1777 2920//1777
f 2913//1777 2914//1777 2920//1777
f 2912//1777 2913//1777 2920//1777
f 2912//1777 2920//1777 2921//1777
f 2922//1777 2912//1777 2921//1777
f 2922//1777 2921//1777 2920//1777
f 2923//1777 2922//1777 2920//1777
f 2918//1777 2923//1777 2920//1777
f 2918//1777 2920//1777 2919//1777
f 2922//1777 2925//1777 2924//1777
f 2912//1777 2922//1777 2924//1777
f 2911//1777 2912//1777 2924//1777
f 2911//1777 2924//1777 2925//1777
f 2910//1777 2911//1777 2925//1777
f 2902//1777 2910//1777 2925//1777
f 2926//1777 2902//1777 2925//1777
f 2926//1777 2925//1777 2922//1777
f 2902//1777 2926//1777 2922//1777
f 2902//1777 2922//1777 2923//1777
f 2917//1777 2902//1777 2923//1777
f 2917//1777 2923//1777 2918//1777
f 2927//1777 2929//1777 2928//1777
f 2930//1777 2927//1777 2928//1777
f 2930//1777 2928//1777 2931//1777
f 2930//1777 2931//1777 2932//1777
f 2933//1777 2930//1777 2932//1777
f 2934//1777 2933//1777 2932//1777
f 2934//1777 2932//1777 2935//1777
f 2936//1777 2934//1777 2935//1777
f 2936//1777 2935//1777 2937//1777
f 2938//1777 2936//1777 2937//1777
f 2938//1777 2937//1777 2939//1777
f 2940//1777 2938//1777 2939//1777
f 2940//1777 2939//1777 2941//1777
f 2942//1777 2940//1777 2941//1777
f 2942//1777 2941//1777 2943//1777
f 2944//1777 2942//1777 2943//1777
f 2944//1777 2943//1777 2927//1777
f 2945//1777 2944//1777 2927//1777
f 2945//1777 2927//1777 2930//1777
f 2945//1777 2930//1777 2933//1777
f 2946//1777 2945//1777 2933//1777
f 2947//1777 2946//1777 2933//1777
f 2947//1777 2933//1777 2934//1777
f 2948//1777 2947//1777 2934//1777
f 2948//1777 2934//1777 2936//1777
f 2949//1777 2948//1777 2936//1777
f 2949//1777 2936//1777 2938//1777
f 2950//1777 2949//1777 2938//1777
f 2951//1777 2950//1777 2938//1777
f 2951//1777 2938//1777 2940//1777
f 2951//1777 2940//1777 2942//1777
f 2952//1777 2951//1777 2942//1777
f 2952//1777 2942//1777 2944//1777
f 2953//1777 2952//1777 2944//1777
f 2953//1777 2944//1777 2945//1777
f 2953//1777 2945//1777 2946//1777
f 2953//1777 2946//1777 2954//1777
f 2953//1777 2954//1777 2955//1777
f 2952//1777 2953//1777 2955//1777
f 2951//1777 2952//1777 2955//1777
f 2951//1777 2955//1777 2956//1777
f 2951//1777 2956//1777 2957//1777
f 2950//1777 2951//1777 2957//1777
f 2949//1777 2950//1777 2957//1777
f 2949//1777 2957//1777 2958//1777
f 2949//1777 2958//1777 2959//1777
f 2948//1777 2949//1777 2959//1777
f 2947//1777 2948//1777 2959//1777
f 2947//1777 2959//1777 2960//1777
f 2946//1777 2947//1777 2960//1777
f 2946//1777 2960//1777 2961//1777
f 2954//1777 2946//1777 2961//1777
f 2962//1777 2954//1777 2961//1777
f 2962//1777 2961//1777 2960//1777
f 2963//1777 2962//1777 2960//1777
f 2963//1777 2960//1777 2959//1777
f 2964//1777 2963//1777 2959//1777
f 2964//1777 2959//1777 2958//1777
f 2965//1777 2964//1777 2958//1777
f 2965//1777 2958//1777 2957//1777
f 2966//1777 2965//1777 2957//1777
f 2967//1777 2966//1777 2957//1777
f 2967//1777 2957//1777 2956//1777
f 2968//1777 2967//1777 2956//1777
f 2968//1777 2956//1777 2955//1777
f 2969//1777 2968//1777 2955//1777
f 2969//1777 2955//1777 2954//1777
f 2969//1777 2954//1777 2962//1777
f 2970//1777 2969//1777 2962//1777
f 2970//1777 2962//1777 2963//1777
f 2971//1777 2970//1777 2963//1777
f 2972//1777 2971//1777 2963//1777
f 2972//1777 2963//1777 2964//1777
f 2972//1777 2964//1777 2965//1777
f 2973//1777 2972//1777 2965//1777
f 2973//1777 2965//1777 2966//1777
f 2974//1777 2973//1777 2966//1777
f 2975//1777 2974//1777 2966//1777
f 2975//1777 2966//1777 2967//1777
f 2976//1777 2975//1777 2967//1777
f 2976//1777 2967//1777 2968//1777
f 2976//1777 2968//1777 2969//1777
f 2977//1777 2976//1777 2969//1777
f 2977//1777 2969//1777 2970//1777
f 2978//1777 2977//1777 2970//1777
f 2978//1777 2970//1777 2971//1777
f 2979//1777 2978//1777 2971//1777
f 2980//1777 2979//1777 2971//1777
f 2980//1777 2971//1777 2972//1777
f 2980//1777 2972//1777 2973//1777
f 2981//1777 2980//1777 2973//1777
f 2982//1777 2981//1777 2973//1777
f 2982//1777 2973//1777 2974//1777
f 2982//1777 2974//1777 2975//1777
f 2983//1777 2982//1777 2975//1777
f 2984//1777 2983//1777 2975//1777
f 2984//1777 2975//1777 2976//1777
f 2984//1777 2976//1777 2977//1777
f 2985//1777 2984//1777 2977//1777
f 2985//1777 2977//1777 2978//1777
f 2986//1777 2985//1777 2978//1777
f 2986//1777 2978//1777 2979//1777
f 2987//1777 2986//1777 2979//1777
f 2988//1777 2987//1777 2979//1777
f 2988//1777 2979//1777 2980//1777
f 2988//1777 2980//1777 2981//1777
f 2989//1777 2988//1777 2981//1777
f 2990//1777 2989//1777 2981//1777
f 2990//1777 2981//1777 2982//1777
f 2990//1777 2982//1777 2983//1777
f 2991//1777 2990//1777 2983//1777
f 2992//1777 2991//1777 2983//1777
f 2992//1777 2983//1777 2984//1777
f 2992//1777 2984//1777 2985//1777
f 2993//1777 2992//1777 2985//1777
f 2993//1777 2985//1777 2986//1777
f 2994//1777 2993//1777 2986//1777
f 2994//1777 2986//1777 2987//1777
f 2995//1777 2994//1777 2987//1777
f 2996//1777 2995//1777 2987//1777
f 2996//1777 2987//1777 2988//1777
f 2996//1777 2988//1777 2989//1777
f 2997//1777 2996//1777 2989//1777
f 2998//1777 2997//1777 2989//1777
f 2998//1777 2989//1777 2990//1777
f 2998//1777 2990//1777 2991//1777
f 2999//1777 2998//1777 2991//1777
f 3000//1777 2999//1777 2991//1777
f 3000//1777 2991//1777 2992//1777
f 3000//1777 2992//1777 2993//1777
f 3001//1777 3000//1777 2993//1777
f 3001//1777 2993//1777 2994//1777
f 3002//1777 3001//1777 2994//1777
f 3002//1777 2994//1777 2995//1777
f 3003//1777 3002//1777 2995//1777
f 3003//1777 2995//1777 3004//1777
f 3005//1777 3003//1777 3004//1777
f 3006//1777 3005//1777 3004//1777
f 2997//1777 3006//1777 3004//1777
f 2996//1777 2997//1777 3004//1777
f 2996//1777 3004//1777 2995//1777
f 3001//1777 3002//1777 3007//1777
f 3001//1777 3007//1777 3008//1777
f 3000//1777 3001//1777 3008//1777
f 2999//1777 3000//1777 3008//1777
f 3009//1777 2999//1777 3008//1777
f 3010//1777 3009//1777 3008//1777
f 3010//1777 3008//1777 3007//1777
f 2999//1777 3009//1777 3011//1777
f 2998//1777 2999//1777 3011//1777
f 2997//1777 2998//1777 3011//1777
f 2997//1777 3011//1777 3006//1777
f 3012//1777 3014//1777 3013//1777
f 3012//1777 3013//1777 3015//1777
f 3012//1777 3015//1777 3016//1777
f 3017//1777 3012//1777 3016//1777
f 3017//1777 3016//1777 3018//1777
f 3019//1777 3017//1777 3018//1777
f 3020//1777 3019//1777 3018//1777
f 3020//1777 3018//1777 3021//1777
f 3022//1777 3020//1777 3021//1777
f 3022//1777 3021//1777 3023//1777
f 3022//1777 3023//1777 3024//1777
f 3025//1777 3022//1777 3024//1777
f 3025//1777 3024//1777 3026//1777
f 3027//1777 3025//1777 3026//1777
f 3014//1777 3027//1777 3026//1777
f 3014//1777 3026//1777 3013//1777
f 3028//1777 3030//1777 3029//1777
f 3028//1777 3029//1777 3031//1777
f 3032//1777 3028//1777 3031//1777
f 3032//1777 3031//1777 3033//1777
f 3034//1777 3032//1777 3033//1777
f 3035//1777 3034//1777 3033//1777
f 3035//1777 3033//1777 3036//1777
f 3037//1777 3035//1777 3036//1777
f 3037//1777 3036//1777 3038//1777
f 3037//1777 3038//1777 3039//1777
f 3040//1777 3037//1777 3039//1777
f 3040//1777 3039//1777 3041//1777
f 3042//1777 3040//1777 3041//1777
f 3043//1777 3042//1777 3041//1777
f 3043//1777 3041//1777 3030//1777
f 3043//1777 3030//1777 3028//1777
f 3044//1777 3043//1777 3028//1777
f 3045//1777 3044//1777 3028//1777
f 3045//1777 3028//1777 3032//1777
f 3046//1777 3045//1777 3032//1777
f 3046//1777 3032//1777 3034//1777
f 3047//1777 3046//1777 3034//1777
f 3047//1777 3034//1777 3035//1777
f 3048//1777 3047//1777 3035//1777
f 3048//1777 3035//1777 3037//1777
f 3049//1777 3048//1777 3037//1777
f 3049//1777 3037//1777 3040//1777
f 3050//1777 3049//1777 3040//1777
f 3050//1777 3040//1777 3042//1777
f 3051//1777 3050//1777 3042//1777
f 3051//1777 3042//1777 3043//1777
f 3051//1777 3043//1777 3044//1777
f 3052//1777 3051//1777 3044//1777
f 3052//1777 3044//1777 3045//1777
f 3053//1777 3052//1777 3045//1777
f 3053//1777 3045//1777 3046//1777
f 3054//1777 3053//1777 3046//1777
f 3055//1777 3054//1777 3046//1777
f 3055//1777 3046//1777 3047//1777
f 3056//1777 3055//1777 3047//1777
f 3056//1777 3047//1777 3048//1777
f 3056//1777 3048//1777 3049//1777
f 3057//1777 3056//1777 3049//1777
f 3057//1777 3049//1777 3050//1777
f 3058//1777 3057//1777 3050//1777
f 3059//1777 3058//1777 3050//1777
f 3059//1777 3050//1777 3051//1777
f 3059//1777 3051//1777 3052//1777
f 3060//1777 3059//1777 3052//1777
f 3060//1777 3052//1777 3053//1777
f 3061//1777 3060//1777 3053//1777
f 3061//1777 3053//1777 3054//1777
f 3062//1777 3061//1777 3054//1777
f 3063//1777 3062//1777 3054//1777
f 3063//1777 3054//1777 3055//1777
f 3064//1777 3063//1777 3055//1777
f 3064//1777 3055//1777 3056//1777
f 3064//1777 3056//1777 3057//1777
f 3065//1777 3064//1777 3057//1777
f 3065//1777 3057//1777 3058//1777
f 3066//1777 3065//1777 3058//1777
f 3067//1777 3066//1777 3058//1777
f 3067//1777 3058//1777 3059//1777
f 3067//1777 3059//1777 3060//1777
f 3068//1777 3067//1777 3060//1777
f 3068//1777 3060//1777 3061//1777
f 3069//1777 3068//1777 3061//1777
f 3069//1777 3061//1777 3062//1777
f 3070//1777 3069//1777 3062//1777
f 3070//1777 3062//1777 3071//1777
f 3072//1777 3070//1777 3071//1777
f 3072//1777 3071//1777 3073//1777
f 3072//1777 3073//1777 3074//1777
f 3070//1777 3072//1777 3074//1777
f 3070//1777 3074//1777 3075//1777
f 3069//1777 3070//1777 3075//1777
f 3069//1777 3075//1777 3076//1777
f 3068//1777 3069//1777 3076//1777
f 3068//1777 3076//1777 3077//1777
f 3067//1777 3068//1777 3077//1777
f 3066//1777 3067//1777 3077//1777
f 3078//1777 3066//1777 3077//1777
f 3079//1777 3078//1777 3077//1777
f 3079//1777 3077//1777 3076//1777
f 3080//1777 3079//1777 3076//1777
f 3080//1777 3076//1777 3075//1777
f 3081//1777 3080//1777 3075//1777
f 3081//1777 3075//1777 3082//1777
f 3080//1777 3081//1777 3082//1777
f 3080//1777 3082//1777 3083//1777
f 3080//1777 3083//1777 3084//1777
f 3080//1777 3084//1777 3085//1777
f 3079//1777 3080//1777 3085//1777
f 3079//1777 3085//1777 3084//1777
f 3079//1777 3084//1777 3086//1777
f 3078//1777 3079//1777 3086//1777
f 3087//1777 3078//1777 3086//1777
f 3087//1777 3086//1777 3084//1777
f 3088//1777 3087//1777 3084//1777
f 3089//1777 3088//1777 3084//1777
f 3089//1777 3084//1777 3083//1777
f 3090//1777 3089//1777 3083//1777
f 3090//1777 3083//1777 3082//1777
f 3074//1777 3090//1777 3082//1777
f 3074//1777 3082//1777 3075//1777
f 3090//1777 3074//1777 3073//1777
f 3090//1777 3073//1777 3071//1777
f 3089//1777 3090//1777 3071//1777
f 3088//1777 3089//1777 3071//1777
f 3087//1777 3088//1777 3071//1777
f 3087//1777 3071//1777 3091//1777
f 3078//1777 3087//1777 3091//1777
f 3078//1777 3091//1777 3092//1777
f 3066//1777 3078//1777 3092//1777
f 3093//1777 3066//1777 3092//1777
f 3071//1777 3093//1777 3092//1777
f 3071//1777 3092//1777 3091//1777
f 3094//1777 3093//1777 3071//1777
f 3095//1777 3094//1777 3071//1777
f 3095//1777 3071//1777 3062//1777
f 3096//1777 3095//1777 3062//1777
f 3096//1777 3062//1777 3063//1777
f 3097//1777 3096//1777 3063//1777
f 3097//1777 3063//1777 3064//1777
f 3097//1777 3064//1777 3065//1777
f 3098//1777 3097//1777 3065//1777
f 3098//1777 3065//1777 3066//1777
f 3098//1777 3066//1777 3093//1777
f 3098//1777 3093//1777 3094//1777
f 3097//1777 3098//1777 3094//1777
f 3096//1777 3097//1777 3094//1777
f 3096//1777 3094//1777 3095//1777
f 3099//1777 3101//1777 3100//1777
f 2943//1777 2941//1777 3102//1777
f 2927//1777 2943//1777 3102//1777
f 2929//1777 2927//1777 3102//1777
f 2929//1777 3102//1777 3103//1777
f 3104//1777 2929//1777 3103//1777
f 3105//1777 3104//1777 3103//1777
f 3105//1777 3103//1777 3106//1777
f 3107//1777 3105//1777 3106//1777
f 3108//1777 3107//1777 3106//1777
f 3108//1777 3106//1777 3109//1777
f 3110//1777 3108//1777 3109//1777
f 3111//1777 3110//1777 3109//1777
f 3111//1777 3109//1777 2787//1777
f 3111//1777 2787//1777 2784//1777
f 3112//1777 3111//1777 2784//1777
f 3112//1777 2784//1777 2782//1777
f 3113//1777 3112//1777 2782//1777
f 3113//1777 2782//1777 2771//1777
f 3113//1777 2771//1777 2769//1777
f 3113//1777 2769//1777 3114//1777
f 3115//1777 3113//1777 3114//1777
f 3115//1777 3114//1777 3116//1777
f 3117//1777 3115//1777 3116//1777
f 3118//1777 3117//1777 3116//1777
f 3118//1777 3116//1777 3119//1777
f 3118//1777 3119//1777 3120//1777
f 3121//1777 3118//1777 3120//1777
f 3122//1777 3121//1777 3120//1777
f 3122//1777 3120//1777 3123//1777
f 2931//1777 3122//1777 3123//1777
f 2931//1777 3123//1777 3124//1777
f 2932//1777 2931//1777 3124//1777
f 2935//1777 2932//1777 3124//1777
f 2935//1777 3124//1777 3125//1777
f 2937//1777 2935//1777 3125//1777
f 2937//1777 3125//1777 3126//1777
f 2939//1777 2937//1777 3126//1777
f 2939//1777 3126//1777 2941//1777
f 3127//1777 3129//1777 3128//1777
f 3130//1777 3127//1777 3128//1777
f 3130//1777 3128//1777 3131//1777
f 3130//1777 3131//1777 3132//1777
f 3127//1777 3130//1777 3132//1777
f 3127//1777 3132//1777 3112//1777
f 3127//1777 3112//1777 3113//1777
f 3127//1777 3113//1777 3115//1777
f 3129//1777 3127//1777 3115//1777
f 3133//1777 3129//1777 3115//1777
f 3133//1777 3115//1777 3117//1777
f 3134//1777 3133//1777 3117//1777
f 3134//1777 3117//1777 3118//1777
f 3134//1777 3118//1777 3121//1777
f 3135//1777 3134//1777 3121//1777
f 3135//1777 3121//1777 3122//1777
f 3136//1777 3135//1777 3122//1777
f 3136//1777 3122//1777 3137//1777
f 3138//1777 3136//1777 3137//1777
f 3101//1777 3138//1777 3137//1777
f 3101//1777 3137//1777 3100//1777
f 3099//1777 3101//1777 3100//1777
f 3099//1777 3100//1777 3137//1777
f 2928//1777 3099//1777 3137//1777
f 2931//1777 2928//1777 3137//1777
f 2931//1777 3137//1777 3122//1777
f 3139//1777 3101//1777 3099//1777
f 3104//1777 3139//1777 3099//1777
f 2929//1777 3104//1777 3099//1777
f 2929//1777 3099//1777 2928//1777
f 3111//1777 3112//1777 3132//1777
f 3110//1777 3111//1777 3132//1777
f 3110//1777 3132//1777 3131//1777
f 3110//1777 3131//1777 3140//1777
f 3108//1777 3110//1777 3140//1777
f 3107//1777 3108//1777 3140//1777
f 3107//1777 3140//1777 3141//1777
f 3107//1777 3141//1777 3142//1777
f 3105//1777 3107//1777 3142//1777
f 3105//1777 3142//1777 3143//1777
f 3104//1777 3105//1777 3143//1777
f 3139//1777 3104//1777 3143//1777
f 3139//1777 3143//1777 3142//1777
f 2776//1777 2787//1777 3144//1777
f 2774//1777 2776//1777 3144//1777
f 3145//1777 2774//1777 3144//1777
f 3145//1777 3144//1777 3146//1777
f 3147//1777 3145//1777 3146//1777
f 3147//1777 3146//1777 3103//1777
f 3147//1777 3103//1777 3102//1777
f 3147//1777 3102//1777 2941//1777
f 3147//1777 2941//1777 3126//1777
f 3145//1777 3147//1777 3126//1777
f 3114//1777 2769//1777 3148//1777
f 3116//1777 3114//1777 3148//1777
f 3119//1777 3116//1777 3148//1777
f 3119//1777 3148//1777 3149//1777
f 3145//1777 3119//1777 3149//1777
f 2774//1777 3145//1777 3149//1777
f 2772//1777 2774//1777 3149//1777
f 2772//1777 3149//1777 3148//1777
f 2769//1777 2772//1777 3148//1777
f 3106//1777 3103//1777 3146//1777
f 3109//1777 3106//1777 3146//1777
f 3109//1777 3146//1777 3144//1777
f 2787//1777 3109//1777 3144//1777
f 3150//1777 3145//1777 3126//1777
f 3150//1777 3126//1777 3125//1777
f 3151//1777 3150//1777 3125//1777
f 3151//1777 3125//1777 3124//1777
f 3151//1777 3124//1777 3123//1777
f 3151//1777 3123//1777 3120//1777
f 3151//1777 3120//1777 3119//1777
f 3150//1777 3151//1777 3119//1777
f 3150//1777 3119//1777 3145//1777
v 3.8282905 13.53144 -0.13458076
v 3.44712 13.531441 0.07458
v 3.9670007 13.60991 -0.13458076
v 3.9700408 13.452498 -0.13458075
v 3.49777 13.452499 0.13991
v 3.54982 13.531441 0.20562002
v 4.119331 13.53144 -0.13458076
v 3.49777 13.609911 0.13991
v 2.94354 13.531441 0.1807
v 2.94354 13.452499 0.26378
v 2.94354 13.531441 0.3491
v 2.94354 13.609911 0.26378
v 1.83781 13.531441 0.18070002
v 1.83781 13.452651 0.26378
v 1.83781 13.531441 0.3491
v 1.83781 13.609911 0.26378
v 4.119331 13.53144 -0.32635075
v 3.54982 13.531441 -0.66655
v 3.9670005 13.60991 -0.32635075
v 3.9700406 13.452498 -0.32635075
v 3.49777 13.452499 -0.60084
v 3.44712 13.531441 -0.5355
v 3.8282905 13.53144 -0.32635075
v 3.49777 13.609911 -0.60084
v 2.94354 13.531441 -0.81003
v 2.94354 13.452499 -0.7247
v 2.94354 13.531441 -0.64162
v 2.94354 13.609911 -0.7247
v 1.83781 13.531441 -0.81003
v 1.83781 13.452651 -0.7247
v 1.83781 13.531441 -0.64162
v 1.83781 13.609911 -0.7247
v 3.6567304 13.53144 -0.36330074
v 3.6567304 13.40489 -0.23046073
v 3.6567304 13.6579895 -0.23046078
v 4.627371 13.40489 -0.2304607
v 3.6567304 13.53144 -0.09763077
v 4.627371 13.6579895 -0.23046075
v 4.627371 13.53144 -0.36330068
v 4.627371 13.53144 -0.09763074
v 1.91956 13.66053 0.2645
v 1.91956 13.531441 0.13546
v 1.91956 13.531441 0.39556
v 2.78253 13.66053 0.2645
v 2.78253 13.531441 0.39556
v 2.78253 13.531441 0.13546
v 2.78253 13.40235 0.2645
v 1.91956 13.40235 0.2645
v 2.35069 13.47643 -0.23046
v 2.35069 13.620551 -0.70591
v 2.68644 13.620551 -0.56683
v 2.01493 13.620551 -0.56683
v 2.35069 13.620551 -0.23046
v 2.82551 13.620551 -0.23045999
v 2.68644 13.620551 0.10591
v 2.35069 13.620551 0.24498
v 2.01493 13.620551 0.10591
v 1.87586 13.620551 -0.23045999
v 1.91956 13.66053 -0.72541994
v 1.91956 13.531441 -0.85647994
v 1.91956 13.531441 -0.59638995
v 2.78253 13.66053 -0.72542
v 2.78253 13.531441 -0.59639
v 2.78253 13.531441 -0.85648
v 2.78253 13.40235 -0.72542
v 1.91956 13.40235 -0.72541994
v 1.6974089 9.118891 -0.744537
v 1.6456589 9.16176 -1.0260968
v 1.526439 9.287291 -0.8071169
v 1.887269 8.50029 -1.2349162
v 1.873579 8.425421 -0.78493667
v 1.4343392 9.08628 -0.651807
v 0.95271903 9.39358 -1.109587
v 1.163169 9.20692 -1.4944967
v 1.3159192 8.55512 -1.7978363
v 1.7367591 7.7815895 -1.2529962
v 1.7885191 7.7387195 -0.9714365
v 1.5254492 7.7061095 -0.8786965
v 1.587959 8.39339 -0.70479673
v 0.23644927 8.428451 -1.4607568
v 0.3900793 7.735569 -1.5137464
v 1.0775791 7.5018096 -1.4205962
v 1.639209 7.5786495 -1.0880163
v 1.2542593 7.826749 -1.7214062
v 0.6014093 7.8110495 -1.8880464
v 0.53574926 8.53536 -1.9908864
v 0.51030916 9.19122 -1.6611567
v 0.3910691 9.316751 -1.4421669
v 0.29898915 9.11575 -1.2868469
v 0.1567093 8.46997 -1.7452468
v 0.33287936 7.7764893 -1.7856463
v 0.50385934 7.6081095 -1.7230762
v 0.24177916 9.15666 -1.5587468
v -2.5079284 6.814232 -0.30891845
v -2.3811817 4.785172 -0.3089178
v -2.5079284 6.8142323 0.2937015
v -1.7908418 4.773762 -0.36639762
v -2.3811817 4.7851725 0.29370216
v -1.9285384 6.9279723 0.35117158
v -1.9285384 6.927972 -0.36639833
v -1.7908417 4.773762 0.3511723
o Mesh_18
g polygon_0
usemtl Joint_0_Object_18_Material_18
f 3152//1777 3154//1777 3153//1777
f 3155//1777 3152//1777 3153//1777
f 3155//1777 3153//1777 3156//1777
f 3155//1777 3156//1777 3157//1777
f 3158//1777 3155//1777 3157//1777
f 3154//1777 3158//1777 3157//1777
f 3154//1777 3157//1777 3159//1777
f 3153//1777 3154//1777 3159//1777
f 3153//1777 3159//1777 3160//1777
f 3156//1777 3153//1777 3160//1777
f 3156//1777 3160//1777 3161//1777
f 3156//1777 3161//1777 3162//1777
f 3157//1777 3156//1777 3162//1777
f 3159//1777 3157//1777 3162//1777
f 3159//1777 3162//1777 3163//1777
f 3160//1777 3159//1777 3163//1777
f 3160//1777 3163//1777 3164//1777
f 3161//1777 3160//1777 3164//1777
f 3161//1777 3164//1777 3165//1777
f 3161//1777 3165//1777 3166//1777
f 3162//1777 3161//1777 3166//1777
f 3163//1777 3162//1777 3166//1777
f 3163//1777 3166//1777 3167//1777
f 3164//1777 3163//1777 3167//1777
f 3164//1777 3167//1777 3166//1777
f 3165//1777 3164//1777 3166//1777
f 3168//1777 3170//1777 3169//1777
f 3171//1777 3168//1777 3169//1777
f 3171//1777 3169//1777 3172//1777
f 3171//1777 3172//1777 3173//1777
f 3174//1777 3171//1777 3173//1777
f 3170//1777 3174//1777 3173//1777
f 3170//1777 3173//1777 3175//1777
f 3169//1777 3170//1777 3175//1777
f 3169//1777 3175//1777 3176//1777
f 3172//1777 3169//1777 3176//1777
f 3172//1777 3176//1777 3177//1777
f 3172//1777 3177//1777 3178//1777
f 3173//1777 3172//1777 3178//1777
f 3175//1777 3173//1777 3178//1777
f 3175//1777 3178//1777 3179//1777
f 3176//1777 3175//1777 3179//1777
f 3176//1777 3179//1777 3180//1777
f 3177//1777 3176//1777 3180//1777
f 3177//1777 3180//1777 3181//1777
f 3177//1777 3181//1777 3182//1777
f 3178//1777 3177//1777 3182//1777
f 3179//1777 3178//1777 3182//1777
f 3179//1777 3182//1777 3183//1777
f 3180//1777 3179//1777 3183//1777
f 3180//1777 3183//1777 3182//1777
f 3181//1777 3180//1777 3182//1777
f 3184//1777 3186//1777 3185//1777
f 3187//1777 3184//1777 3185//1777
f 3188//1777 3187//1777 3185//1777
f 3188//1777 3185//1777 3186//1777
f 3189//1777 3188//1777 3186//1777
f 3189//1777 3186//1777 3184//1777
f 3190//1777 3189//1777 3184//1777
f 3190//1777 3184//1777 3187//1777
f 3189//1777 3190//1777 3187//1777
f 3189//1777 3187//1777 3191//1777
f 3188//1777 3189//1777 3191//1777
f 3188//1777 3191//1777 3187//1777
f 3192//1777 3194//1777 3193//1777
f 3192//1777 3193//1777 3195//1777
f 3194//1777 3192//1777 3195//1777
f 3196//1777 3194//1777 3195//1777
f 3197//1777 3196//1777 3195//1777
f 3197//1777 3195//1777 3193//1777
f 3197//1777 3193//1777 3198//1777
f 3196//1777 3197//1777 3198//1777
f 3194//1777 3196//1777 3198//1777
f 3194//1777 3198//1777 3199//1777
f 3193//1777 3194//1777 3199//1777
f 3193//1777 3199//1777 3198//1777
f 3200//1777 3202//1777 3201//1777
f 3203//1777 3200//1777 3201//1777
f 3204//1777 3203//1777 3201//1777
f 3204//1777 3201//1777 3202//1777
f 3205//1777 3204//1777 3202//1777
f 3205//1777 3202//1777 3200//1777
f 3205//1777 3200//1777 3206//1777
f 3204//1777 3205//1777 3206//1777
f 3207//1777 3204//1777 3206//1777
f 3207//1777 3206//1777 3200//1777
f 3207//1777 3200//1777 3208//1777
f 3204//1777 3207//1777 3208//1777
f 3204//1777 3208//1777 3209//1777
f 3203//1777 3204//1777 3209//1777
f 3200//1777 3203//1777 3209//1777
f 3200//1777 3209//1777 3208//1777
f 3210//1777 3212//1777 3211//1777
f 3210//1777 3211//1777 3213//1777
f 3212//1777 3210//1777 3213//1777
f 3214//1777 3212//1777 3213//1777
f 3215//1777 3214//1777 3213//1777
f 3215//1777 3213//1777 3211//1777
f 3215//1777 3211//1777 3216//1777
f 3214//1777 3215//1777 3216//1777
f 3212//1777 3214//1777 3216//1777
f 3212//1777 3216//1777 3217//1777
f 3211//1777 3212//1777 3217//1777
f 3211//1777 3217//1777 3216//1777
f 3218//1777 3220//1777 3219//1777
f 3218//1777 3219//1777 3221//1777
f 3218//1777 3221//1777 3222//1777
f 3218//1777 3222//1777 3223//1777
f 3220//1777 3218//1777 3223//1777
f 3220//1777 3223//1777 3224//1777
f 3220//1777 3224//1777 3225//1777
f 3219//1777 3220//1777 3225//1777
f 3219//1777 3225//1777 3226//1777
f 3221//1777 3219//1777 3226//1777
f 3221//1777 3226//1777 3227//1777
f 3221//1777 3227//1777 3228//1777
f 3222//1777 3221//1777 3228//1777
f 3222//1777 3228//1777 3229//1777
f 3222//1777 3229//1777 3230//1777
f 3223//1777 3222//1777 3230//1777
f 3231//1777 3223//1777 3230//1777
f 3231//1777 3230//1777 3229//1777
f 3232//1777 3231//1777 3229//1777
f 3233//1777 3232//1777 3229//1777
f 3234//1777 3233//1777 3229//1777
f 3234//1777 3229//1777 3228//1777
f 3234//1777 3228//1777 3227//1777
f 3235//1777 3234//1777 3227//1777
f 3235//1777 3227//1777 3226//1777
f 3236//1777 3235//1777 3226//1777
f 3237//1777 3236//1777 3226//1777
f 3238//1777 3237//1777 3226//1777
f 3238//1777 3226//1777 3225//1777
f 3239//1777 3238//1777 3225//1777
f 3239//1777 3225//1777 3224//1777
f 3240//1777 3239//1777 3224//1777
f 3240//1777 3224//1777 3223//1777
f 3240//1777 3223//1777 3231//1777
f 3241//1777 3240//1777 3231//1777
f 3241//1777 3231//1777 3232//1777
f 3242//1777 3241//1777 3232//1777
f 3243//1777 3242//1777 3232//1777
f 3243//1777 3232//1777 3233//1777
f 3235//1777 3243//1777 3233//1777
f 3235//1777 3233//1777 3234//1777
f 3243//1777 3235//1777 3236//1777
f 3242//1777 3243//1777 3236//1777
f 3242//1777 3236//1777 3237//1777
f 3241//1777 3242//1777 3237//1777
f 3241//1777 3237//1777 3244//1777
f 3240//1777 3241//1777 3244//1777
f 3239//1777 3240//1777 3244//1777
f 3238//1777 3239//1777 3244//1777
f 3238//1777 3244//1777 3237//1777
f 3245//1777 3247//1777 3246//1777
f 3248//1777 3245//1777 3246//1777
f 3249//1777 3248//1777 3246//1777
f 3249//1777 3246//1777 3247//1777
f 3250//1777 3249//1777 3247//1777
f 3250//1777 3247//1777 3245//1777
f 3251//1777 3250//1777 3245//1777
f 3251//1777 3245//1777 3248//1777
f 3252//1777 3251//1777 3248//1777
f 3252//1777 3248//1777 3249//1777
f 3252//1777 3249//1777 3250//1777
f 3251//1777 3252//1777 3250//1777
v -1.47871 12.599441 -1.2268001
v -0.89080954 12.30395 -1.3676308
v -1.7265391 11.883728 -0.96123
v -0.8108296 13.030021 -1.3372207
v -1.328244 13.1513195 -0.8581361
v -1.7951586 12.831859 -1.0915471
v -1.6769001 13.156641 -0.8984088
v -1.289017 13.393411 -0.31504
v -1.6323773 13.351315 -0.29759076
v -1.2745982 13.135953 0.23562261
v -1.701039 13.169603 0.3036539
v -1.3715501 12.75391 0.54212105
v -1.8352002 12.736596 0.5636791
v -1.491445 12.26187 0.6841
v -1.0833691 12.13239 0.8803691
v -1.0135992 12.69314 0.7050292
v -0.5043492 12.052381 1.149049
v -0.50585926 12.618609 0.9596091
v 8.370271E-07 12.04001 1.2377889
v 7.3706497E-07 12.58472 1.0588689
v 0.50586057 12.618609 0.95960903
v 0.5043507 12.052381 1.149049
v 1.0136006 12.69314 0.70502913
v 1.0833706 12.13239 0.880369
v 1.3715501 12.75391 0.5421211
v 1.491445 12.26187 0.6840999
v 1.835202 12.736594 0.56367916
v 1.908693 12.43803 0.63268
v 1.6735368 11.887109 0.39847997
v 2.0616806 11.993299 0.30244997
v 1.8319879 11.623219 -0.36295316
v 2.2021942 11.728699 -0.31546003
v 1.7265391 11.883728 -0.9612299
v 2.0474422 12.000807 -0.93452007
v 1.47871 12.599441 -1.2268
v 0.89081025 12.30395 -1.3676307
v 0.8108302 13.030021 -1.3372207
v 3.0407864E-07 12.99691 -1.3785307
v 3.9977385E-07 12.22189 -1.4237208
v 0.9336512 11.54882 -1.2595707
v 5.068514E-07 11.512461 -1.3395933
v -0.93365026 11.54882 -1.2595708
v 2.5601094E-07 13.45342 -1.2984408
v 0.58930016 13.463381 -1.2070509
v 1.3282441 13.1513195 -0.85813606
v 1.7951599 12.831857 -1.0915473
v 2.3373756 12.698536 -1.1750406
v 3.7334514 12.732879 -0.97658056
v 4.264364 12.221723 -0.73845005
v 4.27295 11.915624 -0.25521004
v 3.8946154 12.159311 0.28637946
v 3.8450847 12.73287 0.44998932
v 2.3092546 12.720687 0.5770292
v 2.0406358 13.04964 0.30086997
v 1.7010415 13.169603 0.30365378
v 1.2745985 13.135953 0.23562256
v 0.96756643 13.181226 0.37752405
v 0.49634057 13.06391 0.77246904
v 6.520622E-07 13.022631 0.885139
v -0.49633932 13.06391 0.7724691
v -0.9675655 13.181226 0.37752405
v 2.484865 13.372838 -0.29961005
v 2.6443648 13.0701065 -0.87249064
v 2.4396775 13.10403 -0.90392005
v 2.717754 13.308899 -0.29314077
v 4.273838 13.311252 -0.26064
v 3.8946157 13.04312 0.28073925
v 2.6553395 13.073034 0.28941923
v 2.4288108 13.114073 0.33528998
v 2.0789833 13.269165 -0.29994
v 2.0564911 13.044948 -0.8765382
v 1.6323807 13.3513155 -0.29759088
v 1.6769024 13.15664 -0.8984088
v 1.2890173 13.393411 -0.31504002
v 4.251833 13.101143 -0.74785006
v 4.467725 13.439743 -0.24647072
v 4.616279 13.098909 -0.7562406
v 4.669415 13.3189535 -0.2552107
v 5.090629 13.2782345 -0.23594467
v 5.092529 13.1050205 -0.6558476
v 4.609762 12.732879 -0.9457106
v 5.093017 12.750259 -0.84739256
v 5.097742 12.219032 -0.67868143
v 4.609269 12.255743 -0.75438046
v 5.100403 12.06535 -0.23750047
v 4.674723 11.976531 -0.26772046
v 4.4721627 11.85022 -0.24957046
v 4.7241936 12.065432 0.41613948
v 4.4932013 12.186352 0.2920195
v 4.5628405 12.73287 0.47506934
v 1.0982648 13.297041 0.43958396
v 0.5467706 13.15185 0.8578889
v 6.5747645E-07 13.10605 0.9912391
v -0.54676926 13.15185 0.857889
v -1.0982636 13.297041 0.43958396
v 5.118931 11.926421 -0.24320441
v 5.1387453 12.155211 -0.7558884
v 5.134843 12.750259 -1.0160575
v 5.131798 13.208291 -0.8330866
v 5.128778 13.423977 -0.2619477
v 5.0867453 13.051641 0.28299326
v 4.9071965 13.090639 0.2810893
v 4.7235427 13.180961 0.40761924
v 4.4932013 13.039602 0.2976693
v 4.7947335 12.732879 0.5799592
v 4.9015203 12.162132 0.2920195
v 5.0899434 12.221482 0.2729934
v 5.1387215 12.172293 0.3731364
v 5.763391 12.034258 -0.25536942
v 5.766781 12.23688 -0.7013534
v 5.7640305 12.754769 -0.91147554
v 5.758361 13.131262 -0.75529456
v 5.754581 13.318602 -0.2668726
v 5.7641106 13.119539 0.34348536
v 5.806222 13.241091 -0.2668726
v 5.811691 13.0723915 -0.6864125
v 5.8198404 12.754769 -0.8260165
v 5.8221807 12.29182 -0.63916343
v 5.818591 12.108407 -0.2459994
v 5.8259606 12.314311 0.25332147
v 5.7688804 12.25833 0.31064147
v 5.1348424 12.750259 0.6230703
v 5.0999312 12.750259 0.44415438
v 4.9578543 12.732879 0.48483932
v 5.1315923 13.20273 0.41071427
v 5.7705307 12.754769 0.52101636
v 5.8221517 13.072802 0.28008735
v 5.8314905 12.754769 0.43934637
v 5.5010004 12.922987 0.062082008
v 5.501001 13.064955 -0.23073125
v 5.501001 12.9229765 -0.54808843
v 5.501001 12.569463 -0.5458469
v 5.501001 12.414598 -0.23073113
v 5.5010004 12.569474 0.062100694
v 6.268001 12.63329 -0.49664265
v 6.268001 12.485317 -0.23149212
v 6.2680006 12.633291 0.031273827
v 6.2680006 12.8867655 0.031273767
v 6.268001 13.029627 -0.23149222
v 6.268001 12.886777 -0.49664265
v 6.432661 12.656286 -0.446758
v 6.432661 12.535999 -0.23149212
v 6.432661 12.656275 -0.018619329
v 6.432661 12.862317 -0.018619359
v 6.432661 12.97842 -0.2314922
v 6.432661 12.862308 -0.44675803
v 6.543332 12.753173 -0.23149216
v 1.3589909 13.545978 -0.36304086
v 1.0148276 13.85245 0.51327395
v 0.5367805 13.70652 0.940309
v 5.974107E-07 13.664371 1.0809491
v -0.5367794 13.70652 0.94030905
v -1.0148267 13.85245 0.513274
v -1.3589902 13.545978 -0.36304083
v -1.1019896 13.56489 -0.94861066
v -1.0457995 13.472369 -0.9025507
v -0.5892997 13.463381 -1.2070508
v 2.2975837E-07 13.5553 -1.3805808
v 0.6233102 13.560221 -1.2803608
v 1.0458002 13.472369 -0.90255076
v 1.1019901 13.56489 -0.9486108
v 1.01259 14.2146 -0.88945085
v 1.2763644 14.096041 -0.27793092
v 0.9131239 13.96837 0.43710393
v 0.48486045 13.84244 0.80272895
v 5.514157E-07 13.803329 0.9032889
v -0.48485944 13.84244 0.80272895
v -0.9131231 13.96837 0.43710396
v -1.2763637 14.096041 -0.2779309
v -1.0125898 14.2146 -0.88945085
v -0.5785098 14.24533 -1.2450908
v -0.62330973 13.560221 -1.2803607
v 1.4570378E-07 14.2422 -1.335631
v 0.57851005 14.24533 -1.2450908
v 1.4872785E-07 14.32157 -1.2483908
v 0.52242005 14.32027 -1.131861
v -0.47417942 13.8062 0.795649
v -0.89451605 13.908061 0.424624
v -1.1387779 14.180882 -0.24867089
v -0.8984197 14.289141 -0.79319084
v -0.5224198 14.32027 -1.131861
v 0.89842004 14.289141 -0.79319084
v 1.1387783 14.180882 -0.2486709
v 0.894517 13.908061 0.42462397
v 0.10343565 13.03479 0.9261091
v 7.746562E-07 12.50666 1.2343891
v 0.14260577 12.473795 1.140409
v 6.652799E-07 13.05833 1.0007688
v -0.103434324 13.03479 0.9261091
v -0.14260422 12.473795 1.1404091
v -1.6317714 11.438521 0.38236
v -1.1367291 11.37659 0.9591199
v -1.6735368 11.887109 0.39847997
v -1.8319879 11.623219 -0.36295313
v -1.7486423 11.36342 -0.37345374
v -1.430452 11.436831 -1.0176901
v -2.2021942 11.728699 -0.31546
v -2.0474422 12.000807 -0.93452
v -2.3373744 12.698538 -1.1750405
v -2.0564895 13.044944 -0.8765383
v -2.0789828 13.269163 -0.29994008
v -2.0406353 13.049639 0.30086997
v -2.3092527 12.720688 0.5770292
v -1.908693 12.43803 0.63267994
v -2.0616806 11.993299 0.30244997
v -3.8946135 12.159313 0.28637934
v -4.27295 11.915624 -0.25521004
v -4.264364 12.221723 -0.73845
v -3.73345 12.732881 -0.97658056
v -2.6443634 13.070108 -0.87249064
v -2.4396777 13.10403 -0.9039201
v -2.4848654 13.372839 -0.29961005
v -2.7177527 13.308902 -0.2931407
v -4.273838 13.311252 -0.26064003
v -4.251833 13.101143 -0.74785
v -4.116643 12.907193 -0.97223014
v -4.132778 12.516064 -0.97165006
v -4.39097 12.516064 -0.9599999
v -4.382902 12.914263 -0.96315
v -4.6162767 13.098911 -0.75624055
v -4.4677224 13.439744 -0.24647062
v -4.7235413 13.180962 0.40761936
v -4.4932 13.039604 0.2976693
v -3.8946137 13.043122 0.28073925
v -2.6553378 13.073037 0.28941923
v -2.4288101 13.114072 0.33528993
v -3.8450825 12.732872 0.44998932
v -4.562839 12.732872 0.4750694
v -4.7947316 12.732881 0.57995933
v -4.9578524 12.732881 0.48483932
v -4.907195 13.090641 0.2810893
v -4.6694126 13.318954 -0.25521058
v -5.0906267 13.278235 -0.23594455
v -5.086744 13.051643 0.28299332
v -5.09993 12.750261 0.44415444
v -4.9015183 12.162134 0.29201943
v -4.7241917 12.0654335 0.41613942
v -4.4932 12.186354 0.29201943
v -4.4721603 11.850222 -0.24957049
v -4.674721 11.976533 -0.2677205
v -5.7633886 12.03426 -0.25536942
v -5.7667785 12.236882 -0.70135343
v -5.1387434 12.155213 -0.7558884
v -5.8221784 12.2918215 -0.6391634
v -5.8198385 12.754771 -0.8260164
v -5.7640285 12.754771 -0.91147554
v -5.8116884 13.072392 -0.68641245
v -5.7583585 13.131264 -0.7552945
v -5.8062196 13.241092 -0.2668725
v -5.7545786 13.318603 -0.2668725
v -5.7641087 13.119541 0.34348541
v -5.8221498 13.0728035 0.2800874
v -5.770529 12.754771 0.52101636
v -5.8314886 12.754771 0.43934643
v -5.7688785 12.258332 0.31064147
v -5.8259587 12.314313 0.25332153
v -5.1387196 12.172295 0.37313646
v -5.1189284 11.926423 -0.24320444
v -5.0977397 12.219034 -0.6786815
v -5.0930147 12.750261 -0.8473925
v -5.1348405 12.750261 -1.0160574
v -5.1317954 13.208292 -0.8330865
v -5.1287756 13.423978 -0.26194757
v -5.131591 13.202732 0.41071445
v -5.1348405 12.750261 0.62307036
v -5.0899415 12.221484 0.27299345
v -5.1004004 12.0653515 -0.23750046
v -4.6092668 12.255745 -0.75438046
v -4.6097603 12.732881 -0.9457106
v -5.0925264 13.105022 -0.65584755
v -5.5009985 12.922989 0.062082097
v -5.5009985 12.569476 0.062100723
v -5.8185883 12.108409 -0.2459994
v -5.5009985 12.4146 -0.23073108
v -6.267998 12.485319 -0.23149206
v -6.2679987 12.633293 0.031273946
v -6.2679987 12.886766 0.031273887
v -5.5009985 13.064957 -0.23073114
v -5.5009985 12.922978 -0.5480884
v -5.5009985 12.569465 -0.5458469
v -6.2679987 12.633293 -0.49664253
v -6.432658 12.656289 -0.4467579
v -6.432658 12.536002 -0.23149204
v -6.432658 12.656278 -0.018619254
v -6.432658 12.86232 -0.018619254
v -6.2679987 13.029629 -0.2314921
v -6.2679987 12.88678 -0.4966426
v -6.432658 12.86231 -0.4467579
v -6.5433292 12.753176 -0.23149206
v -6.432658 12.978422 -0.23149209
v -0.5232101 11.287421 1.21629
v 0 11.26764 1.29094
v 0.5232101 11.287421 1.2162901
v 1.1367291 11.37659 0.95912
v 1.6317714 11.438521 0.38236
v 1.7486423 11.36342 -0.3734537
v 1.430452 11.436831 -1.01769
v 0.9517506 10.4565525 -1.1896589
v -1.4210855E-14 10.4565525 -1.2784059
v -0.9517506 10.4565525 -1.1896589
v 1.7894231 10.4565525 -0.37927085
v 1.7355667 10.465533 0.41608092
v 1.2199972 10.4565525 1.0217271
v 0.57222056 10.4565525 1.2762783
v 0 10.4565525 1.3551548
v -0.57222056 10.4565525 1.2762784
v -1.2199972 10.4565525 1.0217271
v -1.7355667 10.465533 0.41608092
v -1.7894231 10.4565525 -0.37927088
v 4.116643 12.907193 -0.9722301
v 4.39097 12.516064 -0.96
v 4.132778 12.516064 -0.97165
v 4.382902 12.914263 -0.9631501
v 1.8463883 9.862317 -0.5720048
v 1.0660774 9.852237 -1.2519066
v -1.4210855E-14 9.852237 -1.3542478
v -1.0660774 9.852237 -1.2519066
v -1.8463883 9.862317 -0.57200485
v -1.9158341 9.862317 0.47344998
v -1.4249696 9.862317 1.1433084
v -0.57852435 9.852237 1.4930884
v 1.4210855E-14 9.852237 1.5465195
v 0.57852435 9.852237 1.4930882
v 1.4249696 9.862317 1.1433085
v 1.9158341 9.862317 0.47344998
v 1.8406821 9.412892 0.23286
v 1.6985689 9.411583 -0.3578348
v 0.9233871 9.412892 -1.03733
v 0 9.412892 -1.15127
v -0.9233871 9.412892 -1.03733
v -1.6985689 9.411583 -0.35783482
v -1.8406821 9.412892 0.23286
v -1.3940812 9.415032 0.94897985
v -0.54471177 9.412892 1.24331
v 0 9.412892 1.32037
v 0.54471177 9.412892 1.2433101
v 1.3940812 9.415032 0.9489799
v 1.3913736 9.03666 0.93929607
v 1.8249279 9.037512 0.23364499
v 1.6818955 9.037512 -0.35097477
v 0.9167009 9.037512 -1.03745
v 0 9.037512 -1.15127
v -0.9167009 9.037512 -1.03745
v -1.6818955 9.037512 -0.3509748
v -1.8249279 9.037512 0.23364499
v -1.3913736 9.03666 0.939296
v -0.54471177 9.037512 1.24331
v 0 9.037512 1.3218598
v 0.54471177 9.037512 1.2433101
o Mesh_19
g polygon_0
usemtl Joint_0_Object_19_Material_19
f 3253//1777 3255//1777 3254//1777
f 3253//1777 3254//1777 3256//1777
f 3253//1777 3256//1777 3257//1777
f 3258//1777 3253//1777 3257//1777
f 3259//1777 3258//1777 3257//1777
f 3259//1777 3257//1777 3260//1777
f 3261//1777 3259//1777 3260//1777
f 3261//1777 3260//1777 3262//1777
f 3263//1777 3261//1777 3262//1777
f 3263//1777 3262//1777 3264//1777
f 3265//1777 3263//1777 3264//1777
f 3266//1777 3265//1777 3264//1777
f 3267//1777 3266//1777 3264//1777
f 3267//1777 3264//1777 3268//1777
f 3269//1777 3267//1777 3268//1777
f 3269//1777 3268//1777 3270//1777
f 3271//1777 3269//1777 3270//1777
f 3271//1777 3270//1777 3272//1777
f 3271//1777 3272//1777 3273//1777
f 3274//1777 3271//1777 3273//1777
f 3274//1777 3273//1777 3275//1777
f 3276//1777 3274//1777 3275//1777
f 3276//1777 3275//1777 3277//1777
f 3278//1777 3276//1777 3277//1777
f 3278//1777 3277//1777 3279//1777
f 3278//1777 3279//1777 3280//1777
f 3281//1777 3278//1777 3280//1777
f 3281//1777 3280//1777 3282//1777
f 3283//1777 3281//1777 3282//1777
f 3283//1777 3282//1777 3284//1777
f 3285//1777 3283//1777 3284//1777
f 3285//1777 3284//1777 3286//1777
f 3285//1777 3286//1777 3287//1777
f 3288//1777 3285//1777 3287//1777
f 3288//1777 3287//1777 3289//1777
f 3288//1777 3289//1777 3290//1777
f 3288//1777 3290//1777 3291//1777
f 3292//1777 3288//1777 3291//1777
f 3293//1777 3292//1777 3291//1777
f 3294//1777 3293//1777 3291//1777
f 3254//1777 3294//1777 3291//1777
f 3254//1777 3291//1777 3290//1777
f 3256//1777 3254//1777 3290//1777
f 3295//1777 3256//1777 3290//1777
f 3295//1777 3290//1777 3289//1777
f 3296//1777 3295//1777 3289//1777
f 3297//1777 3296//1777 3289//1777
f 3297//1777 3289//1777 3287//1777
f 3298//1777 3297//1777 3287//1777
f 3298//1777 3287//1777 3286//1777
f 3299//1777 3298//1777 3286//1777
f 3300//1777 3299//1777 3286//1777
f 3301//1777 3300//1777 3286//1777
f 3301//1777 3286//1777 3284//1777
f 3302//1777 3301//1777 3284//1777
f 3303//1777 3302//1777 3284//1777
f 3303//1777 3284//1777 3282//1777
f 3304//1777 3303//1777 3282//1777
f 3305//1777 3304//1777 3282//1777
f 3305//1777 3282//1777 3280//1777
f 3305//1777 3280//1777 3279//1777
f 3306//1777 3305//1777 3279//1777
f 3307//1777 3306//1777 3279//1777
f 3307//1777 3279//1777 3277//1777
f 3308//1777 3307//1777 3277//1777
f 3308//1777 3277//1777 3275//1777
f 3309//1777 3308//1777 3275//1777
f 3309//1777 3275//1777 3273//1777
f 3310//1777 3309//1777 3273//1777
f 3310//1777 3273//1777 3272//1777
f 3311//1777 3310//1777 3272//1777
f 3312//1777 3311//1777 3272//1777
f 3312//1777 3272//1777 3270//1777
f 3313//1777 3312//1777 3270//1777
f 3313//1777 3270//1777 3268//1777
f 3262//1777 3313//1777 3268//1777
f 3262//1777 3268//1777 3264//1777
f 3314//1777 3316//1777 3315//1777
f 3317//1777 3314//1777 3315//1777
f 3317//1777 3315//1777 3318//1777
f 3317//1777 3318//1777 3319//1777
f 3317//1777 3319//1777 3320//1777
f 3314//1777 3317//1777 3320//1777
f 3314//1777 3320//1777 3321//1777
f 3314//1777 3321//1777 3322//1777
f 3316//1777 3314//1777 3322//1777
f 3323//1777 3316//1777 3322//1777
f 3323//1777 3322//1777 3324//1777
f 3325//1777 3323//1777 3324//1777
f 3325//1777 3324//1777 3326//1777
f 3325//1777 3326//1777 3297//1777
f 3325//1777 3297//1777 3298//1777
f 3323//1777 3325//1777 3298//1777
f 3323//1777 3298//1777 3299//1777
f 3316//1777 3323//1777 3299//1777
f 3315//1777 3316//1777 3299//1777
f 3315//1777 3299//1777 3300//1777
f 3315//1777 3300//1777 3327//1777
f 3318//1777 3315//1777 3327//1777
f 3328//1777 3318//1777 3327//1777
f 3328//1777 3327//1777 3329//1777
f 3330//1777 3328//1777 3329//1777
f 3331//1777 3330//1777 3329//1777
f 3332//1777 3331//1777 3329//1777
f 3332//1777 3329//1777 3333//1777
f 3334//1777 3332//1777 3333//1777
f 3335//1777 3334//1777 3333//1777
f 3335//1777 3333//1777 3336//1777
f 3337//1777 3335//1777 3336//1777
f 3338//1777 3337//1777 3336//1777
f 3338//1777 3336//1777 3301//1777
f 3339//1777 3338//1777 3301//1777
f 3339//1777 3301//1777 3302//1777
f 3340//1777 3339//1777 3302//1777
f 3341//1777 3340//1777 3302//1777
f 3341//1777 3302//1777 3303//1777
f 3342//1777 3341//1777 3303//1777
f 3342//1777 3303//1777 3304//1777
f 3319//1777 3342//1777 3304//1777
f 3320//1777 3319//1777 3304//1777
f 3320//1777 3304//1777 3305//1777
f 3321//1777 3320//1777 3305//1777
f 3321//1777 3305//1777 3306//1777
f 3322//1777 3321//1777 3306//1777
f 3322//1777 3306//1777 3307//1777
f 3324//1777 3322//1777 3307//1777
f 3324//1777 3307//1777 3308//1777
f 3326//1777 3324//1777 3308//1777
f 3326//1777 3308//1777 3309//1777
f 3343//1777 3326//1777 3309//1777
f 3344//1777 3343//1777 3309//1777
f 3344//1777 3309//1777 3310//1777
f 3344//1777 3310//1777 3311//1777
f 3345//1777 3344//1777 3311//1777
f 3346//1777 3345//1777 3311//1777
f 3346//1777 3311//1777 3312//1777
f 3346//1777 3312//1777 3313//1777
f 3347//1777 3346//1777 3313//1777
f 3260//1777 3347//1777 3313//1777
f 3260//1777 3313//1777 3262//1777
f 3335//1777 3337//1777 3348//1777
f 3335//1777 3348//1777 3349//1777
f 3334//1777 3335//1777 3349//1777
f 3334//1777 3349//1777 3350//1777
f 3332//1777 3334//1777 3350//1777
f 3332//1777 3350//1777 3351//1777
f 3331//1777 3332//1777 3351//1777
f 3331//1777 3351//1777 3352//1777
f 3331//1777 3352//1777 3353//1777
f 3330//1777 3331//1777 3353//1777
f 3330//1777 3353//1777 3354//1777
f 3328//1777 3330//1777 3354//1777
f 3328//1777 3354//1777 3355//1777
f 3318//1777 3328//1777 3355//1777
f 3318//1777 3355//1777 3356//1777
f 3319//1777 3318//1777 3356//1777
f 3342//1777 3319//1777 3356//1777
f 3342//1777 3356//1777 3357//1777
f 3341//1777 3342//1777 3357//1777
f 3340//1777 3341//1777 3357//1777
f 3340//1777 3357//1777 3358//1777
f 3339//1777 3340//1777 3358//1777
f 3338//1777 3339//1777 3358//1777
f 3338//1777 3358//1777 3359//1777
f 3337//1777 3338//1777 3359//1777
f 3337//1777 3359//1777 3360//1777
f 3348//1777 3337//1777 3360//1777
f 3348//1777 3360//1777 3361//1777
f 3349//1777 3348//1777 3361//1777
f 3349//1777 3361//1777 3362//1777
f 3350//1777 3349//1777 3362//1777
f 3350//1777 3362//1777 3363//1777
f 3351//1777 3350//1777 3363//1777
f 3351//1777 3363//1777 3364//1777
f 3352//1777 3351//1777 3364//1777
f 3352//1777 3364//1777 3365//1777
f 3366//1777 3352//1777 3365//1777
f 3367//1777 3366//1777 3365//1777
f 3367//1777 3365//1777 3364//1777
f 3368//1777 3367//1777 3364//1777
f 3368//1777 3364//1777 3363//1777
f 3369//1777 3368//1777 3363//1777
f 3369//1777 3363//1777 3362//1777
f 3370//1777 3369//1777 3362//1777
f 3370//1777 3362//1777 3361//1777
f 3371//1777 3370//1777 3361//1777
f 3372//1777 3371//1777 3361//1777
f 3373//1777 3372//1777 3361//1777
f 3373//1777 3361//1777 3360//1777
f 3374//1777 3373//1777 3360//1777
f 3374//1777 3360//1777 3359//1777
f 3375//1777 3374//1777 3359//1777
f 3375//1777 3359//1777 3358//1777
f 3376//1777 3375//1777 3358//1777
f 3376//1777 3358//1777 3357//1777
f 3355//1777 3376//1777 3357//1777
f 3355//1777 3357//1777 3356//1777
f 3376//1777 3355//1777 3354//1777
f 3375//1777 3376//1777 3354//1777
f 3375//1777 3354//1777 3353//1777
f 3377//1777 3375//1777 3353//1777
f 3377//1777 3353//1777 3352//1777
f 3377//1777 3352//1777 3366//1777
f 3377//1777 3366//1777 3378//1777
f 3377//1777 3378//1777 3374//1777
f 3375//1777 3377//1777 3374//1777
f 3366//1777 3367//1777 3379//1777
f 3378//1777 3366//1777 3379//1777
f 3380//1777 3378//1777 3379//1777
f 3381//1777 3380//1777 3379//1777
f 3381//1777 3379//1777 3367//1777
f 3382//1777 3381//1777 3367//1777
f 3382//1777 3367//1777 3368//1777
f 3383//1777 3382//1777 3368//1777
f 3383//1777 3368//1777 3369//1777
f 3384//1777 3383//1777 3369//1777
f 3384//1777 3369//1777 3370//1777
f 3385//1777 3384//1777 3370//1777
f 3385//1777 3370//1777 3371//1777
f 3386//1777 3385//1777 3371//1777
f 3386//1777 3371//1777 3372//1777
f 3381//1777 3386//1777 3372//1777
f 3380//1777 3381//1777 3372//1777
f 3380//1777 3372//1777 3373//1777
f 3378//1777 3380//1777 3373//1777
f 3378//1777 3373//1777 3374//1777
f 3387//1777 3384//1777 3385//1777
f 3388//1777 3387//1777 3385//1777
f 3388//1777 3385//1777 3386//1777
f 3389//1777 3388//1777 3386//1777
f 3389//1777 3386//1777 3381//1777
f 3390//1777 3389//1777 3381//1777
f 3390//1777 3381//1777 3382//1777
f 3391//1777 3390//1777 3382//1777
f 3391//1777 3382//1777 3383//1777
f 3392//1777 3391//1777 3383//1777
f 3392//1777 3383//1777 3384//1777
f 3392//1777 3384//1777 3387//1777
f 3393//1777 3392//1777 3387//1777
f 3393//1777 3387//1777 3388//1777
f 3394//1777 3393//1777 3388//1777
f 3394//1777 3388//1777 3389//1777
f 3395//1777 3394//1777 3389//1777
f 3395//1777 3389//1777 3390//1777
f 3396//1777 3395//1777 3390//1777
f 3396//1777 3390//1777 3391//1777
f 3397//1777 3396//1777 3391//1777
f 3397//1777 3391//1777 3392//1777
f 3398//1777 3397//1777 3392//1777
f 3398//1777 3392//1777 3393//1777
f 3399//1777 3398//1777 3393//1777
f 3399//1777 3393//1777 3394//1777
f 3399//1777 3394//1777 3395//1777
f 3399//1777 3395//1777 3396//1777
f 3399//1777 3396//1777 3397//1777
f 3398//1777 3399//1777 3397//1777
f 3400//1777 3326//1777 3343//1777
f 3401//1777 3400//1777 3343//1777
f 3402//1777 3401//1777 3343//1777
f 3402//1777 3343//1777 3344//1777
f 3402//1777 3344//1777 3345//1777
f 3403//1777 3402//1777 3345//1777
f 3404//1777 3403//1777 3345//1777
f 3404//1777 3345//1777 3346//1777
f 3404//1777 3346//1777 3347//1777
f 3405//1777 3404//1777 3347//1777
f 3406//1777 3405//1777 3347//1777
f 3406//1777 3347//1777 3260//1777
f 3407//1777 3406//1777 3260//1777
f 3408//1777 3407//1777 3260//1777
f 3408//1777 3260//1777 3257//1777
f 3409//1777 3408//1777 3257//1777
f 3409//1777 3257//1777 3256//1777
f 3409//1777 3256//1777 3295//1777
f 3410//1777 3409//1777 3295//1777
f 3410//1777 3295//1777 3296//1777
f 3411//1777 3410//1777 3296//1777
f 3412//1777 3411//1777 3296//1777
f 3412//1777 3296//1777 3297//1777
f 3412//1777 3297//1777 3326//1777
f 3413//1777 3412//1777 3326//1777
f 3413//1777 3326//1777 3400//1777
f 3414//1777 3413//1777 3400//1777
f 3415//1777 3414//1777 3400//1777
f 3415//1777 3400//1777 3401//1777
f 3416//1777 3415//1777 3401//1777
f 3417//1777 3416//1777 3401//1777
f 3417//1777 3401//1777 3402//1777
f 3417//1777 3402//1777 3403//1777
f 3418//1777 3417//1777 3403//1777
f 3419//1777 3418//1777 3403//1777
f 3419//1777 3403//1777 3404//1777
f 3419//1777 3404//1777 3405//1777
f 3420//1777 3419//1777 3405//1777
f 3421//1777 3420//1777 3405//1777
f 3421//1777 3405//1777 3406//1777
f 3422//1777 3421//1777 3406//1777
f 3422//1777 3406//1777 3407//1777
f 3423//1777 3422//1777 3407//1777
f 3424//1777 3423//1777 3407//1777
f 3424//1777 3407//1777 3408//1777
f 3424//1777 3408//1777 3409//1777
f 3424//1777 3409//1777 3410//1777
f 3425//1777 3424//1777 3410//1777
f 3425//1777 3410//1777 3411//1777
f 3426//1777 3425//1777 3411//1777
f 3413//1777 3426//1777 3411//1777
f 3413//1777 3411//1777 3412//1777
f 3423//1777 3424//1777 3425//1777
f 3427//1777 3423//1777 3425//1777
f 3427//1777 3425//1777 3426//1777
f 3428//1777 3427//1777 3426//1777
f 3414//1777 3428//1777 3426//1777
f 3414//1777 3426//1777 3413//1777
f 478//1777 3418//1777 3419//1777
f 3429//1777 478//1777 3419//1777
f 3429//1777 3419//1777 3420//1777
f 3430//1777 3429//1777 3420//1777
f 3431//1777 3430//1777 3420//1777
f 3431//1777 3420//1777 3421//1777
f 3432//1777 3431//1777 3421//1777
f 3432//1777 3421//1777 3422//1777
f 3433//1777 3432//1777 3422//1777
f 3433//1777 3422//1777 3423//1777
f 3433//1777 3423//1777 3427//1777
f 506//1777 3433//1777 3427//1777
f 506//1777 3427//1777 3428//1777
f 507//1777 506//1777 3428//1777
f 508//1777 507//1777 3428//1777
f 508//1777 3428//1777 3434//1777
f 509//1777 508//1777 3434//1777
f 509//1777 3434//1777 3435//1777
f 3436//1777 509//1777 3435//1777
f 3436//1777 3435//1777 3416//1777
f 477//1777 3436//1777 3416//1777
f 477//1777 3416//1777 3417//1777
f 478//1777 477//1777 3417//1777
f 478//1777 3417//1777 3418//1777
f 514//1777 3430//1777 3431//1777
f 514//1777 3431//1777 3432//1777
f 513//1777 514//1777 3432//1777
f 513//1777 3432//1777 3433//1777
f 512//1777 513//1777 3433//1777
f 512//1777 3433//1777 506//1777
f 3415//1777 3416//1777 3435//1777
f 3415//1777 3435//1777 3434//1777
f 3414//1777 3415//1777 3434//1777
f 3414//1777 3434//1777 3428//1777
f 3437//1777 3439//1777 3438//1777
f 3440//1777 3437//1777 3438//1777
f 3440//1777 3438//1777 3441//1777
f 3437//1777 3440//1777 3441//1777
f 3439//1777 3437//1777 3441//1777
f 3439//1777 3441//1777 3442//1777
f 3438//1777 3439//1777 3442//1777
f 3438//1777 3442//1777 3441//1777
f 3266//1777 3444//1777 3443//1777
f 3445//1777 3266//1777 3443//1777
f 3446//1777 3445//1777 3443//1777
f 3446//1777 3443//1777 3447//1777
f 3446//1777 3447//1777 3448//1777
f 3446//1777 3448//1777 3255//1777
f 3449//1777 3446//1777 3255//1777
f 3450//1777 3449//1777 3255//1777
f 3450//1777 3255//1777 3253//1777
f 3450//1777 3253//1777 3258//1777
f 3451//1777 3450//1777 3258//1777
f 3452//1777 3451//1777 3258//1777
f 3452//1777 3258//1777 3259//1777
f 3452//1777 3259//1777 3261//1777
f 3453//1777 3452//1777 3261//1777
f 3453//1777 3261//1777 3263//1777
f 3454//1777 3453//1777 3263//1777
f 3454//1777 3263//1777 3265//1777
f 3455//1777 3454//1777 3265//1777
f 3456//1777 3455//1777 3265//1777
f 3456//1777 3265//1777 3266//1777
f 3456//1777 3266//1777 3445//1777
f 3457//1777 3456//1777 3445//1777
f 3457//1777 3445//1777 3446//1777
f 3457//1777 3446//1777 3449//1777
f 3458//1777 3457//1777 3449//1777
f 3459//1777 3458//1777 3449//1777
f 3460//1777 3459//1777 3449//1777
f 3460//1777 3449//1777 3450//1777
f 3461//1777 3460//1777 3450//1777
f 3461//1777 3450//1777 3451//1777
f 3462//1777 3461//1777 3451//1777
f 3463//1777 3462//1777 3451//1777
f 3463//1777 3451//1777 3452//1777
f 3463//1777 3452//1777 3453//1777
f 3463//1777 3453//1777 3464//1777
f 3462//1777 3463//1777 3464//1777
f 3462//1777 3464//1777 3465//1777
f 3462//1777 3465//1777 3466//1777
f 3462//1777 3466//1777 3467//1777
f 3461//1777 3462//1777 3467//1777
f 3461//1777 3467//1777 3468//1777
f 3461//1777 3468//1777 3469//1777
f 3460//1777 3461//1777 3469//1777
f 3470//1777 3460//1777 3469//1777
f 3470//1777 3469//1777 3468//1777
f 3471//1777 3470//1777 3468//1777
f 3471//1777 3468//1777 3467//1777
f 3472//1777 3471//1777 3467//1777
f 3473//1777 3472//1777 3467//1777
f 3473//1777 3467//1777 3466//1777
f 3474//1777 3473//1777 3466//1777
f 3475//1777 3474//1777 3466//1777
f 3476//1777 3475//1777 3466//1777
f 3476//1777 3466//1777 3465//1777
f 3477//1777 3476//1777 3465//1777
f 3477//1777 3465//1777 3464//1777
f 3478//1777 3477//1777 3464//1777
f 3478//1777 3464//1777 3453//1777
f 3478//1777 3453//1777 3454//1777
f 3478//1777 3454//1777 3455//1777
f 3477//1777 3478//1777 3455//1777
f 3477//1777 3455//1777 3479//1777
f 3476//1777 3477//1777 3479//1777
f 3476//1777 3479//1777 3480//1777
f 3475//1777 3476//1777 3480//1777
f 3475//1777 3480//1777 3481//1777
f 3474//1777 3475//1777 3481//1777
f 3474//1777 3481//1777 3482//1777
f 3474//1777 3482//1777 3483//1777
f 3473//1777 3474//1777 3483//1777
f 3473//1777 3483//1777 3484//1777
f 3472//1777 3473//1777 3484//1777
f 3485//1777 3472//1777 3484//1777
f 3486//1777 3485//1777 3484//1777
f 3486//1777 3484//1777 3483//1777
f 3487//1777 3486//1777 3483//1777
f 3487//1777 3483//1777 3482//1777
f 3488//1777 3487//1777 3482//1777
f 3488//1777 3482//1777 3481//1777
f 3489//1777 3488//1777 3481//1777
f 3490//1777 3489//1777 3481//1777
f 3490//1777 3481//1777 3480//1777
f 3458//1777 3490//1777 3480//1777
f 3458//1777 3480//1777 3479//1777
f 3457//1777 3458//1777 3479//1777
f 3457//1777 3479//1777 3455//1777
f 3456//1777 3457//1777 3455//1777
f 3490//1777 3458//1777 3459//1777
f 3489//1777 3490//1777 3459//1777
f 3489//1777 3459//1777 3491//1777
f 3488//1777 3489//1777 3491//1777
f 3492//1777 3488//1777 3491//1777
f 3460//1777 3492//1777 3491//1777
f 3460//1777 3491//1777 3459//1777
f 3493//1777 3495//1777 3494//1777
f 3496//1777 3493//1777 3494//1777
f 3497//1777 3496//1777 3494//1777
f 3497//1777 3494//1777 3498//1777
f 3499//1777 3497//1777 3498//1777
f 3499//1777 3498//1777 3500//1777
f 3501//1777 3499//1777 3500//1777
f 3501//1777 3500//1777 3502//1777
f 3501//1777 3502//1777 3503//1777
f 3504//1777 3501//1777 3503//1777
f 3504//1777 3503//1777 3505//1777
f 3506//1777 3504//1777 3505//1777
f 3506//1777 3505//1777 3507//1777
f 3508//1777 3506//1777 3507//1777
f 3493//1777 3508//1777 3507//1777
f 3493//1777 3507//1777 3509//1777
f 3493//1777 3509//1777 3510//1777
f 3495//1777 3493//1777 3510//1777
f 3495//1777 3510//1777 3511//1777
f 3495//1777 3511//1777 3512//1777
f 3495//1777 3512//1777 3513//1777
f 3494//1777 3495//1777 3513//1777
f 3498//1777 3494//1777 3513//1777
f 3498//1777 3513//1777 3514//1777
f 3500//1777 3498//1777 3514//1777
f 3500//1777 3514//1777 3515//1777
f 3502//1777 3500//1777 3515//1777
f 3503//1777 3502//1777 3515//1777
f 3503//1777 3515//1777 3516//1777
f 3505//1777 3503//1777 3516//1777
f 3505//1777 3516//1777 3517//1777
f 3507//1777 3505//1777 3517//1777
f 3509//1777 3507//1777 3517//1777
f 3509//1777 3517//1777 3518//1777
f 3509//1777 3518//1777 3519//1777
f 3510//1777 3509//1777 3519//1777
f 3511//1777 3510//1777 3519//1777
f 3511//1777 3519//1777 3520//1777
f 3511//1777 3520//1777 3521//1777
f 3512//1777 3511//1777 3521//1777
f 3512//1777 3521//1777 3522//1777
f 3513//1777 3512//1777 3522//1777
f 3514//1777 3513//1777 3522//1777
f 3514//1777 3522//1777 3485//1777
f 3515//1777 3514//1777 3485//1777
f 3515//1777 3485//1777 3486//1777
f 3516//1777 3515//1777 3486//1777
f 3516//1777 3486//1777 3487//1777
f 3517//1777 3516//1777 3487//1777
f 3518//1777 3517//1777 3487//1777
f 3518//1777 3487//1777 3488//1777
f 3518//1777 3488//1777 3492//1777
f 3519//1777 3518//1777 3492//1777
f 3520//1777 3519//1777 3492//1777
f 3520//1777 3492//1777 3460//1777
f 3520//1777 3460//1777 3470//1777
f 3521//1777 3520//1777 3470//1777
f 3521//1777 3470//1777 3471//1777
f 3521//1777 3471//1777 3472//1777
f 3522//1777 3521//1777 3472//1777
f 3522//1777 3472//1777 3485//1777
f 3523//1777 3501//1777 3504//1777
f 3523//1777 3504//1777 3506//1777
f 3523//1777 3506//1777 3508//1777
f 3524//1777 3523//1777 3508//1777
f 3525//1777 3524//1777 3508//1777
f 3525//1777 3508//1777 3493//1777
f 3525//1777 3493//1777 3496//1777
f 3525//1777 3496//1777 3526//1777
f 3524//1777 3525//1777 3526//1777
f 3524//1777 3526//1777 3527//1777
f 3524//1777 3527//1777 3528//1777
f 3523//1777 3524//1777 3528//1777
f 3523//1777 3528//1777 3529//1777
f 3523//1777 3529//1777 3530//1777
f 3501//1777 3523//1777 3530//1777
f 3499//1777 3501//1777 3530//1777
f 3499//1777 3530//1777 3531//1777
f 3497//1777 3499//1777 3531//1777
f 3497//1777 3531//1777 3532//1777
f 3496//1777 3497//1777 3532//1777
f 3526//1777 3496//1777 3532//1777
f 3526//1777 3532//1777 3533//1777
f 3527//1777 3526//1777 3533//1777
f 3527//1777 3533//1777 3534//1777
f 3527//1777 3534//1777 3535//1777
f 3528//1777 3527//1777 3535//1777
f 3528//1777 3535//1777 3536//1777
f 3529//1777 3528//1777 3536//1777
f 3529//1777 3536//1777 3537//1777
f 3529//1777 3537//1777 3538//1777
f 3530//1777 3529//1777 3538//1777
f 3531//1777 3530//1777 3538//1777
f 3531//1777 3538//1777 3539//1777
f 3532//1777 3531//1777 3539//1777
f 3533//1777 3532//1777 3539//1777
f 3533//1777 3539//1777 3540//1777
f 3534//1777 3533//1777 3540//1777
f 3534//1777 3540//1777 3541//1777
f 3535//1777 3534//1777 3541//1777
f 3536//1777 3535//1777 3541//1777
f 3537//1777 3536//1777 3541//1777
f 3537//1777 3541//1777 3542//1777
f 3538//1777 3537//1777 3542//1777
f 3539//1777 3538//1777 3542//1777
f 3540//1777 3539//1777 3542//1777
f 3540//1777 3542//1777 3541//1777
f 3444//1777 3266//1777 3267//1777
f 3543//1777 3444//1777 3267//1777
f 3543//1777 3267//1777 3269//1777
f 3544//1777 3543//1777 3269//1777
f 3544//1777 3269//1777 3271//1777
f 3544//1777 3271//1777 3274//1777
f 3545//1777 3544//1777 3274//1777
f 3545//1777 3274//1777 3276//1777
f 3546//1777 3545//1777 3276//1777
f 3546//1777 3276//1777 3278//1777
f 3547//1777 3546//1777 3278//1777
f 3547//1777 3278//1777 3281//1777
f 3547//1777 3281//1777 3283//1777
f 3548//1777 3547//1777 3283//1777
f 3549//1777 3548//1777 3283//1777
f 3549//1777 3283//1777 3285//1777
f 3549//1777 3285//1777 3288//1777
f 3549//1777 3288//1777 3292//1777
f 3550//1777 3549//1777 3292//1777
f 3550//1777 3292//1777 3293//1777
f 3551//1777 3550//1777 3293//1777
f 3552//1777 3551//1777 3293//1777
f 3552//1777 3293//1777 3294//1777
f 3448//1777 3552//1777 3294//1777
f 3448//1777 3294//1777 3254//1777
f 3255//1777 3448//1777 3254//1777
f 3549//1777 3550//1777 3553//1777
f 3548//1777 3549//1777 3553//1777
f 3548//1777 3553//1777 3554//1777
f 3547//1777 3548//1777 3554//1777
f 3547//1777 3554//1777 3555//1777
f 3546//1777 3547//1777 3555//1777
f 3546//1777 3555//1777 3556//1777
f 3545//1777 3546//1777 3556//1777
f 3545//1777 3556//1777 3557//1777
f 3544//1777 3545//1777 3557//1777
f 3543//1777 3544//1777 3557//1777
f 3543//1777 3557//1777 3558//1777
f 3444//1777 3543//1777 3558//1777
f 3444//1777 3558//1777 3559//1777
f 3443//1777 3444//1777 3559//1777
f 3443//1777 3559//1777 3560//1777
f 3447//1777 3443//1777 3560//1777
f 3447//1777 3560//1777 3561//1777
f 3448//1777 3447//1777 3561//1777
f 3448//1777 3561//1777 3552//1777
f 3562//1777 3564//1777 3563//1777
f 3565//1777 3562//1777 3563//1777
f 3333//1777 3565//1777 3563//1777
f 3336//1777 3333//1777 3563//1777
f 3301//1777 3336//1777 3563//1777
f 3301//1777 3563//1777 3564//1777
f 3300//1777 3301//1777 3564//1777
f 3300//1777 3564//1777 3562//1777
f 3327//1777 3300//1777 3562//1777
f 3327//1777 3562//1777 3565//1777
f 3329//1777 3327//1777 3565//1777
f 3329//1777 3565//1777 3333//1777
f 3566//1777 3553//1777 3550//1777
f 3567//1777 3566//1777 3550//1777
f 3567//1777 3550//1777 3551//1777
f 3568//1777 3567//1777 3551//1777
f 3569//1777 3568//1777 3551//1777
f 3569//1777 3551//1777 3552//1777
f 3570//1777 3569//1777 3552//1777
f 3570//1777 3552//1777 3561//1777
f 3571//1777 3570//1777 3561//1777
f 3571//1777 3561//1777 3560//1777
f 3572//1777 3571//1777 3560//1777
f 3572//1777 3560//1777 3559//1777
f 3573//1777 3572//1777 3559//1777
f 3573//1777 3559//1777 3558//1777
f 3574//1777 3573//1777 3558//1777
f 3574//1777 3558//1777 3557//1777
f 3574//1777 3557//1777 3556//1777
f 3575//1777 3574//1777 3556//1777
f 3575//1777 3556//1777 3555//1777
f 3576//1777 3575//1777 3555//1777
f 3576//1777 3555//1777 3554//1777
f 3577//1777 3576//1777 3554//1777
f 3577//1777 3554//1777 3553//1777
f 3577//1777 3553//1777 3566//1777
f 3578//1777 3577//1777 3566//1777
f 3579//1777 3578//1777 3566//1777
f 3579//1777 3566//1777 3567//1777
f 3580//1777 3579//1777 3567//1777
f 3580//1777 3567//1777 3568//1777
f 3581//1777 3580//1777 3568//1777
f 3582//1777 3581//1777 3568//1777
f 3582//1777 3568//1777 3569//1777
f 3583//1777 3582//1777 3569//1777
f 3583//1777 3569//1777 3570//1777
f 3584//1777 3583//1777 3570//1777
f 3584//1777 3570//1777 3571//1777
f 3585//1777 3584//1777 3571//1777
f 3585//1777 3571//1777 3572//1777
f 3586//1777 3585//1777 3572//1777
f 3586//1777 3572//1777 3573//1777
f 3587//1777 3586//1777 3573//1777
f 3587//1777 3573//1777 3574//1777
f 3587//1777 3574//1777 3575//1777
f 3588//1777 3587//1777 3575//1777
f 3588//1777 3575//1777 3576//1777
f 3589//1777 3588//1777 3576//1777
f 3589//1777 3576//1777 3577//1777
f 3589//1777 3577//1777 3578//1777
f 3590//1777 3589//1777 3578//1777
f 3591//1777 3590//1777 3578//1777
f 3591//1777 3578//1777 3579//1777
f 3592//1777 3591//1777 3579//1777
f 3592//1777 3579//1777 3580//1777
f 3593//1777 3592//1777 3580//1777
f 3593//1777 3580//1777 3581//1777
f 3594//1777 3593//1777 3581//1777
f 3595//1777 3594//1777 3581//1777
f 3595//1777 3581//1777 3582//1777
f 3596//1777 3595//1777 3582//1777
f 3596//1777 3582//1777 3583//1777
f 3597//1777 3596//1777 3583//1777
f 3597//1777 3583//1777 3584//1777
f 3598//1777 3597//1777 3584//1777
f 3598//1777 3584//1777 3585//1777
f 3599//1777 3598//1777 3585//1777
f 3599//1777 3585//1777 3586//1777
f 3600//1777 3599//1777 3586//1777
f 3600//1777 3586//1777 3587//1777
f 3600//1777 3587//1777 3588//1777
f 3601//1777 3600//1777 3588//1777
f 3601//1777 3588//1777 3589//1777
f 3590//1777 3601//1777 3589//1777
